PI,A_1,A_2,transmittance,cte,strength,tg,SaScore,reward
None,465,603,0.0,0.0,0.0,0.0,0.0,0.0
None,436,397,0.0,0.0,0.0,0.0,0.0,0.0
None,"116,78","722,766",0.0,0.0,0.0,0.0,0.0,0.0
None,"99,29","102,735",0.0,0.0,0.0,0.0,0.0,0.0
None,"75,306,313","670,985,64",0.0,0.0,0.0,0.0,0.0,0.0
None,"60,497","599,342",0.0,0.0,0.0,0.0,0.0,0.0
None,180,636,0.0,0.0,0.0,0.0,0.0,0.0
None,"317,451","228,215",0.0,0.0,0.0,0.0,0.0,0.0
None,313,982,0.0,0.0,0.0,0.0,0.0,0.0
None,265,515,0.0,0.0,0.0,0.0,0.0,0.0
None,317,412,0.0,0.0,0.0,0.0,0.0,0.0
None,413,15,0.0,0.0,0.0,0.0,0.0,0.0
None,531,199,0.0,0.0,0.0,0.0,0.0,0.0
None,456,787,0.0,0.0,0.0,0.0,0.0,0.0
C=C(C)c1ccc(N2C(=O)c3ccc(-c4c5c(=O)oc(=O)c5cc5c(=O)n(C)c(=O)c45)cc3C2=O)cc1F,173,952,0.43,5.9,169.12,353.69,3.08,0.0029
None,"129,289","304,966",0.0,0.0,0.0,0.0,0.0,0.0
None,139,440,0.0,0.0,0.0,0.0,0.0,0.0
CC(=O)c1ccc(N2C(=O)c3ccc(C4(c5ccc6c(c5)C(=O)N(C)C6=O)CCc5ccccc54)cc3C2=O)cc1,202,864,25.39,31.8,150.36,335.33,3.28,0.1483
None,512,645,0.0,0.0,0.0,0.0,0.0,0.0
None,"38,359","603,559",0.0,0.0,0.0,0.0,0.0,0.0
None,"99,98","203,138",0.0,0.0,0.0,0.0,0.0,0.0
None,398,761,0.0,0.0,0.0,0.0,0.0,0.0
None,93,154,0.0,0.0,0.0,0.0,0.0,0.0
None,"117,419","218,407",0.0,0.0,0.0,0.0,0.0,0.0
None,402,518,0.0,0.0,0.0,0.0,0.0,0.0
None,480,17,0.0,0.0,0.0,0.0,0.0,0.0
None,"169,107,76","706,365,149",0.0,0.0,0.0,0.0,0.0,0.0
None,322,866,0.0,0.0,0.0,0.0,0.0,0.0
None,451,112,0.0,0.0,0.0,0.0,0.0,0.0
None,438,179,0.0,0.0,0.0,0.0,0.0,0.0
None,"238,34,573","612,764,538",0.0,0.0,0.0,0.0,0.0,0.0
None,"152,56","464,796",0.0,0.0,0.0,0.0,0.0,0.0
None,466,353,0.0,0.0,0.0,0.0,0.0,0.0
Cc1ccc(C2(OC=COCC(C)N3C(=O)C4(F)C5(F)C(=O)N(C)C(=O)C5(F)C4(F)C3=O)C3CC4CC(C3)CC2C4)cc1,"362,483,92","884,276,982",83.32,55.01,80.77,270.99,6.41,0.2949
None,469,819,0.0,0.0,0.0,0.0,0.0,0.0
None,252,530,0.0,0.0,0.0,0.0,0.0,0.0
None,"565,257","793,291",0.0,0.0,0.0,0.0,0.0,0.0
Cc1ccc(NNc2ccc(N3C(=O)C4=CCC(c5ccc6c(c5)C(=O)N(C)C6=O)C=C4C3=O)cc2)cc1,"23,197","69,820",3.61,30.21,101.47,374.75,3.45,0.0206
Cc1cc(N2C(=O)c3cc4c(cc3C2=O)C2CCC4C3C(=O)N(C)C(=O)C23)c2c(F)cccc2c1,"216,85","690,71",77.84,40.98,113.25,390.47,4.68,0.3681
None,500,252,0.0,0.0,0.0,0.0,0.0,0.0
None,232,837,0.0,0.0,0.0,0.0,0.0,0.0
Cc1c(F)c(F)c(S(=O)(=O)c2c(F)c(F)c(N3C(=O)C4=CC=C(c5ccc6c(c5)C(=O)N(C)C6=O)CC4C3=O)c(F)c2F)c(F)c1F,508,793,82.51,33.68,85.57,306.67,4.18,0.3947
None,441,110,0.0,0.0,0.0,0.0,0.0,0.0
None,243,1002,0.0,0.0,0.0,0.0,0.0,0.0
Cc1cccc2c1CC(C)C=C2N1C(=O)C2C3C=CC(C2C1=O)C1C2C(=O)N(C)C(=O)C2C31,"458,187","970,171",81.81,37.1,85.98,432.51,5.6,0.381
None,"563,14,286","540,522,314",0.0,0.0,0.0,0.0,0.0,0.0
None,451,667,0.0,0.0,0.0,0.0,0.0,0.0
None,"19,321","125,390",0.0,0.0,0.0,0.0,0.0,0.0
None,277,759,0.0,0.0,0.0,0.0,0.0,0.0
None,180,842,0.0,0.0,0.0,0.0,0.0,0.0
None,17,558,0.0,0.0,0.0,0.0,0.0,0.0
None,324,880,0.0,0.0,0.0,0.0,0.0,0.0
None,549,259,0.0,0.0,0.0,0.0,0.0,0.0
None,533,878,0.0,0.0,0.0,0.0,0.0,0.0
None,272,296,0.0,0.0,0.0,0.0,0.0,0.0
None,90,389,0.0,0.0,0.0,0.0,0.0,0.0
None,181,511,0.0,0.0,0.0,0.0,0.0,0.0
Cc1cc2ccc(N3C(=O)C4C5CC(C6C(=O)N(C)C(=O)C56)C4C3=O)c(F)c2c(F)c1F,"54,572","267,229",78.15,20.18,102.26,413.98,4.93,0.4006
None,"121,124","568,640",0.0,0.0,0.0,0.0,0.0,0.0
None,"473,442,145","73,801,398",0.0,0.0,0.0,0.0,0.0,0.0
None,362,103,0.0,0.0,0.0,0.0,0.0,0.0
None,320,63,0.0,0.0,0.0,0.0,0.0,0.0
None,480,200,0.0,0.0,0.0,0.0,0.0,0.0
None,185,352,0.0,0.0,0.0,0.0,0.0,0.0
None,265,135,0.0,0.0,0.0,0.0,0.0,0.0
None,"349,74","262,575",0.0,0.0,0.0,0.0,0.0,0.0
None,287,656,0.0,0.0,0.0,0.0,0.0,0.0
None,405,639,0.0,0.0,0.0,0.0,0.0,0.0
None,550,143,0.0,0.0,0.0,0.0,0.0,0.0
None,387,441,0.0,0.0,0.0,0.0,0.0,0.0
None,"483,161","345,615",0.0,0.0,0.0,0.0,0.0,0.0
None,171,42,0.0,0.0,0.0,0.0,0.0,0.0
None,"51,418","898,555",0.0,0.0,0.0,0.0,0.0,0.0
None,432,945,0.0,0.0,0.0,0.0,0.0,0.0
Cc1ccc2c(c1)CCc1cc3c(cc1-2)CCc1cc(N2C(=O)C4C=CC(Cc5ccc6c(c5)C(=O)N(C)C6=O)=CC4C2=O)ccc1-3,520,540,32.75,46.08,94.33,357.41,4.04,0.1575
None,460,925,0.0,0.0,0.0,0.0,0.0,0.0
None,"557,491","904,535",0.0,0.0,0.0,0.0,0.0,0.0
None,196,791,0.0,0.0,0.0,0.0,0.0,0.0
None,372,879,0.0,0.0,0.0,0.0,0.0,0.0
None,"186,128","408,712",0.0,0.0,0.0,0.0,0.0,0.0
None,95,529,0.0,0.0,0.0,0.0,0.0,0.0
Cc1c2ccccc2cc2ccc(N3C(=O)C4(C)C5(C)C(=O)N(C)C(=O)C5(C)C4(C)C3=O)cc12,377,211,72.04,32.56,148.65,364.36,4.13,0.3863
None,487,534,0.0,0.0,0.0,0.0,0.0,0.0
Cc1ccc2c(F)c(N3C(=O)c4ccc(C5(c6ccc7c(c6)C(=O)N(C)C7=O)CCc6ccccc65)cc4C3=O)c(F)c(F)c2c1,202,233,45.4,31.94,124.9,362.46,3.69,0.2522
None,8,339,0.0,0.0,0.0,0.0,0.0,0.0
None,488,110,0.0,0.0,0.0,0.0,0.0,0.0
None,545,986,0.0,0.0,0.0,0.0,0.0,0.0
Cc1ccc2c3ccc(C)c4c(N5C(=O)C6C7C=CC(C8C(=O)N(C)C(=O)C78)C6C5=O)ccc(c5ccc(C)c1c25)c43,"119,575","600,948",77.23,18.27,104.53,476.62,4.93,0.4198
None,162,611,0.0,0.0,0.0,0.0,0.0,0.0
None,202,310,0.0,0.0,0.0,0.0,0.0,0.0
None,413,411,0.0,0.0,0.0,0.0,0.0,0.0
None,530,47,0.0,0.0,0.0,0.0,0.0,0.0
None,170,598,0.0,0.0,0.0,0.0,0.0,0.0
None,259,679,0.0,0.0,0.0,0.0,0.0,0.0
None,28,962,0.0,0.0,0.0,0.0,0.0,0.0
None,494,27,0.0,0.0,0.0,0.0,0.0,0.0
Cc1ccc(-c2ccc3ccccc3c2N2C(=O)C3C=CC=C(Oc4ccc5c(c4)C(=O)N(C)C5=O)C3C2=O)cc1,7,580,73.34,39.4,109.18,342.74,3.7,0.3823
None,"4,287","177,992",0.0,0.0,0.0,0.0,0.0,0.0
None,442,883,0.0,0.0,0.0,0.0,0.0,0.0
None,293,377,0.0,0.0,0.0,0.0,0.0,0.0
None,387,555,0.0,0.0,0.0,0.0,0.0,0.0
None,549,943,0.0,0.0,0.0,0.0,0.0,0.0
None,479,341,0.0,0.0,0.0,0.0,0.0,0.0
None,242,985,0.0,0.0,0.0,0.0,0.0,0.0
None,480,570,0.0,0.0,0.0,0.0,0.0,0.0
None,"88,476","842,785",0.0,0.0,0.0,0.0,0.0,0.0
None,203,512,0.0,0.0,0.0,0.0,0.0,0.0
Cc1ccc2c(c1)Oc1ccc(-n3c(=O)c4c5c(=O)n(C)c(=O)c5c5c6c(=O)oc(=O)c6c6c(=O)oc(=O)c6c5c4c3=O)cc1O2,"63,211,384","396,866,542",0.43,31.59,110.28,383.93,3.48,0.0025
None,210,578,0.0,0.0,0.0,0.0,0.0,0.0
None,509,466,0.0,0.0,0.0,0.0,0.0,0.0
None,78,386,0.0,0.0,0.0,0.0,0.0,0.0
None,456,727,0.0,0.0,0.0,0.0,0.0,0.0
None,"516,335,423,229","698,805,504,910",0.0,0.0,0.0,0.0,0.0,0.0
None,525,726,0.0,0.0,0.0,0.0,0.0,0.0
None,238,318,0.0,0.0,0.0,0.0,0.0,0.0
None,"192,60","453,394",0.0,0.0,0.0,0.0,0.0,0.0
None,"212,201,178","440,55,436",0.0,0.0,0.0,0.0,0.0,0.0
Cc1ccc2nc3ccc(N4C(=O)C5C(C4=O)C4C6CC(C7C8C(=O)N(C)C(=O)C8C67)C54)cc3nc2c1,411,668,77.01,23.95,107.66,480.57,5.37,0.4063
None,549,269,0.0,0.0,0.0,0.0,0.0,0.0
None,229,441,0.0,0.0,0.0,0.0,0.0,0.0
None,419,848,0.0,0.0,0.0,0.0,0.0,0.0
None,83,137,0.0,0.0,0.0,0.0,0.0,0.0
None,177,193,0.0,0.0,0.0,0.0,0.0,0.0
Cc1ccc2c(c1)Oc1cc(N3C(=O)C45CCCCC46C(=O)N(C)C(=O)C64CCCCC45C3=O)ccc1OCCOCCOCCO2,371,388,88.11,56.91,72.38,275.05,6.11,0.3057
Cc1cc2cc3cc(C)c(N4C(=O)CC5(CC6CC5C5C(=O)N(C)C(=O)C65)C4=O)cc3nc2cc1C,"145,358","904,229",78.69,41.53,100.49,415.38,5.46,0.3575
None,443,392,0.0,0.0,0.0,0.0,0.0,0.0
None,259,263,0.0,0.0,0.0,0.0,0.0,0.0
None,453,749,0.0,0.0,0.0,0.0,0.0,0.0
None,549,219,0.0,0.0,0.0,0.0,0.0,0.0
None,"410,462","415,803",0.0,0.0,0.0,0.0,0.0,0.0
None,487,929,0.0,0.0,0.0,0.0,0.0,0.0
Cc1ccc(Nc2ccc(N3C(=O)C4=CC(Oc5ccc6c(c5)C(=O)N(C)C6=O)=CCC4(C)C3=O)c(C3(C)CC3)c2)cc1,"5,193,278","510,420,356",58.15,48.4,113.1,313.88,3.79,0.2809
None,"321,75,88,413","345,675,488,328",0.0,0.0,0.0,0.0,0.0,0.0
None,200,458,0.0,0.0,0.0,0.0,0.0,0.0
None,436,983,0.0,0.0,0.0,0.0,0.0,0.0
None,"136,354","997,639",0.0,0.0,0.0,0.0,0.0,0.0
None,"365,343","22,473",0.0,0.0,0.0,0.0,0.0,0.0
None,"365,500","114,853",0.0,0.0,0.0,0.0,0.0,0.0
None,334,943,0.0,0.0,0.0,0.0,0.0,0.0
None,345,41,0.0,0.0,0.0,0.0,0.0,0.0
None,283,651,0.0,0.0,0.0,0.0,0.0,0.0
None,334,71,0.0,0.0,0.0,0.0,0.0,0.0
None,511,77,0.0,0.0,0.0,0.0,0.0,0.0
None,93,656,0.0,0.0,0.0,0.0,0.0,0.0
None,180,99,0.0,0.0,0.0,0.0,0.0,0.0
None,437,576,0.0,0.0,0.0,0.0,0.0,0.0
None,469,901,0.0,0.0,0.0,0.0,0.0,0.0
None,"326,45","0,745",0.0,0.0,0.0,0.0,0.0,0.0
None,320,790,0.0,0.0,0.0,0.0,0.0,0.0
Cc1cc(N=Nc2cccc3ccccc23)cc(N2C(=O)c3cc4ccccc4c(-c4ccc5c(c4)C(=O)N(C)C5=O)c3C2=O)c1,161,87,1.23,35.69,180.78,347.96,3.01,0.0075
None,"130,476","942,429",0.0,0.0,0.0,0.0,0.0,0.0
None,"339,325","565,790",0.0,0.0,0.0,0.0,0.0,0.0
None,"114,62,468","391,28,734",0.0,0.0,0.0,0.0,0.0,0.0
None,"51,498","772,331",0.0,0.0,0.0,0.0,0.0,0.0
None,554,774,0.0,0.0,0.0,0.0,0.0,0.0
None,396,658,0.0,0.0,0.0,0.0,0.0,0.0
Cc1cc2ccc3c(C)c(N4C(=O)C5C(C4=O)C4C6CC(C7C8CC(C67)C6C7C(=O)N(C)C(=O)C7C86)C54)c(C)c4c(C)c(C)c(c1)c2c34,409,614,83.07,33.73,92.23,474.92,6.53,0.4103
None,561,17,0.0,0.0,0.0,0.0,0.0,0.0
Cc1ccc(-c2ccc(N3C(=O)c4ccc(C5(c6ccc7c(c6)C(=O)N(C)C7=O)c6ccccc6C6CCCCC65)cc4C3=O)cc2)cc1O,"68,152","843,13",66.25,38.73,126.55,400.25,4.06,0.351
None,173,861,0.0,0.0,0.0,0.0,0.0,0.0
None,474,480,0.0,0.0,0.0,0.0,0.0,0.0
None,378,414,0.0,0.0,0.0,0.0,0.0,0.0
None,560,107,0.0,0.0,0.0,0.0,0.0,0.0
None,184,955,0.0,0.0,0.0,0.0,0.0,0.0
Cc1ccc(-c2ccc3ccc4c(N5C(=O)C6C7CC(C6C5=O)C5C6CC(C8C(=O)N(C)C(=O)C68)C75)ccc5ccc2c3c54)cc1,"222,353","447,577",80.14,25.33,105.31,464.52,5.62,0.4141
None,"238,4","366,540",0.0,0.0,0.0,0.0,0.0,0.0
None,"467,219,268","471,338,796",0.0,0.0,0.0,0.0,0.0,0.0
Cc1cc(C)c2ccc3c(N4C(=O)c5ccc(C#Cc6ccc7c(c6)C(=O)N(C)C7=O)cc5C4=O)cc(C)c4ccc1c2c43,493,599,5.02,36.1,140.59,342.01,2.98,0.0297
None,215,469,0.0,0.0,0.0,0.0,0.0,0.0
None,34,347,0.0,0.0,0.0,0.0,0.0,0.0
Cc1cccc2c1ccc1c(N3C(=O)C4C5CC(C6C(=O)N(C)C(=O)C56)C4C3=O)cccc12,572,221,75.64,39.73,120.96,436.17,4.56,0.3826
None,400,519,0.0,0.0,0.0,0.0,0.0,0.0
Cc1ccc(F)c2c(N3C(=O)c4ccc(C5CCC6C(=O)N(C)C(=O)C6C5)cc4C3=O)c(F)c(F)cc12,"24,291","699,245",79.69,48.18,92.51,368.52,3.86,0.3916
None,27,949,0.0,0.0,0.0,0.0,0.0,0.0
Cc1ccc(C2C=CC=C(N3C(=O)C4C(C)(C3=O)C3C(=O)N(C)C(=O)C34F)C2)cc1,"92,365","398,897",76.17,54.42,97.56,369.85,4.69,0.3224
Cc1ccc(-c2ccc(N3C(=O)C4=CCCC(c5ccc6c(c5)C(=O)N(C)C6=O)=C4C3=O)cc2)nc1,517,534,1.59,16.44,154.62,348.49,2.89,0.0104
None,232,166,0.0,0.0,0.0,0.0,0.0,0.0
None,"337,67","657,722",0.0,0.0,0.0,0.0,0.0,0.0
None,48,732,0.0,0.0,0.0,0.0,0.0,0.0
Cc1ccc(-c2c3ccccc3cc3c(N4C(=O)c5ccc(C6CC7CC6C6C(=O)N(C)C(=O)C76)cc5C4=O)cccc23)cc1,64,426,82.02,43.8,120.88,405.52,4.7,0.3888
None,"71,460","16,949",0.0,0.0,0.0,0.0,0.0,0.0
Cc1ccc(C2(c3ccc(N4C(=O)c5c(-c6ccc7c(c6)C(=O)OC7=O)c(-c6cc7c(c8ccccc68)C(=O)N(C)C7=O)c6ccccc6c5C4=O)cc3)C(=O)Nc3ccccc32)cc1,"214,73","794,744",9.83,32.18,100.91,393.55,4.13,0.0518
None,32,354,0.0,0.0,0.0,0.0,0.0,0.0
None,"547,118","930,675",0.0,0.0,0.0,0.0,0.0,0.0
None,245,48,0.0,0.0,0.0,0.0,0.0,0.0
None,274,584,0.0,0.0,0.0,0.0,0.0,0.0
None,21,439,0.0,0.0,0.0,0.0,0.0,0.0
None,148,402,0.0,0.0,0.0,0.0,0.0,0.0
None,45,340,0.0,0.0,0.0,0.0,0.0,0.0
None,123,173,0.0,0.0,0.0,0.0,0.0,0.0
Cc1ccc2cc3ccccc3cc2c1-c1ccc(N2C(=O)C3CCC4CC5C(=O)N(C)C(=O)C5CC4C3C2=O)cc1,86,603,80.47,47.03,106.78,400.89,4.17,0.3967
None,16,861,0.0,0.0,0.0,0.0,0.0,0.0
None,"317,238","541,894",0.0,0.0,0.0,0.0,0.0,0.0
None,490,234,0.0,0.0,0.0,0.0,0.0,0.0
Cc1ccc2ccc(-c3ccc4ccc(-c5ccc(N6C(=O)c7ccc(NC8CCC9C(=O)N(C)C(=O)C9C8)cc7C6=O)cc5)cc4c3)cc2c1,"416,24","625,597",26.72,29.8,97.42,407.47,3.83,0.1489
None,281,557,0.0,0.0,0.0,0.0,0.0,0.0
None,44,793,0.0,0.0,0.0,0.0,0.0,0.0
Cc1ccc(CC(F)(F)N2C(=O)CC(C3CC(=O)N(C)C3=O)C2=O)cc1,"331,543","963,755",80.33,56.37,108.71,286.93,3.56,0.374
Cc1cc(C)c2c(N3C(=O)C4C5C=CC(C6C(=O)N(C)C(=O)C56)C4C3=O)cc(C)cc2c1,575,182,78.89,29.38,104.39,442.21,4.88,0.3986
None,258,319,0.0,0.0,0.0,0.0,0.0,0.0
None,33,910,0.0,0.0,0.0,0.0,0.0,0.0
None,"573,123","801,344",0.0,0.0,0.0,0.0,0.0,0.0
None,176,756,0.0,0.0,0.0,0.0,0.0,0.0
None,"38,243","204,212",0.0,0.0,0.0,0.0,0.0,0.0
None,352,982,0.0,0.0,0.0,0.0,0.0,0.0
CCCC(C)(CCC)C1(c2ccc(N3C(=O)C4C=CC(Cc5ccc6c(c5)C(=O)N(C)C6=O)=CC4C3=O)cc2)CCCC1,"520,468","688,16",79.98,47.73,83.84,244.27,4.24,0.3307
None,257,610,0.0,0.0,0.0,0.0,0.0,0.0
None,288,312,0.0,0.0,0.0,0.0,0.0,0.0
C=Cc1cc(N2C(=O)c3ccc([Si](c4ccccc4)(c4ccccc4)c4ccc5c(c4)C(=O)N(C)C5=O)cc3C2=O)cc2c(C=C)cc(C)cc12,382,126,7.43,56.74,132.02,251.46,3.47,0.0347
None,480,495,0.0,0.0,0.0,0.0,0.0,0.0
Cc1ccc2c(c1)c(N1C(=O)C3=CC=C(c4ccc5c(c4)C(=O)N(C)C5=O)C(C)C3C1=O)cc1ccccc12,318,213,72.48,43.31,135.18,339.61,3.77,0.375
None,322,188,0.0,0.0,0.0,0.0,0.0,0.0
None,"277,281","557,15",0.0,0.0,0.0,0.0,0.0,0.0
C=C(CC(C)(C)c1ccc(N2C(=O)C3C4(C)C(=O)N(C)C(=O)C4(C)C3(C)C2=O)cc1)c1ccc(C)cc1,375,928,74.63,36.72,93.81,333.96,4.3,0.3563
Cc1ccc(-c2cc(N3C(=O)c4ccc(C(C5=CCC6C(=O)N(C)C(=O)C6C5)(C(F)(F)F)C(F)(F)F)cc4C3=O)ccc2C)cc1,348,769,83.55,52.55,101.93,331.36,3.92,0.3892
None,"248,7","846,751",0.0,0.0,0.0,0.0,0.0,0.0
Cc1ccc(C2C=CC(N3C(=O)C4C5(C)C(=O)N(C)C(=O)C5(C)C4(C)C3=O)=CC2)cc1,375,284,75.36,51.53,92.58,339.76,4.62,0.3172
None,462,390,0.0,0.0,0.0,0.0,0.0,0.0
None,152,106,0.0,0.0,0.0,0.0,0.0,0.0
None,278,855,0.0,0.0,0.0,0.0,0.0,0.0
None,392,601,0.0,0.0,0.0,0.0,0.0,0.0
None,478,728,0.0,0.0,0.0,0.0,0.0,0.0
None,343,866,0.0,0.0,0.0,0.0,0.0,0.0
None,354,493,0.0,0.0,0.0,0.0,0.0,0.0
None,"575,206","465,329",0.0,0.0,0.0,0.0,0.0,0.0
None,408,387,0.0,0.0,0.0,0.0,0.0,0.0
None,"505,442","947,898",0.0,0.0,0.0,0.0,0.0,0.0
None,486,529,0.0,0.0,0.0,0.0,0.0,0.0
None,"407,198","604,302",0.0,0.0,0.0,0.0,0.0,0.0
None,"510,136","926,287",0.0,0.0,0.0,0.0,0.0,0.0
Cc1cc(N2C(=O)C3C(C2=O)C2C3C3CC2C2(CC(=O)N(C)C2=O)C3)c2cccc(C)c2c1,"38,410","201,2",76.94,48.05,99.17,364.36,5.67,0.3209
None,"304,107","969,573",0.0,0.0,0.0,0.0,0.0,0.0
None,232,926,0.0,0.0,0.0,0.0,0.0,0.0
None,246,664,0.0,0.0,0.0,0.0,0.0,0.0
Cc1cc2ccccc2c2cccc(N3C(=O)C4C5(C)C(=O)N(C)C(=O)C5C4(C)C3=O)c12,"81,233,555","88,639,203",73.7,53.95,96.11,412.08,4.07,0.3552
None,306,356,0.0,0.0,0.0,0.0,0.0,0.0
None,"510,119,84","645,285,992",0.0,0.0,0.0,0.0,0.0,0.0
Cc1c(N2C(=O)C3C(C)(C2=O)C2C(=O)N(C)C(=O)C23F)c2ccccc2c2ccccc12,365,636,75.68,53.02,96.05,420.11,4.15,0.3649
None,34,221,0.0,0.0,0.0,0.0,0.0,0.0
Cc1ccc(S(=O)(=O)c2ccc(N3C(=O)C4C5CC(c6ccc7c(c6)C(=O)N(C)C7=O)C(C5)C4C3=O)cc2)cc1,64,985,73.61,50.44,89.15,357.76,4.54,0.3199
Cc1ccc(S(=O)c2ccc(N3C(=O)c4ccc(C5(C)CC(=O)N(C)C5=O)cc4C3=O)cc2)cc1,"528,364","18,838",76.73,52.4,98.18,331.35,3.56,0.3748
None,514,189,0.0,0.0,0.0,0.0,0.0,0.0
None,523,674,0.0,0.0,0.0,0.0,0.0,0.0
Cc1cc2cc(C)c(N3C(=O)C45CCCCC46C(=O)N(C)C(=O)C64CCCCC45C3=O)cc2cc1C,371,251,82.97,44.07,95.1,363.06,5.49,0.3523
C=Cc1cc(-c2ccc3c(c2)C(=O)N(c2ccc4c(c2)OCCOCCOc2ccc(C)cc2OCCOCCO4)C3=O)cc2c1C(=O)N(C)C2=O,479,395,17.75,67.76,107.39,265.65,3.73,0.074
None,"573,178","948,79",0.0,0.0,0.0,0.0,0.0,0.0
None,76,938,0.0,0.0,0.0,0.0,0.0,0.0
None,31,108,0.0,0.0,0.0,0.0,0.0,0.0
None,228,712,0.0,0.0,0.0,0.0,0.0,0.0
None,15,596,0.0,0.0,0.0,0.0,0.0,0.0
None,210,903,0.0,0.0,0.0,0.0,0.0,0.0
None,"186,253","751,911",0.0,0.0,0.0,0.0,0.0,0.0
None,"347,348","238,294",0.0,0.0,0.0,0.0,0.0,0.0
None,76,138,0.0,0.0,0.0,0.0,0.0,0.0
None,567,312,0.0,0.0,0.0,0.0,0.0,0.0
None,369,748,0.0,0.0,0.0,0.0,0.0,0.0
Cc1c(F)cc(-c2ccc(N3C(=O)c4ccc(S(=O)c5ccc6c(c5)C(=O)N(C)C6=O)cc4C3=O)cc2)cc1F,"165,403","319,190",19.58,46.84,96.81,334.46,3.34,0.1014
None,"25,160","386,292",0.0,0.0,0.0,0.0,0.0,0.0
None,237,878,0.0,0.0,0.0,0.0,0.0,0.0
None,307,381,0.0,0.0,0.0,0.0,0.0,0.0
None,"222,148","954,806",0.0,0.0,0.0,0.0,0.0,0.0
None,234,741,0.0,0.0,0.0,0.0,0.0,0.0
None,"276,70","562,596",0.0,0.0,0.0,0.0,0.0,0.0
None,11,315,0.0,0.0,0.0,0.0,0.0,0.0
Cc1cc(N2C(=O)c3ccc(-c4c(C)cc(C(C)(C)CCCCC(C)(C)C5CC(=O)N(C)C5=O)cc4C)cc3C2=O)cc2c1CCCC2,"13,321,69","116,804,187",69.24,56.24,84.67,326.62,3.83,0.3136
None,"124,330","760,75",0.0,0.0,0.0,0.0,0.0,0.0
None,"219,510,271","163,239,102",0.0,0.0,0.0,0.0,0.0,0.0
None,259,504,0.0,0.0,0.0,0.0,0.0,0.0
None,38,734,0.0,0.0,0.0,0.0,0.0,0.0
None,3,918,0.0,0.0,0.0,0.0,0.0,0.0
None,50,193,0.0,0.0,0.0,0.0,0.0,0.0
None,322,890,0.0,0.0,0.0,0.0,0.0,0.0
None,"336,522,171","450,542,810",0.0,0.0,0.0,0.0,0.0,0.0
None,392,353,0.0,0.0,0.0,0.0,0.0,0.0
None,330,77,0.0,0.0,0.0,0.0,0.0,0.0
None,146,708,0.0,0.0,0.0,0.0,0.0,0.0
None,18,322,0.0,0.0,0.0,0.0,0.0,0.0
None,166,680,0.0,0.0,0.0,0.0,0.0,0.0
None,233,853,0.0,0.0,0.0,0.0,0.0,0.0
None,458,488,0.0,0.0,0.0,0.0,0.0,0.0
None,456,781,0.0,0.0,0.0,0.0,0.0,0.0
None,"40,531","469,794",0.0,0.0,0.0,0.0,0.0,0.0
None,"113,474,206","238,137,892",0.0,0.0,0.0,0.0,0.0,0.0
None,337,431,0.0,0.0,0.0,0.0,0.0,0.0
None,490,80,0.0,0.0,0.0,0.0,0.0,0.0
None,70,280,0.0,0.0,0.0,0.0,0.0,0.0
None,267,340,0.0,0.0,0.0,0.0,0.0,0.0
None,"87,335,37","995,42,671",0.0,0.0,0.0,0.0,0.0,0.0
None,"304,371","749,672",0.0,0.0,0.0,0.0,0.0,0.0
None,36,903,0.0,0.0,0.0,0.0,0.0,0.0
None,"326,569","176,681",0.0,0.0,0.0,0.0,0.0,0.0
None,213,545,0.0,0.0,0.0,0.0,0.0,0.0
CC1CCC(N2C(=O)C3C4C=CC(C5C(=O)N(C)C(=O)C45)C3C2=O)=N1,"277,575,183","557,833,538",82.14,41.14,87.69,428.74,5.35,0.3736
None,527,108,0.0,0.0,0.0,0.0,0.0,0.0
None,"20,56","826,282",0.0,0.0,0.0,0.0,0.0,0.0
None,"284,441","120,385",0.0,0.0,0.0,0.0,0.0,0.0
None,"107,61","940,434",0.0,0.0,0.0,0.0,0.0,0.0
None,14,342,0.0,0.0,0.0,0.0,0.0,0.0
None,260,522,0.0,0.0,0.0,0.0,0.0,0.0
None,325,76,0.0,0.0,0.0,0.0,0.0,0.0
None,"111,208","344,297",0.0,0.0,0.0,0.0,0.0,0.0
None,561,354,0.0,0.0,0.0,0.0,0.0,0.0
CC1=C2C(=O)N(C)C(=O)C2=CC(Oc2ccc3c(c2)C(=O)N(c2ccc(P(=O)(c4ccccc4)c4ccccc4)c(-c4ccc(C)cc4)c2)C3=O)=CC1,126,406,86.68,40.13,104.97,321.5,3.56,0.4493
None,305,82,0.0,0.0,0.0,0.0,0.0,0.0
None,"120,515","149,878",0.0,0.0,0.0,0.0,0.0,0.0
None,"60,448","81,987",0.0,0.0,0.0,0.0,0.0,0.0
None,446,784,0.0,0.0,0.0,0.0,0.0,0.0
None,"21,515,246","213,202,759",0.0,0.0,0.0,0.0,0.0,0.0
None,253,161,0.0,0.0,0.0,0.0,0.0,0.0
None,436,383,0.0,0.0,0.0,0.0,0.0,0.0
None,"26,71","759,776",0.0,0.0,0.0,0.0,0.0,0.0
None,210,716,0.0,0.0,0.0,0.0,0.0,0.0
None,498,0,0.0,0.0,0.0,0.0,0.0,0.0
None,192,56,0.0,0.0,0.0,0.0,0.0,0.0
None,538,135,0.0,0.0,0.0,0.0,0.0,0.0
None,446,298,0.0,0.0,0.0,0.0,0.0,0.0
Cc1ccc(S(=O)(=O)c2ccc(N3C(=O)c4ccc(C(C)(C)CCCCCCCCC(C)(C)c5c#ccc6c5C(=O)N(C)C6=O)cc4C3=O)c(Cl)c2)cc1Cl,"63,159","822,388",72.95,57.37,83.66,227.41,3.83,0.299
None,549,872,0.0,0.0,0.0,0.0,0.0,0.0
None,361,684,0.0,0.0,0.0,0.0,0.0,0.0
None,6,489,0.0,0.0,0.0,0.0,0.0,0.0
None,"132,481","524,912",0.0,0.0,0.0,0.0,0.0,0.0
None,"311,14,560","502,879,224",0.0,0.0,0.0,0.0,0.0,0.0
None,"510,11","554,876",0.0,0.0,0.0,0.0,0.0,0.0
None,209,142,0.0,0.0,0.0,0.0,0.0,0.0
None,0,306,0.0,0.0,0.0,0.0,0.0,0.0
None,115,138,0.0,0.0,0.0,0.0,0.0,0.0
CC1=CC2(C)C3C(=O)N(C)C(=O)C3C1C1C(=O)N(C3C=CC(c4ccc(C)cc4)CC3)C(=O)C12,376,280,82.13,52.78,83.68,378.35,5.48,0.3316
None,430,284,0.0,0.0,0.0,0.0,0.0,0.0
None,"236,295","823,611",0.0,0.0,0.0,0.0,0.0,0.0
Cc1ccc2ccc(N3C(=O)c4ccc(S(=O)(=O)c5ccc6c(c5)C(=O)N(C)C6=O)cc4C3=O)cc2c1C,"112,562,494,153","566,96,846,172",70.58,43.52,105.03,341.22,2.64,0.4087
None,389,374,0.0,0.0,0.0,0.0,0.0,0.0
None,272,209,0.0,0.0,0.0,0.0,0.0,0.0
None,"44,89","17,251",0.0,0.0,0.0,0.0,0.0,0.0
None,308,488,0.0,0.0,0.0,0.0,0.0,0.0
None,309,625,0.0,0.0,0.0,0.0,0.0,0.0
CC1CCC(N2C(=O)c3ccc([Si](C)(C)O[Si](C)(C)c4ccc5c(c4)C(=O)N(C)C5=O)cc3C2=O)=N1,499,538,69.06,56.25,94.12,273.46,3.95,0.2955
None,195,981,0.0,0.0,0.0,0.0,0.0,0.0
None,391,356,0.0,0.0,0.0,0.0,0.0,0.0
Cc1cccc2c1ccc1c(N3C(=O)C4CC5CC6C(=O)N(C)C(=O)C6CC5C4C3=O)cccc12,"211,351","965,221",79.66,52.78,109.4,411.76,4.08,0.3905
None,466,662,0.0,0.0,0.0,0.0,0.0,0.0
None,"256,72,118","186,62,982",0.0,0.0,0.0,0.0,0.0,0.0
Cc1cc2cccc(C)c2cc1N1C(=O)c2ccc(C(=O)C3C=C4C(=O)N(C)C(=O)C4=CC3)cc2C1=O,"19,23","149,412",46.73,44.51,97.68,329.54,3.6,0.2358
CC1=CC=C(Oc2ccc(N3C(=O)C4C(C3=O)C3C5C=CC(C6C(=O)N(C)C(=O)C56)C43)cc2)C=CC1,458,353,79.73,33.4,85.47,380.74,5.55,0.362
None,"233,321,6,107,552","235,381,8,11,296",0.0,0.0,0.0,0.0,0.0,0.0
Cc1cc2ccc3c4c(ccc(c1)c24)=CC(C)(N1C(=O)c2ccc([Si](C)(C)O[Si](C)(C)c4ccc5c(c4)C(=O)N(C)C5=O)cc2C1=O)C3,499,547,79.82,44.91,130.3,329.18,4.23,0.3802
None,101,999,0.0,0.0,0.0,0.0,0.0,0.0
None,"358,456","344,432",0.0,0.0,0.0,0.0,0.0,0.0
Cc1cc2c(cc1Br)-c1ccc(N3C(=O)C4OC5C(=O)N(C)C(=O)C5C4C3=O)cc1C2,"471,15,499","460,70,521",75.93,26.46,99.12,399.92,4.06,0.416
None,448,648,0.0,0.0,0.0,0.0,0.0,0.0
None,90,603,0.0,0.0,0.0,0.0,0.0,0.0
None,154,475,0.0,0.0,0.0,0.0,0.0,0.0
None,532,428,0.0,0.0,0.0,0.0,0.0,0.0
None,171,644,0.0,0.0,0.0,0.0,0.0,0.0
None,183,707,0.0,0.0,0.0,0.0,0.0,0.0
Cc1ccc2c(c1)Cc1cc(N3C(=O)c4cc5c(cc4C3=O)C3C=CC5C4C(=O)N(C)C(=O)C34)ccc1-2,217,528,76.54,28.25,95.96,424.44,4.76,0.3866
None,493,142,0.0,0.0,0.0,0.0,0.0,0.0
None,"339,298","248,924",0.0,0.0,0.0,0.0,0.0,0.0
C=C(c1cccc(-n2c(=O)c3c4ccccccc5c6c(=O)n(C)c(=O)c6c6ccccccc(c3c2=O)c6c54)c1)c1ccccc1C,"350,237","176,524",0.6,40.15,231.21,352.25,3.37,0.0036
Cc1ccc2c(c1)Cc1cc(N3C(=O)C4(F)C5(F)C(=O)N(C)C(=O)C5(F)C4(F)C3=O)c(Br)cc1-2,362,521,76.7,45.13,102.5,311.59,4.68,0.3268
None,"158,360","568,310",0.0,0.0,0.0,0.0,0.0,0.0
None,73,297,0.0,0.0,0.0,0.0,0.0,0.0
None,420,364,0.0,0.0,0.0,0.0,0.0,0.0
Cc1cccc2ccc3cc(N4C(=O)C56CCCCC57C(=O)N(C)C(=O)C75CCCCC56C4=O)ccc3c12,371,215,82.3,43.03,111.04,361.94,5.43,0.3572
None,59,796,0.0,0.0,0.0,0.0,0.0,0.0
None,77,295,0.0,0.0,0.0,0.0,0.0,0.0
None,544,30,0.0,0.0,0.0,0.0,0.0,0.0
Cc1ccc2c(F)c(N3C(=O)c4ccc(OC5=CC=C6C(=O)N(C)C(=O)C6(C)C5)cc4C3=O)c(F)cc2c1,"9,285","789,232",73.28,53.44,112.15,297.29,3.83,0.3376
None,"238,395","468,831",0.0,0.0,0.0,0.0,0.0,0.0
None,392,583,0.0,0.0,0.0,0.0,0.0,0.0
None,183,286,0.0,0.0,0.0,0.0,0.0,0.0
None,273,601,0.0,0.0,0.0,0.0,0.0,0.0
None,260,978,0.0,0.0,0.0,0.0,0.0,0.0
None,524,642,0.0,0.0,0.0,0.0,0.0,0.0
Cc1c(C)c(C)c2c(N3C(=O)C4C5C=CC(C6C(=O)N(C)C(=O)C56)C4C3=O)cccc2c1F,"575,204","741,113",80.42,24.12,99.14,457.65,4.96,0.4157
None,"347,8","466,670",0.0,0.0,0.0,0.0,0.0,0.0
None,39,284,0.0,0.0,0.0,0.0,0.0,0.0
Cc1c(F)cc(C(c2ccc(N3C(=O)c4cc5c(cc4C3=O)CC3C(=O)N(C)C(=O)C3C5)cc2)[Si](C)(C)C)cc1F,"245,556","930,319",73.25,60.52,90.93,325.08,4.12,0.3114
None,273,934,0.0,0.0,0.0,0.0,0.0,0.0
None,242,592,0.0,0.0,0.0,0.0,0.0,0.0
None,552,310,0.0,0.0,0.0,0.0,0.0,0.0
None,"32,481","222,946",0.0,0.0,0.0,0.0,0.0,0.0
None,174,1002,0.0,0.0,0.0,0.0,0.0,0.0
None,180,886,0.0,0.0,0.0,0.0,0.0,0.0
None,"145,139","188,636",0.0,0.0,0.0,0.0,0.0,0.0
None,90,505,0.0,0.0,0.0,0.0,0.0,0.0
Cc1ccc(CC2=CC=C(N3C(=O)c4ccc(C5(c6ccc7c(c6)C(=O)N(C)C7=O)CCc6ccccc65)cc4C3=O)C2C)cc1,202,915,75.76,58.67,89.74,320.35,4.05,0.3272
None,"286,400","460,845",0.0,0.0,0.0,0.0,0.0,0.0
None,489,945,0.0,0.0,0.0,0.0,0.0,0.0
None,106,737,0.0,0.0,0.0,0.0,0.0,0.0
Cc1cc(C)c2ccccc2c1N1C(=O)c2ccc(C3C=CC(OC4=CC5C(=O)N(C)C(=O)C5C=C4)=CC3)cc2C1=O,116,630,84.2,42.23,87.5,351.4,4.36,0.3905
None,475,232,0.0,0.0,0.0,0.0,0.0,0.0
None,"35,340","5,966",0.0,0.0,0.0,0.0,0.0,0.0
None,41,444,0.0,0.0,0.0,0.0,0.0,0.0
None,65,632,0.0,0.0,0.0,0.0,0.0,0.0
None,199,736,0.0,0.0,0.0,0.0,0.0,0.0
None,483,104,0.0,0.0,0.0,0.0,0.0,0.0
None,261,482,0.0,0.0,0.0,0.0,0.0,0.0
None,300,487,0.0,0.0,0.0,0.0,0.0,0.0
None,241,726,0.0,0.0,0.0,0.0,0.0,0.0
None,556,271,0.0,0.0,0.0,0.0,0.0,0.0
None,"58,95","304,378",0.0,0.0,0.0,0.0,0.0,0.0
Cc1ccc(C2(c3ccc(N4C(=O)C5C6CC(C5C4=O)C4(CCC5(CC7CC5C5C(=O)N(C)C(=O)C75)C4=O)C6)cc3)C(=O)Nc3ccccc32)cc1,"92,473","794,228",83.26,34.24,92.09,435.05,6.94,0.3969
None,462,454,0.0,0.0,0.0,0.0,0.0,0.0
None,272,982,0.0,0.0,0.0,0.0,0.0,0.0
None,234,415,0.0,0.0,0.0,0.0,0.0,0.0
Cc1ccccc1N1C(=O)c2ccc(C(=O)C3=CCC4(C)C(=O)N(C)C(=O)C4=C3)cc2C1=O,295,984,64.57,41.22,152.03,330.75,3.48,0.3526
None,513,92,0.0,0.0,0.0,0.0,0.0,0.0
None,"325,197","952,877",0.0,0.0,0.0,0.0,0.0,0.0
None,335,155,0.0,0.0,0.0,0.0,0.0,0.0
None,"202,146","947,322",0.0,0.0,0.0,0.0,0.0,0.0
None,44,734,0.0,0.0,0.0,0.0,0.0,0.0
None,271,932,0.0,0.0,0.0,0.0,0.0,0.0
None,"406,434","802,24",0.0,0.0,0.0,0.0,0.0,0.0
None,163,691,0.0,0.0,0.0,0.0,0.0,0.0
None,434,447,0.0,0.0,0.0,0.0,0.0,0.0
None,271,655,0.0,0.0,0.0,0.0,0.0,0.0
None,534,648,0.0,0.0,0.0,0.0,0.0,0.0
None,402,199,0.0,0.0,0.0,0.0,0.0,0.0
None,291,384,0.0,0.0,0.0,0.0,0.0,0.0
None,202,444,0.0,0.0,0.0,0.0,0.0,0.0
None,"101,134,192","803,114,864",0.0,0.0,0.0,0.0,0.0,0.0
None,"316,151","482,920",0.0,0.0,0.0,0.0,0.0,0.0
None,138,509,0.0,0.0,0.0,0.0,0.0,0.0
None,"331,505,246","69,945,126",0.0,0.0,0.0,0.0,0.0,0.0
None,537,340,0.0,0.0,0.0,0.0,0.0,0.0
None,44,540,0.0,0.0,0.0,0.0,0.0,0.0
Cc1ccccc1N=Nc1ccccc1N1C(=O)C2=CCC(c3ccc4c(c3)C(=O)N(C)C4=O)C=C2C1=O,23,6,59.31,47.62,101.22,340.21,3.69,0.2946
CC1=CCC=C(Oc2ccc(N3C(=O)C4=CC=CC(c5ccc6c(c5)C(=O)N(C)C6=O)C4C3=O)cc2)C=C1,522,343,80.35,56.55,96.61,320.73,4.07,0.3529
None,208,65,0.0,0.0,0.0,0.0,0.0,0.0
None,159,859,0.0,0.0,0.0,0.0,0.0,0.0
CC1=Cc2cc(N3C(=O)C4C5C=CC(C6C(=O)N(C)C(=O)C56)C4C3=O)ccc2CC1,"201,575","206,790",78.2,26.14,104.67,410.14,4.97,0.3868
Cc1ccc2c(c1)[nH]c(=O)c1cc(N3C(=O)C4=CCCC(c5ccc6c(c5)C(=O)N(C)C6=O)=C4C3=O)ccc12,517,499,0.7,13.07,155.0,357.04,3.06,0.0046
None,231,546,0.0,0.0,0.0,0.0,0.0,0.0
None,"437,175","374,345",0.0,0.0,0.0,0.0,0.0,0.0
None,570,341,0.0,0.0,0.0,0.0,0.0,0.0
None,"80,438","1000,118",0.0,0.0,0.0,0.0,0.0,0.0
Cc1ccc(NC(=S)N2C(=O)C3C(C2=O)C2C4CC(C5C6C(=O)N(C)C(=O)C6C45)C32)cc1,"563,411","852,911",75.63,26.0,96.64,438.76,5.42,0.3788
None,104,443,0.0,0.0,0.0,0.0,0.0,0.0
None,296,798,0.0,0.0,0.0,0.0,0.0,0.0
None,477,812,0.0,0.0,0.0,0.0,0.0,0.0
None,402,780,0.0,0.0,0.0,0.0,0.0,0.0
None,183,746,0.0,0.0,0.0,0.0,0.0,0.0
Cc1ccc(-c2cccc3cccc(N4C(=O)c5ccc(OC6=CCC7C(=O)N(C)C(=O)C7=C6)cc5C4=O)c23)cc1,22,90,34.24,50.0,96.25,324.68,3.46,0.1704
Cc1ccc2cc3c(F)c(N4C(=O)C5(F)C6C(=O)N(C)C(=O)C6C5(F)C4=O)cc(F)c3cc2c1,"331,373","998,617",76.06,14.74,116.42,367.59,4.45,0.4154
None,"88,241","228,990",0.0,0.0,0.0,0.0,0.0,0.0
None,112,335,0.0,0.0,0.0,0.0,0.0,0.0
None,223,360,0.0,0.0,0.0,0.0,0.0,0.0
None,65,649,0.0,0.0,0.0,0.0,0.0,0.0
None,530,448,0.0,0.0,0.0,0.0,0.0,0.0
None,381,547,0.0,0.0,0.0,0.0,0.0,0.0
None,50,159,0.0,0.0,0.0,0.0,0.0,0.0
Cc1ccc(N2C(=O)c3ccc(C#CCCCCC#Cc4ccc5c(c4)C(=O)N(C)C5=O)cc3C2=O)c2ccccc12,218,261,1.37,57.1,131.78,227.83,2.94,0.0067
None,"565,379","625,162",0.0,0.0,0.0,0.0,0.0,0.0
None,117,371,0.0,0.0,0.0,0.0,0.0,0.0
None,"105,206","832,235",0.0,0.0,0.0,0.0,0.0,0.0
None,66,88,0.0,0.0,0.0,0.0,0.0,0.0
None,"458,325","92,892",0.0,0.0,0.0,0.0,0.0,0.0
None,389,265,0.0,0.0,0.0,0.0,0.0,0.0
None,399,120,0.0,0.0,0.0,0.0,0.0,0.0
C=Cc1ccc2c(c1)C(c1ccc3c(c1)C(=O)N(C)C3=O)(c1ccc3c(c1)C(=O)N(c1ccc4c(ccc5cc(C)ccc54)c1)C3=O)c1cc(C=C)ccc1-2,"150,117","410,977",1.21,54.74,130.65,369.36,3.39,0.0063
None,184,811,0.0,0.0,0.0,0.0,0.0,0.0
None,"449,468","954,789",0.0,0.0,0.0,0.0,0.0,0.0
None,45,270,0.0,0.0,0.0,0.0,0.0,0.0
None,177,143,0.0,0.0,0.0,0.0,0.0,0.0
None,309,359,0.0,0.0,0.0,0.0,0.0,0.0
None,"92,415","960,614",0.0,0.0,0.0,0.0,0.0,0.0
None,429,325,0.0,0.0,0.0,0.0,0.0,0.0
None,"440,264","51,477",0.0,0.0,0.0,0.0,0.0,0.0
None,"127,487","384,657",0.0,0.0,0.0,0.0,0.0,0.0
None,308,323,0.0,0.0,0.0,0.0,0.0,0.0
None,"219,565,225","992,627,459",0.0,0.0,0.0,0.0,0.0,0.0
Cc1cc2ccccc2c2cc(N3C(=O)c4ccc(-c5c6ccccc6cc6cc7c(cc56)C(=O)N(C)C7=O)cc4C3=O)ccc12,74,194,0.26,32.45,183.31,376.69,2.84,0.0017
None,54,255,0.0,0.0,0.0,0.0,0.0,0.0
None,525,619,0.0,0.0,0.0,0.0,0.0,0.0
None,369,649,0.0,0.0,0.0,0.0,0.0,0.0
None,490,879,0.0,0.0,0.0,0.0,0.0,0.0
None,553,140,0.0,0.0,0.0,0.0,0.0,0.0
None,527,716,0.0,0.0,0.0,0.0,0.0,0.0
None,33,233,0.0,0.0,0.0,0.0,0.0,0.0
None,30,853,0.0,0.0,0.0,0.0,0.0,0.0
None,80,329,0.0,0.0,0.0,0.0,0.0,0.0
Cc1ccc(-c2ccc3ccc4ccc(N5C(=O)C6C7CCC(C8C(=O)N(C)C(=O)C78)C6C5=O)c5ccc2c3c45)cc1,"483,496","445,523",81.5,16.1,117.52,420.79,4.78,0.4421
None,425,338,0.0,0.0,0.0,0.0,0.0,0.0
None,420,209,0.0,0.0,0.0,0.0,0.0,0.0
None,56,488,0.0,0.0,0.0,0.0,0.0,0.0
Cc1ccc2c(c1)CCc1cc(N3C(=O)c4ccc(C5(C6=CC7C(=O)N(C)C(=O)C7C=C6)c6ccccc6-c6ccccc65)cc4C3=O)ccc1CC2,47,919,52.31,38.43,97.69,387.21,4.11,0.2662
Cc1ccc(F)cc1N1C(=O)c2ccc([Si](C)(C)c3ccc4c(c3)C(=O)N(C)C4=O)cc2C1=O,571,7,72.09,17.33,128.09,310.83,2.81,0.4553
None,540,302,0.0,0.0,0.0,0.0,0.0,0.0
None,319,219,0.0,0.0,0.0,0.0,0.0,0.0
None,66,276,0.0,0.0,0.0,0.0,0.0,0.0
None,"304,503","18,50",0.0,0.0,0.0,0.0,0.0,0.0
None,"368,378","992,31",0.0,0.0,0.0,0.0,0.0,0.0
None,280,51,0.0,0.0,0.0,0.0,0.0,0.0
None,529,538,0.0,0.0,0.0,0.0,0.0,0.0
None,228,552,0.0,0.0,0.0,0.0,0.0,0.0
Cc1c#ccc2c(N3C(=O)C4C5CC(C6C(=O)N(C)C(=O)C56)C4C3=O)cccc12,572,191,76.09,32.33,121.47,444.68,5.45,0.3794
None,422,828,0.0,0.0,0.0,0.0,0.0,0.0
None,298,298,0.0,0.0,0.0,0.0,0.0,0.0
None,70,995,0.0,0.0,0.0,0.0,0.0,0.0
None,"326,286,322","667,811,164",0.0,0.0,0.0,0.0,0.0,0.0
None,392,988,0.0,0.0,0.0,0.0,0.0,0.0
None,"302,114,494","510,96,875",0.0,0.0,0.0,0.0,0.0,0.0
None,40,75,0.0,0.0,0.0,0.0,0.0,0.0
None,501,287,0.0,0.0,0.0,0.0,0.0,0.0
None,"324,422","477,980",0.0,0.0,0.0,0.0,0.0,0.0
None,"151,216","738,510",0.0,0.0,0.0,0.0,0.0,0.0
None,448,574,0.0,0.0,0.0,0.0,0.0,0.0
None,260,948,0.0,0.0,0.0,0.0,0.0,0.0
None,36,827,0.0,0.0,0.0,0.0,0.0,0.0
None,490,591,0.0,0.0,0.0,0.0,0.0,0.0
None,"60,257","573,375",0.0,0.0,0.0,0.0,0.0,0.0
None,379,25,0.0,0.0,0.0,0.0,0.0,0.0
None,532,403,0.0,0.0,0.0,0.0,0.0,0.0
None,400,439,0.0,0.0,0.0,0.0,0.0,0.0
None,530,571,0.0,0.0,0.0,0.0,0.0,0.0
None,322,516,0.0,0.0,0.0,0.0,0.0,0.0
None,511,258,0.0,0.0,0.0,0.0,0.0,0.0
None,141,695,0.0,0.0,0.0,0.0,0.0,0.0
None,400,711,0.0,0.0,0.0,0.0,0.0,0.0
Cc1ccc2c(c1)C1(c3ccccc3Oc3ccccc31)c1cc(-n3c(=O)c4cc(C)c5c(c(-c6ccc7c(c6)C(=O)OC7=O)cc6c(=O)n(C)c(=O)c65)c4c3=O)ccc1-2,"182,7","450,442",5.22,32.22,101.21,378.1,4.11,0.0273
None,"57,83,381","183,512,280",0.0,0.0,0.0,0.0,0.0,0.0
None,"127,326","221,817",0.0,0.0,0.0,0.0,0.0,0.0
None,247,605,0.0,0.0,0.0,0.0,0.0,0.0
None,"416,334","729,200",0.0,0.0,0.0,0.0,0.0,0.0
None,278,342,0.0,0.0,0.0,0.0,0.0,0.0
None,476,939,0.0,0.0,0.0,0.0,0.0,0.0
None,263,963,0.0,0.0,0.0,0.0,0.0,0.0
None,489,237,0.0,0.0,0.0,0.0,0.0,0.0
None,"80,111","450,337",0.0,0.0,0.0,0.0,0.0,0.0
None,"109,80","740,390",0.0,0.0,0.0,0.0,0.0,0.0
None,444,388,0.0,0.0,0.0,0.0,0.0,0.0
None,513,466,0.0,0.0,0.0,0.0,0.0,0.0
Cc1cc(N2C(=O)C3C=CC=C(Oc4ccc5c(c4)C(=O)N(C)C5=O)C3C2=O)cc2ccccc12,"7,435,527","13,987,257",79.07,43.81,110.45,310.63,3.64,0.3969
None,"474,259","225,842",0.0,0.0,0.0,0.0,0.0,0.0
Cc1ccc2c(c1)OCCOCCOCCOc1cc(N3C(=O)c4ccc(-c5ccc6c(c5)C(=O)N(C)C6=O)c(F)c4C3=O)ccc1OCCO2,344,390,51.83,62.29,101.02,282.6,3.62,0.2289
None,142,488,0.0,0.0,0.0,0.0,0.0,0.0
None,499,44,0.0,0.0,0.0,0.0,0.0,0.0
None,542,821,0.0,0.0,0.0,0.0,0.0,0.0
None,448,162,0.0,0.0,0.0,0.0,0.0,0.0
None,183,452,0.0,0.0,0.0,0.0,0.0,0.0
Cc1ccc2c(c1)C(F)(F)C(F)(F)c1cc(N3C(=O)C4(F)C5(F)C(=O)N(C)C(=O)C5(F)C4(F)C3=O)ccc1-2,362,620,80.06,23.11,114.73,300.22,4.85,0.3769
None,"60,447","183,426",0.0,0.0,0.0,0.0,0.0,0.0
None,73,240,0.0,0.0,0.0,0.0,0.0,0.0
CCc1cc2c(cc1-c1ccc(C)cc1)C(F)C(F)c1cc(N3C(=O)c4ccc(C(C5=CCC6C(=O)N(C)C(=O)C6C5)(C(F)(F)F)C(F)(F)F)cc4C3=O)ccc1-2,"348,131","627,43",84.34,59.49,93.33,312.66,4.86,0.3158
Cc1cccc2ccc3c(N4C(=O)C5=CC(C(=O)c6ccc7c(c6)C(=O)N(C)C7=O)=CCC5C4=O)cccc3c12,"172,120,78","543,346,209",11.9,38.58,103.19,344.71,3.54,0.0633
None,241,7,0.0,0.0,0.0,0.0,0.0,0.0
Cc1ccc(-c2cc(C)cc(N3C(=O)C4C5C=CC(C4C3=O)C3C4C(=O)N(C)C(=O)C4C53)c2)cc1,458,407,77.97,21.04,103.83,421.79,5.01,0.3974
None,400,937,0.0,0.0,0.0,0.0,0.0,0.0
None,"99,7","924,884",0.0,0.0,0.0,0.0,0.0,0.0
Cc1cc2cccc(N3C(=O)C45CCCCC46C(=O)N(C)C(=O)C64CCCCC45C3=O)c2cc1C,"276,371","791,219",83.35,45.84,101.49,368.59,5.46,0.3545
Cc1cc2cc(N3C(=O)C4C5CC(C6C(=O)N(C)C(=O)C56)C4C3=O)cc3ccc4cccc1c4c32,"572,479","72,561",75.92,27.68,120.67,438.68,4.76,0.3974
None,"403,530,497","483,1000,480",0.0,0.0,0.0,0.0,0.0,0.0
None,266,991,0.0,0.0,0.0,0.0,0.0,0.0
None,"30,57","179,750",0.0,0.0,0.0,0.0,0.0,0.0
None,274,568,0.0,0.0,0.0,0.0,0.0,0.0
None,"142,80,63","1003,505,862",0.0,0.0,0.0,0.0,0.0,0.0
Cc1ccc(NNc2ccc(N3C(=O)C4C5(C)C(=O)N(C)C(=O)C5C4(F)C3=O)cc2)cc1,365,820,46.49,19.91,96.06,429.94,4.09,0.2663
None,"297,257","15,791",0.0,0.0,0.0,0.0,0.0,0.0
None,67,688,0.0,0.0,0.0,0.0,0.0,0.0
None,442,371,0.0,0.0,0.0,0.0,0.0,0.0
None,146,295,0.0,0.0,0.0,0.0,0.0,0.0
None,"142,361","764,346",0.0,0.0,0.0,0.0,0.0,0.0
None,495,529,0.0,0.0,0.0,0.0,0.0,0.0
None,147,675,0.0,0.0,0.0,0.0,0.0,0.0
None,106,171,0.0,0.0,0.0,0.0,0.0,0.0
None,178,619,0.0,0.0,0.0,0.0,0.0,0.0
None,548,893,0.0,0.0,0.0,0.0,0.0,0.0
None,451,149,0.0,0.0,0.0,0.0,0.0,0.0
None,121,735,0.0,0.0,0.0,0.0,0.0,0.0
None,349,434,0.0,0.0,0.0,0.0,0.0,0.0
Cc1ccc(CC2=CC(Cl)(Cl)C(N3C(=O)c4cc5cc6ccccc6c(-c6ccc7c(c6)C(=O)N(C)C7=O)c5cc4C3=O)C=C2)cc1,74,841,21.2,47.69,94.72,345.93,3.74,0.1044
None,203,448,0.0,0.0,0.0,0.0,0.0,0.0
None,"526,495","702,496",0.0,0.0,0.0,0.0,0.0,0.0
None,"227,276,252","566,990,945",0.0,0.0,0.0,0.0,0.0,0.0
None,299,722,0.0,0.0,0.0,0.0,0.0,0.0
None,431,458,0.0,0.0,0.0,0.0,0.0,0.0
Cc1ccc2cc3ccc(N4C(=O)c5ccc(S(=O)(=O)c6ccc7c(c6)C(=O)N(C)C7=O)cc5C4=O)c(C)c3nc2c1C,562,876,72.96,40.35,102.03,363.82,2.92,0.4203
None,513,631,0.0,0.0,0.0,0.0,0.0,0.0
None,485,866,0.0,0.0,0.0,0.0,0.0,0.0
None,27,243,0.0,0.0,0.0,0.0,0.0,0.0
None,"278,400","4,430",0.0,0.0,0.0,0.0,0.0,0.0
None,118,888,0.0,0.0,0.0,0.0,0.0,0.0
None,"134,67","493,505",0.0,0.0,0.0,0.0,0.0,0.0
None,168,985,0.0,0.0,0.0,0.0,0.0,0.0
None,548,517,0.0,0.0,0.0,0.0,0.0,0.0
None,33,74,0.0,0.0,0.0,0.0,0.0,0.0
CCN1C(=O)C2CC(C3CC(=O)N(C)C3=O)c3ccc(C)cc3C2C1=O,"454,547","989,609",78.93,50.54,98.2,321.61,3.79,0.3741
None,402,650,0.0,0.0,0.0,0.0,0.0,0.0
None,273,459,0.0,0.0,0.0,0.0,0.0,0.0
None,179,462,0.0,0.0,0.0,0.0,0.0,0.0
Cc1ccc(C2(c3ccc(N4C(=O)CC(C5CC6C(=O)N(C)C(=O)C6c6cc(C)ccc65)C4=O)cc3)c3ccccc3C(=O)c3ccccc32)cc1,"547,153","701,851",83.53,42.54,97.42,364.19,4.21,0.4031
Cc1ccc2c(c1)sc1cc(N3C(=O)c4ccc(C#Cc5ccc6c(c5)C(=O)N(C)C6=O)cc4C3=O)ccc12,493,529,1.51,49.84,104.32,280.04,2.81,0.008
None,554,528,0.0,0.0,0.0,0.0,0.0,0.0
None,"297,288","541,320",0.0,0.0,0.0,0.0,0.0,0.0
Cc1cc(N2C(=O)C3C4(C)C(=O)N(C)C(=O)C4(C)C3(C)C2=O)cc2ccccc12,"103,375","257,176",71.85,45.43,97.86,403.7,4.07,0.3598
None,569,548,0.0,0.0,0.0,0.0,0.0,0.0
None,335,934,0.0,0.0,0.0,0.0,0.0,0.0
None,311,47,0.0,0.0,0.0,0.0,0.0,0.0
None,531,190,0.0,0.0,0.0,0.0,0.0,0.0
None,541,928,0.0,0.0,0.0,0.0,0.0,0.0
None,"510,282,284","520,772,450",0.0,0.0,0.0,0.0,0.0,0.0
None,197,570,0.0,0.0,0.0,0.0,0.0,0.0
None,90,279,0.0,0.0,0.0,0.0,0.0,0.0
None,475,981,0.0,0.0,0.0,0.0,0.0,0.0
None,419,298,0.0,0.0,0.0,0.0,0.0,0.0
None,364,358,0.0,0.0,0.0,0.0,0.0,0.0
None,"325,378","304,492",0.0,0.0,0.0,0.0,0.0,0.0
None,61,401,0.0,0.0,0.0,0.0,0.0,0.0
None,425,178,0.0,0.0,0.0,0.0,0.0,0.0
None,"17,468","13,356",0.0,0.0,0.0,0.0,0.0,0.0
Cc1ccc(C)c2c(N3C(=O)C4CC5C(=O)N(C)C(=O)C5CC4C3=O)cccc12,"88,542","107,232",82.16,47.66,114.26,442.68,3.67,0.4477
None,462,243,0.0,0.0,0.0,0.0,0.0,0.0
None,"325,476","194,550",0.0,0.0,0.0,0.0,0.0,0.0
None,"294,383","497,374",0.0,0.0,0.0,0.0,0.0,0.0
None,"57,324","596,235",0.0,0.0,0.0,0.0,0.0,0.0
None,"153,133","325,186",0.0,0.0,0.0,0.0,0.0,0.0
Cc1cc(C)c2cccc(N3C(=O)C4C5C(=O)N(C)C(=O)C5(F)C4C3=O)c2c1,372,110,77.7,31.67,122.91,431.6,3.94,0.4401
None,549,28,0.0,0.0,0.0,0.0,0.0,0.0
Cc1ccc(CCN2C(=O)c3ccc(C#CCCCCC#Cc4ccc5c(c4)C(=O)N(C)C5=O)cc3C2=O)cc1,"220,218","33,819",1.86,64.65,125.53,203.48,2.84,0.0087
None,452,630,0.0,0.0,0.0,0.0,0.0,0.0
None,359,977,0.0,0.0,0.0,0.0,0.0,0.0
None,"406,75,31","618,236,824",0.0,0.0,0.0,0.0,0.0,0.0
None,"156,2","980,305",0.0,0.0,0.0,0.0,0.0,0.0
None,"449,165,308","893,537,30",0.0,0.0,0.0,0.0,0.0,0.0
None,309,603,0.0,0.0,0.0,0.0,0.0,0.0
None,468,308,0.0,0.0,0.0,0.0,0.0,0.0
None,10,810,0.0,0.0,0.0,0.0,0.0,0.0
Cc1c(O)cc(-c2ccc(N3C(=O)c4ccc(C#Cc5ccc6c(c5)C(=O)N(C)C6=O)cc4C3=O)cc2)cc1Cl,493,882,2.1,32.76,168.33,325.82,2.81,0.013
None,460,514,0.0,0.0,0.0,0.0,0.0,0.0
None,"450,279","384,936",0.0,0.0,0.0,0.0,0.0,0.0
None,106,780,0.0,0.0,0.0,0.0,0.0,0.0
None,501,366,0.0,0.0,0.0,0.0,0.0,0.0
None,21,322,0.0,0.0,0.0,0.0,0.0,0.0
None,393,314,0.0,0.0,0.0,0.0,0.0,0.0
None,143,900,0.0,0.0,0.0,0.0,0.0,0.0
None,"81,88,341","393,979,921",0.0,0.0,0.0,0.0,0.0,0.0
None,391,382,0.0,0.0,0.0,0.0,0.0,0.0
None,374,23,0.0,0.0,0.0,0.0,0.0,0.0
None,497,288,0.0,0.0,0.0,0.0,0.0,0.0
None,146,794,0.0,0.0,0.0,0.0,0.0,0.0
None,486,194,0.0,0.0,0.0,0.0,0.0,0.0
None,296,10,0.0,0.0,0.0,0.0,0.0,0.0
Cc1ccc(SC(=O)c2c(N3C(=O)C4C(C3=O)C3C5CC(C6C7CC(C56)C5C6C(=O)N(C)C(=O)C6C75)C43)ccc3cccc(C)c23)cc1,"409,156","987,589",80.97,50.6,84.6,471.43,6.38,0.3618
Cc1cccc2c(N3C(=O)C4=CCC=C(c5ccc6c(c5)C(=O)N(C)C6=O)C=C4C3=O)ccc(F)c12,"284,342,514","234,830,965",5.3,33.47,116.19,336.3,3.18,0.0303
None,277,392,0.0,0.0,0.0,0.0,0.0,0.0
None,468,316,0.0,0.0,0.0,0.0,0.0,0.0
None,"528,16","697,850",0.0,0.0,0.0,0.0,0.0,0.0
None,360,537,0.0,0.0,0.0,0.0,0.0,0.0
CCCc1ccc(-n2c(=O)c3c4c(=O)oc(=O)c4c4c5c(=O)n(C)c(=O)c5c5c(=O)oc(=O)c5c4c3c2=O)cc1,384,33,0.2,19.96,195.65,451.41,3.2,0.0014
None,365,79,0.0,0.0,0.0,0.0,0.0,0.0
None,383,959,0.0,0.0,0.0,0.0,0.0,0.0
None,"437,430","686,645",0.0,0.0,0.0,0.0,0.0,0.0
None,488,730,0.0,0.0,0.0,0.0,0.0,0.0
None,"517,251,375,45","24,179,678,970",0.0,0.0,0.0,0.0,0.0,0.0
None,563,812,0.0,0.0,0.0,0.0,0.0,0.0
None,451,373,0.0,0.0,0.0,0.0,0.0,0.0
None,136,328,0.0,0.0,0.0,0.0,0.0,0.0
None,89,997,0.0,0.0,0.0,0.0,0.0,0.0
None,"339,99","544,521",0.0,0.0,0.0,0.0,0.0,0.0
None,191,562,0.0,0.0,0.0,0.0,0.0,0.0
None,"297,386","966,833",0.0,0.0,0.0,0.0,0.0,0.0
None,"324,377","298,962",0.0,0.0,0.0,0.0,0.0,0.0
Cc1cc2cc3ccc(N4C(=O)c5ccc(C6C=CC=C7C(=O)N(C)C(=O)C76)cc5C4=O)cc3cc2cc1F,522,615,68.01,45.07,125.34,345.47,3.84,0.3443
None,434,664,0.0,0.0,0.0,0.0,0.0,0.0
None,478,904,0.0,0.0,0.0,0.0,0.0,0.0
None,"557,293","389,746",0.0,0.0,0.0,0.0,0.0,0.0
None,259,4,0.0,0.0,0.0,0.0,0.0,0.0
Cc1ccc2cc(N3C(=O)C4(C)C5(C)C(=O)N(C)C(=O)C5(C)C4(C)C3=O)cc(F)c2c1F,377,226,72.28,15.19,132.91,364.35,4.33,0.4042
None,423,417,0.0,0.0,0.0,0.0,0.0,0.0
None,"214,229","6,121",0.0,0.0,0.0,0.0,0.0,0.0
None,218,490,0.0,0.0,0.0,0.0,0.0,0.0
None,300,758,0.0,0.0,0.0,0.0,0.0,0.0
None,420,827,0.0,0.0,0.0,0.0,0.0,0.0
None,501,686,0.0,0.0,0.0,0.0,0.0,0.0
None,"345,334,242","695,475,479",0.0,0.0,0.0,0.0,0.0,0.0
None,"526,219","112,487",0.0,0.0,0.0,0.0,0.0,0.0
None,"303,117","696,741",0.0,0.0,0.0,0.0,0.0,0.0
Cc1ccc2c(c1)C(F)(F)C(F)(F)c1cc(-n3c(=O)c4c5ccccc5c5c(ccc6c7c(=O)n(C)c(=O)c7c7ccccc7c65)c4c3=O)ccc1-2,283,620,2.35,31.91,181.61,455.74,3.37,0.015
None,488,271,0.0,0.0,0.0,0.0,0.0,0.0
None,455,583,0.0,0.0,0.0,0.0,0.0,0.0
None,533,918,0.0,0.0,0.0,0.0,0.0,0.0
None,"321,133","635,631",0.0,0.0,0.0,0.0,0.0,0.0
None,486,533,0.0,0.0,0.0,0.0,0.0,0.0
C=Cc1ccc2c(c1)C(c1ccc3c(c1)C(=O)N(C)C3=O)(c1ccc3c(c1)C(=O)N(C(C)(C)Cc1ccc(C)cc1)C3=O)c1cc(C=C)ccc1-2,150,924,23.97,67.35,107.89,319.52,3.43,0.1101
Cc1ccc2c(F)c(N3C(=O)c4ccc(C(C)(C(F)F)C5CCC6C(=O)N(C)C(=O)C6C5)cc4C3=O)c(F)cc2c1,"156,24","232,530",74.9,48.72,95.25,303.26,4.36,0.3234
None,"483,109","793,814",0.0,0.0,0.0,0.0,0.0,0.0
None,76,89,0.0,0.0,0.0,0.0,0.0,0.0
None,178,51,0.0,0.0,0.0,0.0,0.0,0.0
None,491,508,0.0,0.0,0.0,0.0,0.0,0.0
None,98,608,0.0,0.0,0.0,0.0,0.0,0.0
None,497,448,0.0,0.0,0.0,0.0,0.0,0.0
None,203,718,0.0,0.0,0.0,0.0,0.0,0.0
None,334,108,0.0,0.0,0.0,0.0,0.0,0.0
None,381,966,0.0,0.0,0.0,0.0,0.0,0.0
CC1=CC(C)(C)C(c2ccc(N3C(=O)C4CC5C(=O)N(C)C(=O)C5C4C3=O)cc2)=CC1(C)C,566,932,82.74,32.99,98.39,373.63,4.27,0.4193
None,137,741,0.0,0.0,0.0,0.0,0.0,0.0
None,"350,533","708,350",0.0,0.0,0.0,0.0,0.0,0.0
None,66,776,0.0,0.0,0.0,0.0,0.0,0.0
None,253,690,0.0,0.0,0.0,0.0,0.0,0.0
None,0,992,0.0,0.0,0.0,0.0,0.0,0.0
None,396,795,0.0,0.0,0.0,0.0,0.0,0.0
None,138,85,0.0,0.0,0.0,0.0,0.0,0.0
None,235,357,0.0,0.0,0.0,0.0,0.0,0.0
None,465,510,0.0,0.0,0.0,0.0,0.0,0.0
None,357,293,0.0,0.0,0.0,0.0,0.0,0.0
Cc1ccc(N2C(=O)CC(C3CC(=O)N(C)C3=O)C2=O)c2c(C)cccc12,543,124,78.66,44.93,132.23,381.01,3.28,0.4415
None,337,853,0.0,0.0,0.0,0.0,0.0,0.0
None,142,480,0.0,0.0,0.0,0.0,0.0,0.0
None,394,847,0.0,0.0,0.0,0.0,0.0,0.0
Cc1cc2c(C)cccc2c(C)c1N1C(=O)C23CCCCC24C(=O)N(C)C(=O)C42CCCCC23C1=O,371,163,84.21,45.43,95.09,397.83,5.56,0.3664
Cc1cccc2c1Cc1cccc(N3C(=O)C4=CC=CC(c5ccc6c(c5)C(=O)N(C)C6=O)C4C3=O)c1C2,522,118,76.28,56.1,94.53,330.95,3.94,0.3449
Cc1cccc2ccc(C#N)c(N3C(=O)c4ccc(-c5ccccc5C5(c6ccccc6CC6=CC7C(=O)N(C)C(=O)C7C=C6)c6ccccc6-c6ccccc65)cc4C3=O)c12,"192,520","81,814",60.11,45.41,94.66,411.34,4.42,0.288
None,247,494,0.0,0.0,0.0,0.0,0.0,0.0
None,95,528,0.0,0.0,0.0,0.0,0.0,0.0
None,202,375,0.0,0.0,0.0,0.0,0.0,0.0
None,36,434,0.0,0.0,0.0,0.0,0.0,0.0
None,"145,412","344,957",0.0,0.0,0.0,0.0,0.0,0.0
Cc1cc(F)c2cc(N3C(=O)c4ccc(OC5=CC=C6C(=O)N(C)C(=O)C6C5)cc4C3=O)ccc2c1F,96,231,42.34,45.92,94.22,308.99,3.73,0.2044
None,"45,504","508,339",0.0,0.0,0.0,0.0,0.0,0.0
None,330,66,0.0,0.0,0.0,0.0,0.0,0.0
None,228,925,0.0,0.0,0.0,0.0,0.0,0.0
None,451,346,0.0,0.0,0.0,0.0,0.0,0.0
None,367,531,0.0,0.0,0.0,0.0,0.0,0.0
CC1C=CC(Cc2ccc(N3C(=O)c4ccc(S(C)(C)c5ccc6c(c5)C(=O)N(C)C6=O)cc4C3=O)cc2)=CC1(C)C,380,839,75.81,64.93,90.45,262.26,3.74,0.3139
None,492,160,0.0,0.0,0.0,0.0,0.0,0.0
Cc1ccc2cccc(N3C(=O)c4ccc(-c5c#ccc6c5C(=O)N(C)C6=O)cc4C3=O)c2c1C,159,254,6.74,20.93,171.59,376.73,3.38,0.0425
None,"41,264","876,172",0.0,0.0,0.0,0.0,0.0,0.0
None,66,600,0.0,0.0,0.0,0.0,0.0,0.0
None,489,521,0.0,0.0,0.0,0.0,0.0,0.0
None,"470,151","659,168",0.0,0.0,0.0,0.0,0.0,0.0
None,56,82,0.0,0.0,0.0,0.0,0.0,0.0
None,81,332,0.0,0.0,0.0,0.0,0.0,0.0
None,"211,505","967,507",0.0,0.0,0.0,0.0,0.0,0.0
None,286,796,0.0,0.0,0.0,0.0,0.0,0.0
None,278,41,0.0,0.0,0.0,0.0,0.0,0.0
None,"131,318","594,297",0.0,0.0,0.0,0.0,0.0,0.0
Cc1cccc2ccc(N3C(=O)C4C5CCC(c6cc7c(cc65)C(=O)N(C)C7=O)C4C3=O)cc12,216,225,77.43,34.45,121.24,407.14,4.47,0.3976
None,309,404,0.0,0.0,0.0,0.0,0.0,0.0
None,425,851,0.0,0.0,0.0,0.0,0.0,0.0
None,"204,211","622,471",0.0,0.0,0.0,0.0,0.0,0.0
None,540,665,0.0,0.0,0.0,0.0,0.0,0.0
None,53,667,0.0,0.0,0.0,0.0,0.0,0.0
None,"467,341","695,123",0.0,0.0,0.0,0.0,0.0,0.0
None,293,633,0.0,0.0,0.0,0.0,0.0,0.0
None,569,412,0.0,0.0,0.0,0.0,0.0,0.0
None,388,997,0.0,0.0,0.0,0.0,0.0,0.0
None,323,789,0.0,0.0,0.0,0.0,0.0,0.0
None,494,544,0.0,0.0,0.0,0.0,0.0,0.0
None,497,223,0.0,0.0,0.0,0.0,0.0,0.0
None,274,167,0.0,0.0,0.0,0.0,0.0,0.0
None,"142,441","829,478",0.0,0.0,0.0,0.0,0.0,0.0
None,"341,90","146,272",0.0,0.0,0.0,0.0,0.0,0.0
None,512,644,0.0,0.0,0.0,0.0,0.0,0.0
None,192,291,0.0,0.0,0.0,0.0,0.0,0.0
Cc1ccc(N2C(=O)c3ccc(C(C4=CCC5C(=O)N(C)C(=O)C5C4)(C(F)(F)F)C(F)(F)F)cc3C2=O)s1,348,537,84.94,56.56,88.49,288.73,4.11,0.3568
None,252,290,0.0,0.0,0.0,0.0,0.0,0.0
None,65,259,0.0,0.0,0.0,0.0,0.0,0.0
None,472,518,0.0,0.0,0.0,0.0,0.0,0.0
None,"506,173,294","469,491,374",0.0,0.0,0.0,0.0,0.0,0.0
None,"63,526","20,478",0.0,0.0,0.0,0.0,0.0,0.0
None,73,423,0.0,0.0,0.0,0.0,0.0,0.0
None,438,673,0.0,0.0,0.0,0.0,0.0,0.0
None,476,219,0.0,0.0,0.0,0.0,0.0,0.0
None,309,142,0.0,0.0,0.0,0.0,0.0,0.0
None,"21,251,231","526,569,75",0.0,0.0,0.0,0.0,0.0,0.0
None,397,940,0.0,0.0,0.0,0.0,0.0,0.0
None,37,740,0.0,0.0,0.0,0.0,0.0,0.0
None,"156,203","839,353",0.0,0.0,0.0,0.0,0.0,0.0
None,292,778,0.0,0.0,0.0,0.0,0.0,0.0
None,235,315,0.0,0.0,0.0,0.0,0.0,0.0
None,228,444,0.0,0.0,0.0,0.0,0.0,0.0
None,275,619,0.0,0.0,0.0,0.0,0.0,0.0
None,448,969,0.0,0.0,0.0,0.0,0.0,0.0
Cc1ccc(-c2ccc(N3C(=O)C4C5C(=O)N(C)C(=O)C5C4(F)C3=O)cc2)c(F)c1,"331,110,372","295,995,880",75.71,13.33,121.29,402.03,3.8,0.4611
CCCC(C)c1ccc(N2C(=O)C3C4C(=O)N(C)C(=O)C4C3C2=O)cc1,"114,135,544","14,152,708",76.98,34.19,92.28,359.76,3.71,0.4101
None,299,447,0.0,0.0,0.0,0.0,0.0,0.0
None,292,28,0.0,0.0,0.0,0.0,0.0,0.0
None,292,424,0.0,0.0,0.0,0.0,0.0,0.0
None,525,626,0.0,0.0,0.0,0.0,0.0,0.0
None,"111,472","154,664",0.0,0.0,0.0,0.0,0.0,0.0
None,303,294,0.0,0.0,0.0,0.0,0.0,0.0
None,"331,465","533,136",0.0,0.0,0.0,0.0,0.0,0.0
None,87,337,0.0,0.0,0.0,0.0,0.0,0.0
Cc1ccc(C#CC#Cc2ccc(N3C(=O)C4(C)C5(C)C(=O)N(C)C(=O)C5(C)C4(C)C3=O)c(F)c2)cc1F,377,481,72.43,57.62,118.14,281.68,4.52,0.2902
None,463,75,0.0,0.0,0.0,0.0,0.0,0.0
Cc1ccc2cc(N3C(=O)C4Cc5cc6c(cc5CC4C3=O)C(=O)N(C)C6=O)cc(F)c2c1,"325,245","453,119",72.06,47.7,130.48,330.41,3.45,0.3761
Cc1ccc(-c2cc(N3C(=O)C4(C)C5(C)C(=O)N(C)C(=O)C5(C)C4(C)C3=O)c(F)cc2-c2cc(F)ccc2F)cc1,"84,377","788,359",72.0,15.64,123.75,359.05,4.24,0.4016
None,246,183,0.0,0.0,0.0,0.0,0.0,0.0
Cc1cc(-c2ccc3c(c2)C(=O)N(c2cc(C)c4ccccc4c2C)C3=O)cc2c1C(=O)N(C)C2=O,536,202,15.58,27.24,154.3,366.17,2.69,0.1011
None,"208,498","770,927",0.0,0.0,0.0,0.0,0.0,0.0
None,"105,400","527,199",0.0,0.0,0.0,0.0,0.0,0.0
Cc1ccc2c(N3C(=O)C4(C)C5C(=O)N(C)C(=O)C5(C)C4(C)C3=O)ccc(C)c2c1,"339,375","24,175",72.15,22.08,96.93,436.96,4.2,0.4064
None,5,476,0.0,0.0,0.0,0.0,0.0,0.0
None,"304,504","1000,697",0.0,0.0,0.0,0.0,0.0,0.0
None,497,184,0.0,0.0,0.0,0.0,0.0,0.0
None,230,138,0.0,0.0,0.0,0.0,0.0,0.0
None,115,848,0.0,0.0,0.0,0.0,0.0,0.0
None,215,122,0.0,0.0,0.0,0.0,0.0,0.0
Cc1cccc2ccc3ccc(-n4c(=O)c5cc(C)c6c(c(-c7ccc8c(c7)C(=O)OC8=O)cc7c(=O)n(C)c(=O)c76)c5c4=O)cc3c12,182,214,0.64,16.07,136.24,391.65,3.3,0.0041
None,435,883,0.0,0.0,0.0,0.0,0.0,0.0
Cc1ccc2cc3cc(N4C(=O)c5cc6ccccc6c(-c6ccc7c(c6)C(=O)N(C)C7=O)c5C4=O)ccc3cc2c1,161,659,0.46,27.39,192.21,369.32,2.75,0.003
Cc1ccc2c3c(cccc13)-c1ccc(N3C(=O)C4C=c5cc6c(cc5=CC4C3=O)C(=O)N(C)C6=O)cc1-2,"102,551","645,960",65.89,18.44,135.1,424.13,3.87,0.3997
None,265,922,0.0,0.0,0.0,0.0,0.0,0.0
None,384,305,0.0,0.0,0.0,0.0,0.0,0.0
None,492,915,0.0,0.0,0.0,0.0,0.0,0.0
None,"74,198","541,16",0.0,0.0,0.0,0.0,0.0,0.0
None,"416,195","943,974",0.0,0.0,0.0,0.0,0.0,0.0
None,488,631,0.0,0.0,0.0,0.0,0.0,0.0
None,257,768,0.0,0.0,0.0,0.0,0.0,0.0
None,143,372,0.0,0.0,0.0,0.0,0.0,0.0
None,"1,455","914,324",0.0,0.0,0.0,0.0,0.0,0.0
None,258,962,0.0,0.0,0.0,0.0,0.0,0.0
None,338,214,0.0,0.0,0.0,0.0,0.0,0.0
None,141,298,0.0,0.0,0.0,0.0,0.0,0.0
Cc1ccc(S(=O)(=O)c2ccc(N3C(=O)c4ccc(C5(C6=CC7C(=O)N(C)C(=O)C7C=C6)c6ccccc6-c6ccccc65)cc4C3=O)c(O)c2)cc1,47,837,78.97,41.86,87.84,421.68,4.11,0.4025
None,2,490,0.0,0.0,0.0,0.0,0.0,0.0
None,135,78,0.0,0.0,0.0,0.0,0.0,0.0
None,174,544,0.0,0.0,0.0,0.0,0.0,0.0
None,58,285,0.0,0.0,0.0,0.0,0.0,0.0
Cc1cc2ccc(N3C(=O)C4=CC=C(c5ccc6c(c5)C(=O)N(C)C6=O)CC4C3=O)c(F)c2cc1F,"105,508","227,493",25.91,20.12,97.07,332.58,3.58,0.1471
None,73,975,0.0,0.0,0.0,0.0,0.0,0.0
Cc1ccc(OS(=O)(=O)Oc2cc(-c3ccc(N4C(=O)c5ccc(-c6ccc7c(c6)C(=O)N(C)C7=O)c(C)c5C4=O)cc3)c(C)c(C)c2Cl)cc1C,"314,368,496","873,399,571",79.64,52.82,101.64,323.9,3.3,0.4009
None,"98,128","208,238",0.0,0.0,0.0,0.0,0.0,0.0
Cc1ccc2oc3ccc(N4C(=O)c5ccc(-c6cc(F)c7c(c6F)C(=O)N(C)C7=O)cc5C4=O)cc3c(=O)c2c1,327,666,2.48,11.28,147.74,348.09,2.95,0.0164
None,432,920,0.0,0.0,0.0,0.0,0.0,0.0
None,75,278,0.0,0.0,0.0,0.0,0.0,0.0
None,392,889,0.0,0.0,0.0,0.0,0.0,0.0
None,319,757,0.0,0.0,0.0,0.0,0.0,0.0
None,19,75,0.0,0.0,0.0,0.0,0.0,0.0
Cc1ccc2nc3ccc(N4C(=O)c5ccc(C6=CCC7C(=O)N(C)C(=O)C7=C6)cc5C4=O)cc3cc2c1,538,671,9.42,20.32,102.77,357.9,3.48,0.0553
None,"557,121","791,732",0.0,0.0,0.0,0.0,0.0,0.0
None,"256,31","260,41",0.0,0.0,0.0,0.0,0.0,0.0
None,"28,461","677,70",0.0,0.0,0.0,0.0,0.0,0.0
CCCC(CCC)(c1ccc(C)cc1)N1C(=O)C2=CC=C(c3ccc4c(c3)C(=O)N(C)C4=O)C(C)C2C1=O,318,16,79.31,47.69,116.86,280.81,4.1,0.3589
None,177,418,0.0,0.0,0.0,0.0,0.0,0.0
None,451,804,0.0,0.0,0.0,0.0,0.0,0.0
None,388,993,0.0,0.0,0.0,0.0,0.0,0.0
Cc1ccc2nc3ccc(N4C(=O)C5C6(F)C(=O)N(C)C(=O)C6C5(F)C4=O)cc3nc2c1,374,668,75.63,21.14,95.99,444.13,4.27,0.4261
None,3,763,0.0,0.0,0.0,0.0,0.0,0.0
None,435,221,0.0,0.0,0.0,0.0,0.0,0.0
None,"324,461","798,990",0.0,0.0,0.0,0.0,0.0,0.0
Cc1ccc2c(c1)OCCOCCOCCOc1cc(N3C(=O)C4C5C=CC(C6C(=O)N(C)C(=O)C56)C4C3=O)ccc1OCCO2,575,390,82.48,57.51,72.64,294.64,5.48,0.2915
Cc1cccc2c1CCCC2N1C(=O)c2cc(-c3ccc4c(c3)C(=O)N(C)C4=O)cc(C#Cc3ccccc3)c2C1=O,108,249,12.81,51.52,93.77,297.93,3.42,0.0621
Cc1ccc(Sc2c(N3C(=O)C4CC=C(C(c5ccc6c(c5)C(=O)N(C)C6=O)(C(F)(F)F)C(F)(F)F)CC4C3=O)ccc3cc4ccccc4cc23)cc1,"348,147","803,603",80.2,56.8,89.09,309.01,4.26,0.3351
None,141,580,0.0,0.0,0.0,0.0,0.0,0.0
None,199,460,0.0,0.0,0.0,0.0,0.0,0.0
None,"91,162","891,908",0.0,0.0,0.0,0.0,0.0,0.0
None,"13,368","633,656",0.0,0.0,0.0,0.0,0.0,0.0
None,194,324,0.0,0.0,0.0,0.0,0.0,0.0
None,37,668,0.0,0.0,0.0,0.0,0.0,0.0
None,143,862,0.0,0.0,0.0,0.0,0.0,0.0
None,167,900,0.0,0.0,0.0,0.0,0.0,0.0
None,66,984,0.0,0.0,0.0,0.0,0.0,0.0
None,148,746,0.0,0.0,0.0,0.0,0.0,0.0
Cc1ccc(C(F)(c2ccc(N3C(=O)C4C(=O)N(C)C(=O)C4C3=O)cc2)C(F)(F)C(F)(F)F)cc1,"355,552","458,266",83.98,26.58,106.67,311.68,3.86,0.4443
Cc1cccc2c(N3C(=O)C4C=CC(C5(c6ccc7c(c6)C(=O)N(C)C7=O)c6ccccc6-c6ccccc65)=CC4C3=O)c3ccccc3cc12,"437,47","195,689",72.55,38.87,105.63,413.1,4.06,0.381
None,541,220,0.0,0.0,0.0,0.0,0.0,0.0
None,487,1001,0.0,0.0,0.0,0.0,0.0,0.0
Cc1ccc(S(=O)(=O)c2ccc(N3C(=O)C4C=CC(Oc5ccc6c(c5)C(=O)N(C)C6=O)=CC4C3=O)cc2Cl)c(Cl)c1,"8,230,452","722,200,815",81.2,39.13,87.79,304.73,3.87,0.3944
Cc1cccc2cc3ccc(N4C(=O)C5=CC=C(Oc6ccc7c(c6)C(=O)N(C)C7=O)C(C)C5C4=O)cc3cc12,"2,226,277","722,608,217",74.36,55.09,109.98,313.6,3.83,0.3436
Cc1ccc(-c2c3ccccc3nc3cc(N4C(=O)c5ccc(C6(c7ccc8c(c7)C(=O)N(C)C8=O)c7ccccc7-c7ccccc76)cc5C4=O)c(C)cc23)cc1,"63,570","894,210",10.66,38.73,119.88,393.65,3.26,0.0616
None,383,892,0.0,0.0,0.0,0.0,0.0,0.0
None,381,6,0.0,0.0,0.0,0.0,0.0,0.0
None,46,37,0.0,0.0,0.0,0.0,0.0,0.0
Cc1ccc2c(c1)C(=O)c1cc(N3C(=O)C4C(C3=O)C3C5CC(C6C7CC(C56)C5C6C(=O)N(C)C(=O)C6C75)C43)ccc1-2,"409,44,559","446,625,505",82.72,38.25,96.0,468.28,6.14,0.3985
None,268,299,0.0,0.0,0.0,0.0,0.0,0.0
None,246,11,0.0,0.0,0.0,0.0,0.0,0.0
Cc1ccc2c(c1)-c1cc(N3C(=O)C4C5CC(C4C3=O)C3(CCC4(CC6CC4C4C(=O)N(C)C(=O)C64)C3=O)C5)ccc1-2,"473,1","467,975",85.94,35.82,93.56,399.36,6.72,0.3945
None,"506,88","214,457",0.0,0.0,0.0,0.0,0.0,0.0
None,"176,456","538,623",0.0,0.0,0.0,0.0,0.0,0.0
None,558,469,0.0,0.0,0.0,0.0,0.0,0.0
Cc1ccc(-c2cccc(N3C(=O)C4=CC(Oc5ccc6c(c5)C(=O)N(C)C6=O)=CCC4C3=O)c2F)cc1,22,348,62.05,48.17,95.17,343.94,3.49,0.3149
Cc1ccc2c(F)c(N3C(=O)C4C5CCC(C6C(=O)N(C)C(=O)C56)C4C3=O)cc(F)c2c1,"333,127,496","231,980,1002",78.12,29.7,105.56,386.62,4.85,0.3787
None,137,176,0.0,0.0,0.0,0.0,0.0,0.0
None,412,56,0.0,0.0,0.0,0.0,0.0,0.0
None,501,746,0.0,0.0,0.0,0.0,0.0,0.0
None,"349,282","457,211",0.0,0.0,0.0,0.0,0.0,0.0
None,"57,103","15,44",0.0,0.0,0.0,0.0,0.0,0.0
None,"321,103","680,897",0.0,0.0,0.0,0.0,0.0,0.0
None,225,254,0.0,0.0,0.0,0.0,0.0,0.0
None,64,735,0.0,0.0,0.0,0.0,0.0,0.0
None,"80,167","838,852",0.0,0.0,0.0,0.0,0.0,0.0
Cc1cc2ccccc2c(C)c1N1C(=O)C2(C)C3(C)C(=O)N(C)C(=O)C3(C)C2(C)C1=O,"236,377","252,735",74.3,40.81,142.73,409.64,4.2,0.3911
Cc1ccc(-c2ccc(N3C(=O)C4C5C(=O)N(C)C(=O)C5(C)C4(C)C3=O)c(F)c2)cc1,370,263,72.0,13.1,127.06,396.38,3.87,0.4358
None,309,572,0.0,0.0,0.0,0.0,0.0,0.0
None,392,390,0.0,0.0,0.0,0.0,0.0,0.0
None,464,429,0.0,0.0,0.0,0.0,0.0,0.0
None,504,379,0.0,0.0,0.0,0.0,0.0,0.0
Cc1cc2ccc(N3C(=O)CC(C4CC(=O)N(C)C4=O)C3=O)cc2cc1C,"121,543","147,341",75.51,38.02,132.24,345.68,3.19,0.4307
None,272,932,0.0,0.0,0.0,0.0,0.0,0.0
Cc1ccc(-n2c(=O)c3c4c(=O)n(C)c(=O)c4c4c5c(=O)oc(=O)c5c5c(=O)oc(=O)c5c4c3c2=O)c2c1ccc1ccccc12,384,196,0.15,14.92,208.37,432.84,3.43,0.001
None,268,22,0.0,0.0,0.0,0.0,0.0,0.0
None,"565,131","596,411",0.0,0.0,0.0,0.0,0.0,0.0
None,200,162,0.0,0.0,0.0,0.0,0.0,0.0
None,203,641,0.0,0.0,0.0,0.0,0.0,0.0
None,244,923,0.0,0.0,0.0,0.0,0.0,0.0
None,274,378,0.0,0.0,0.0,0.0,0.0,0.0
None,95,905,0.0,0.0,0.0,0.0,0.0,0.0
None,27,2,0.0,0.0,0.0,0.0,0.0,0.0
None,148,791,0.0,0.0,0.0,0.0,0.0,0.0
Cc1cc(F)c(F)c2c(N3C(=O)C4C5(F)C(=O)N(C)C(=O)C5C4(F)C3=O)cccc12,374,238,78.53,46.49,95.23,396.19,4.48,0.3664
None,386,257,0.0,0.0,0.0,0.0,0.0,0.0
None,144,898,0.0,0.0,0.0,0.0,0.0,0.0
Cc1ccc2c(c1)OCCOCCOc1cc(N3C(=O)C4CC(C5CC(=O)N(C)C5=O)c5ccccc5C4C3=O)ccc1OCCOCCO2,564,394,86.39,62.64,79.64,239.12,4.67,0.2968
Cc1ccc2c(c1)OCCOc1ccc(N3C(=O)c4ccc(-c5c6c(=O)oc(=O)c6c(C)c6c(=O)n(C)c(=O)c56)cc4C3=O)cc1OCCOCCO2,502,386,12.49,58.19,111.27,351.7,3.84,0.0586
None,421,649,0.0,0.0,0.0,0.0,0.0,0.0
None,89,276,0.0,0.0,0.0,0.0,0.0,0.0
None,"504,288","983,861",0.0,0.0,0.0,0.0,0.0,0.0
None,166,938,0.0,0.0,0.0,0.0,0.0,0.0
None,"355,163","556,823",0.0,0.0,0.0,0.0,0.0,0.0
None,320,65,0.0,0.0,0.0,0.0,0.0,0.0
CC1=Cc2cccc3ccc(N4C(=O)c5ccc(NC6CC6OC6=CC=C7C(=O)N(C)C(=O)C7(C)C6)cc5C4=O)c1c23,"416,122,9","111,885,487",77.01,57.72,130.73,336.99,4.58,0.3267
None,215,185,0.0,0.0,0.0,0.0,0.0,0.0
None,511,651,0.0,0.0,0.0,0.0,0.0,0.0
None,144,729,0.0,0.0,0.0,0.0,0.0,0.0
None,139,5,0.0,0.0,0.0,0.0,0.0,0.0
None,"349,368,314","698,990,365",0.0,0.0,0.0,0.0,0.0,0.0
None,112,103,0.0,0.0,0.0,0.0,0.0,0.0
None,183,73,0.0,0.0,0.0,0.0,0.0,0.0
Cc1cc(F)c(-c2ccc(N3C(=O)C4(F)C5(F)C(=O)N(C)C(=O)C5(F)C4(F)C3=O)cc2)cc1F,362,925,76.65,21.01,112.87,312.16,4.4,0.3909
None,240,302,0.0,0.0,0.0,0.0,0.0,0.0
None,"158,183","642,831",0.0,0.0,0.0,0.0,0.0,0.0
Cc1ccc2c(ccc3cc(N4C(=O)c5ccc(OC6=CC=CC7C(=O)N(C)C(=O)C67)cc5C4=O)ccc32)c1,7,977,67.16,34.41,109.44,337.44,3.7,0.3571
None,"115,404","1003,995",0.0,0.0,0.0,0.0,0.0,0.0
None,476,390,0.0,0.0,0.0,0.0,0.0,0.0
None,228,557,0.0,0.0,0.0,0.0,0.0,0.0
None,247,891,0.0,0.0,0.0,0.0,0.0,0.0
None,501,983,0.0,0.0,0.0,0.0,0.0,0.0
None,"208,210","422,123",0.0,0.0,0.0,0.0,0.0,0.0
None,"306,166","950,132",0.0,0.0,0.0,0.0,0.0,0.0
None,"227,278,215","864,432,351",0.0,0.0,0.0,0.0,0.0,0.0
None,281,266,0.0,0.0,0.0,0.0,0.0,0.0
Cc1ccc2c3c(ncc2c1)C=C(N1C(=O)C2C4C(=O)N(C)C(=O)C4(C)C2(C)C1=O)CC3=O,370,501,71.66,25.24,107.58,427.27,4.65,0.3772
None,"467,435","493,947",0.0,0.0,0.0,0.0,0.0,0.0
None,198,359,0.0,0.0,0.0,0.0,0.0,0.0
None,"505,480","222,506",0.0,0.0,0.0,0.0,0.0,0.0
None,146,973,0.0,0.0,0.0,0.0,0.0,0.0
Cc1ccc2c(c1)OCCOc1ccc(N3C(=O)c4ccc(C5(c6ccc7c(c6)C(=O)N(C)C7=O)c6cc(C)ccc6-c6ccc(C)cc65)cc4C3=O)cc1OCCOCCO2,"406,306,190","386,166,340",60.18,61.25,93.68,312.39,3.84,0.2637
None,"236,45","427,700",0.0,0.0,0.0,0.0,0.0,0.0
None,302,134,0.0,0.0,0.0,0.0,0.0,0.0
None,524,118,0.0,0.0,0.0,0.0,0.0,0.0
Cc1ccc2c3c(ncc2c1)C=C(N1C(=O)C2CC4CC5C(=O)N(C)C(=O)C5CC4C2C1=O)CC3=O,351,501,78.59,56.09,95.11,414.62,4.73,0.3405
None,65,42,0.0,0.0,0.0,0.0,0.0,0.0
None,"153,138","440,884",0.0,0.0,0.0,0.0,0.0,0.0
Cc1cc2c3ccccc3c(N3C(=O)C4=CC=C(Oc5ccc6c(c5)C(=O)N(C)C6=O)CC4(C)C3=O)cc2c2ccccc12,9,631,61.86,50.58,125.26,315.9,3.72,0.3022
None,531,224,0.0,0.0,0.0,0.0,0.0,0.0
None,63,756,0.0,0.0,0.0,0.0,0.0,0.0
None,85,848,0.0,0.0,0.0,0.0,0.0,0.0
None,"362,362","460,718",0.0,0.0,0.0,0.0,0.0,0.0
Cc1ccc(F)cc1-c1ccc(N2C(=O)C3C4C=CC(C3C2=O)C2C3C(=O)N(C)C(=O)C3C42)cc1,458,472,77.63,21.34,102.93,428.31,4.99,0.3973
None,492,513,0.0,0.0,0.0,0.0,0.0,0.0
None,114,349,0.0,0.0,0.0,0.0,0.0,0.0
None,"142,130,263","507,608,642",0.0,0.0,0.0,0.0,0.0,0.0
Cc1ccc2cc3c(cc2c1)C(c1ccccc1)(c1ccccc1)c1cc2cc(N4C(=O)c5ccc(C6=C7C(=O)N(C)C(=O)C7CC=C6)cc5C4=O)ccc2cc1O3,"516,554","958,435",33.66,41.48,92.21,358.94,4.06,0.1652
None,0,327,0.0,0.0,0.0,0.0,0.0,0.0
None,"440,255","515,233",0.0,0.0,0.0,0.0,0.0,0.0
None,"80,551","942,29",0.0,0.0,0.0,0.0,0.0,0.0
None,549,776,0.0,0.0,0.0,0.0,0.0,0.0
CC1=CC=C(c2ccc(N3C(=O)C4C5C=CC(C6C(=O)N(C)C(=O)C56)C4C3=O)cc2)C(F)(F)C1,"526,575","946,7",80.52,37.75,94.63,373.86,5.22,0.3579
None,325,339,0.0,0.0,0.0,0.0,0.0,0.0
None,"284,253","923,150",0.0,0.0,0.0,0.0,0.0,0.0
None,217,475,0.0,0.0,0.0,0.0,0.0,0.0
None,448,202,0.0,0.0,0.0,0.0,0.0,0.0
None,393,40,0.0,0.0,0.0,0.0,0.0,0.0
None,"186,394","932,98",0.0,0.0,0.0,0.0,0.0,0.0
None,448,117,0.0,0.0,0.0,0.0,0.0,0.0
None,"324,275","520,510",0.0,0.0,0.0,0.0,0.0,0.0
None,"233,343","747,823",0.0,0.0,0.0,0.0,0.0,0.0
None,240,423,0.0,0.0,0.0,0.0,0.0,0.0
None,"467,222,361","604,932,412",0.0,0.0,0.0,0.0,0.0,0.0
None,258,612,0.0,0.0,0.0,0.0,0.0,0.0
Cc1ccc(C2=C(c3ccc(N4C(=O)c5ccc(S(=O)c6ccc7c(c6)C(=O)N(C)C7=O)cc5C4=O)cc3)C(F)(F)C(F)(F)C(F)(F)C2(F)F)cc1,403,939,67.48,53.34,94.41,351.38,4.03,0.3112
None,513,989,0.0,0.0,0.0,0.0,0.0,0.0
None,389,826,0.0,0.0,0.0,0.0,0.0,0.0
None,"130,4,435","789,900,998",0.0,0.0,0.0,0.0,0.0,0.0
None,511,12,0.0,0.0,0.0,0.0,0.0,0.0
None,148,193,0.0,0.0,0.0,0.0,0.0,0.0
None,478,144,0.0,0.0,0.0,0.0,0.0,0.0
None,"207,448","193,204",0.0,0.0,0.0,0.0,0.0,0.0
None,291,494,0.0,0.0,0.0,0.0,0.0,0.0
None,489,214,0.0,0.0,0.0,0.0,0.0,0.0
Cc1cc2ccc(N3C(=O)C4C5(C)C(=O)N(C)C(=O)C5C4(C)C3=O)c(C)c2cc1C,555,184,74.33,25.96,95.58,455.59,4.18,0.4176
None,338,0,0.0,0.0,0.0,0.0,0.0,0.0
None,273,8,0.0,0.0,0.0,0.0,0.0,0.0
None,427,224,0.0,0.0,0.0,0.0,0.0,0.0
None,443,175,0.0,0.0,0.0,0.0,0.0,0.0
None,"30,91","61,868",0.0,0.0,0.0,0.0,0.0,0.0
None,"212,333,125","887,728,539",0.0,0.0,0.0,0.0,0.0,0.0
None,146,581,0.0,0.0,0.0,0.0,0.0,0.0
Cc1ccc2cc3ccc(N4C(=O)c5ccc(-c6c(C)c(C)c7c(c6C)C(=O)N(C)C7=O)cc5C4=O)c(C)c3nc2c1C,330,876,47.67,8.54,127.6,471.31,3.11,0.3325
None,543,879,0.0,0.0,0.0,0.0,0.0,0.0
None,"339,187","964,527",0.0,0.0,0.0,0.0,0.0,0.0
None,391,121,0.0,0.0,0.0,0.0,0.0,0.0
None,"212,34","430,101",0.0,0.0,0.0,0.0,0.0,0.0
None,53,276,0.0,0.0,0.0,0.0,0.0,0.0
None,442,159,0.0,0.0,0.0,0.0,0.0,0.0
None,212,590,0.0,0.0,0.0,0.0,0.0,0.0
None,"107,428","849,66",0.0,0.0,0.0,0.0,0.0,0.0
None,"129,549","376,568",0.0,0.0,0.0,0.0,0.0,0.0
None,515,36,0.0,0.0,0.0,0.0,0.0,0.0
None,"279,145","72,593",0.0,0.0,0.0,0.0,0.0,0.0
None,175,115,0.0,0.0,0.0,0.0,0.0,0.0
None,"297,41,464","179,691,582",0.0,0.0,0.0,0.0,0.0,0.0
None,488,202,0.0,0.0,0.0,0.0,0.0,0.0
None,90,918,0.0,0.0,0.0,0.0,0.0,0.0
None,530,101,0.0,0.0,0.0,0.0,0.0,0.0
None,"169,549","115,667",0.0,0.0,0.0,0.0,0.0,0.0
None,260,101,0.0,0.0,0.0,0.0,0.0,0.0
None,418,265,0.0,0.0,0.0,0.0,0.0,0.0
Cc1c2ccccc2cc2c(N3C(=O)c4ccc(-c5c6c(cc7ccccc57)C(=O)N(C)C6=O)cc4C3=O)cccc12,161,195,0.96,38.08,192.23,364.3,2.77,0.0061
None,463,873,0.0,0.0,0.0,0.0,0.0,0.0
None,401,108,0.0,0.0,0.0,0.0,0.0,0.0
None,"211,153","773,422",0.0,0.0,0.0,0.0,0.0,0.0
None,"211,451","442,632",0.0,0.0,0.0,0.0,0.0,0.0
None,55,867,0.0,0.0,0.0,0.0,0.0,0.0
Cc1cccc2c(N3C(=O)C4C=c5cc6c(cc5=CC4C3=O)C(=O)N(C)C6=O)cccc12,551,990,75.56,31.12,136.15,409.08,3.71,0.4383
None,489,738,0.0,0.0,0.0,0.0,0.0,0.0
None,486,207,0.0,0.0,0.0,0.0,0.0,0.0
None,486,12,0.0,0.0,0.0,0.0,0.0,0.0
None,215,258,0.0,0.0,0.0,0.0,0.0,0.0
Cc1ccc2c(c1)sc1cc(N3C(=O)c4ccc(S(C)(C)c5ccc6c(c5)C(=O)N(C)C6=O)cc4C3=O)ccc12,380,529,68.84,55.61,94.13,276.95,2.94,0.343
None,"87,492","660,126",0.0,0.0,0.0,0.0,0.0,0.0
None,"117,230,441","153,140,866",0.0,0.0,0.0,0.0,0.0,0.0
None,"409,257","884,80",0.0,0.0,0.0,0.0,0.0,0.0
None,66,503,0.0,0.0,0.0,0.0,0.0,0.0
None,"176,469","64,835",0.0,0.0,0.0,0.0,0.0,0.0
None,"115,137","513,403",0.0,0.0,0.0,0.0,0.0,0.0
None,"164,167","770,168",0.0,0.0,0.0,0.0,0.0,0.0
None,"401,439","730,265",0.0,0.0,0.0,0.0,0.0,0.0
None,429,332,0.0,0.0,0.0,0.0,0.0,0.0
None,93,977,0.0,0.0,0.0,0.0,0.0,0.0
None,296,490,0.0,0.0,0.0,0.0,0.0,0.0
None,"212,529","164,810",0.0,0.0,0.0,0.0,0.0,0.0
None,464,167,0.0,0.0,0.0,0.0,0.0,0.0
None,323,15,0.0,0.0,0.0,0.0,0.0,0.0
None,539,778,0.0,0.0,0.0,0.0,0.0,0.0
Cc1c(C#N)ccc2cccc(N3C(=O)C4C(=O)N(C)C(=O)C4C3=O)c12,355,81,77.39,38.6,121.75,426.09,3.58,0.4414
None,239,449,0.0,0.0,0.0,0.0,0.0,0.0
None,283,560,0.0,0.0,0.0,0.0,0.0,0.0
None,235,77,0.0,0.0,0.0,0.0,0.0,0.0
Cc1ccc(C2C=CC(N3C(=O)c4cc5c(cc4C3=O)C3C=CC5C4C(=O)N(C)C(=O)C34)CC2)cc1,217,280,77.93,46.5,84.03,425.67,5.2,0.3418
None,271,134,0.0,0.0,0.0,0.0,0.0,0.0
None,215,770,0.0,0.0,0.0,0.0,0.0,0.0
CC1=CC2(C)C3C(=O)N(C)C(=O)C3C1C1C(=O)N(C3=CCCC(Oc4ccc(C)cc4)=C3)C(=O)C12,376,416,78.66,50.2,92.19,313.07,5.37,0.3052
None,322,122,0.0,0.0,0.0,0.0,0.0,0.0
None,519,840,0.0,0.0,0.0,0.0,0.0,0.0
None,187,804,0.0,0.0,0.0,0.0,0.0,0.0
None,"345,490,430","415,302,706",0.0,0.0,0.0,0.0,0.0,0.0
None,325,761,0.0,0.0,0.0,0.0,0.0,0.0
None,455,903,0.0,0.0,0.0,0.0,0.0,0.0
None,148,187,0.0,0.0,0.0,0.0,0.0,0.0
None,"565,127","25,336",0.0,0.0,0.0,0.0,0.0,0.0
None,518,662,0.0,0.0,0.0,0.0,0.0,0.0
None,492,208,0.0,0.0,0.0,0.0,0.0,0.0
Cc1cc(-c2cc(C)c(C)c(C)c2)ccc1C(CCCF)(c1ccc(-n2c(=O)c3c4c(=O)n(C)c(=O)c4c4c5c(=O)oc(=O)c5c5c(=O)oc(=O)c5c4c3c2=O)cc1)C(F)(F)F,"384,369,125","697,62,524",25.42,23.1,116.95,469.92,4.52,0.1428
None,182,135,0.0,0.0,0.0,0.0,0.0,0.0
None,43,231,0.0,0.0,0.0,0.0,0.0,0.0
None,285,228,0.0,0.0,0.0,0.0,0.0,0.0
None,185,542,0.0,0.0,0.0,0.0,0.0,0.0
None,59,974,0.0,0.0,0.0,0.0,0.0,0.0
None,187,511,0.0,0.0,0.0,0.0,0.0,0.0
None,259,361,0.0,0.0,0.0,0.0,0.0,0.0
Cc1ccc2cc(N3C(=O)C4C5(F)C(=O)N(C)C(=O)C5C4(F)C3=O)cc(F)c2c1F,374,226,76.58,26.51,95.23,386.83,4.47,0.3932
None,"270,149","978,44",0.0,0.0,0.0,0.0,0.0,0.0
None,285,637,0.0,0.0,0.0,0.0,0.0,0.0
None,395,632,0.0,0.0,0.0,0.0,0.0,0.0
None,396,921,0.0,0.0,0.0,0.0,0.0,0.0
None,"84,455","984,897",0.0,0.0,0.0,0.0,0.0,0.0
None,52,665,0.0,0.0,0.0,0.0,0.0,0.0
None,"543,381","267,463",0.0,0.0,0.0,0.0,0.0,0.0
None,300,710,0.0,0.0,0.0,0.0,0.0,0.0
None,"38,49","611,539",0.0,0.0,0.0,0.0,0.0,0.0
None,141,142,0.0,0.0,0.0,0.0,0.0,0.0
None,"282,102","458,302",0.0,0.0,0.0,0.0,0.0,0.0
None,278,503,0.0,0.0,0.0,0.0,0.0,0.0
None,392,415,0.0,0.0,0.0,0.0,0.0,0.0
None,0,819,0.0,0.0,0.0,0.0,0.0,0.0
None,240,333,0.0,0.0,0.0,0.0,0.0,0.0
None,462,179,0.0,0.0,0.0,0.0,0.0,0.0
None,"416,91","7,106",0.0,0.0,0.0,0.0,0.0,0.0
None,118,759,0.0,0.0,0.0,0.0,0.0,0.0
None,184,37,0.0,0.0,0.0,0.0,0.0,0.0
None,148,231,0.0,0.0,0.0,0.0,0.0,0.0
Cc1c2ccccc2cc2cc(N3C(=O)c4ccc(-c5c6c(cc7ccccc57)C(=O)N(C)C6=O)cc4C3=O)ccc12,161,208,0.65,32.44,192.22,366.31,2.77,0.0042
Cc1ccc2c(c1)nnc1cc(N3C(=O)c4ccc(-c5ccccc5OC5=CC6C(=O)N(C)C(=O)C6C=C5)cc4C3=O)ccc12,"20,8","517,535",64.5,30.39,107.22,362.52,3.91,0.3462
None,513,928,0.0,0.0,0.0,0.0,0.0,0.0
None,"129,73","3,115",0.0,0.0,0.0,0.0,0.0,0.0
None,"326,354","259,366",0.0,0.0,0.0,0.0,0.0,0.0
None,460,737,0.0,0.0,0.0,0.0,0.0,0.0
None,370,292,0.0,0.0,0.0,0.0,0.0,0.0
None,181,774,0.0,0.0,0.0,0.0,0.0,0.0
CC1=C(C2CC(=O)N(C)C2=O)CCC2C(=O)N(c3ccc4c(c3)OCCOCCOc3ccc(C)cc3OCCOCCO4)C(=O)C12,484,395,88.78,61.53,71.77,257.66,4.64,0.3127
Cc1ccc(S(=O)(=O)c2ccc(N3C(=O)c4ccc(C(=O)CCCC(=O)C5CC=C(c6ccc(OC7=CC8C(=O)N(C)C(=O)C8C=C7)cc6C)CC5)cc4C3=O)cc2O)c(O)c1,"230,115,8","13,811,634",83.04,50.03,80.14,285.64,4.79,0.3205
None,"108,153","685,640",0.0,0.0,0.0,0.0,0.0,0.0
None,468,634,0.0,0.0,0.0,0.0,0.0,0.0
None,"24,500","941,50",0.0,0.0,0.0,0.0,0.0,0.0
None,"350,90","535,570",0.0,0.0,0.0,0.0,0.0,0.0
None,"112,81","622,378",0.0,0.0,0.0,0.0,0.0,0.0
None,238,312,0.0,0.0,0.0,0.0,0.0,0.0
None,298,976,0.0,0.0,0.0,0.0,0.0,0.0
None,447,571,0.0,0.0,0.0,0.0,0.0,0.0
None,"339,115,305","207,770,85",0.0,0.0,0.0,0.0,0.0,0.0
None,433,52,0.0,0.0,0.0,0.0,0.0,0.0
None,235,215,0.0,0.0,0.0,0.0,0.0,0.0
None,3,268,0.0,0.0,0.0,0.0,0.0,0.0
Cc1c(N2C(=O)c3ccc(-c4c5c(cc6ccccc46)C(=O)N(C)C5=O)cc3C2=O)c2ccccc2c2ccccc12,161,636,1.14,39.45,192.24,363.54,2.78,0.0072
None,132,417,0.0,0.0,0.0,0.0,0.0,0.0
Cc1ccc(CN2C(=O)C3C4C=CC(C5C(=O)N(C)C(=O)C45)C3C2=O)cc1,"26,575","10,916",78.92,37.52,93.89,424.93,4.5,0.3935
None,15,325,0.0,0.0,0.0,0.0,0.0,0.0
None,61,267,0.0,0.0,0.0,0.0,0.0,0.0
None,"14,287","688,705",0.0,0.0,0.0,0.0,0.0,0.0
Cc1ccc(-c2ccc(N3C(=O)C4C(C3=O)C3C5CC(C6C7C(=O)N(C)C(=O)C7C56)C43)cc2)c(O)c1Cl,"111,411","840,461",76.46,22.51,108.54,426.31,5.39,0.3899
Cc1cccc2ccc3ccc(N4C(=O)c5ccc(C#Cc6ccc(C#Cc7ccc8c(c7)C(=O)N(C)C8=O)cc6)cc5C4=O)cc3c12,249,214,0.55,46.19,150.15,277.42,3.04,0.003
None,298,763,0.0,0.0,0.0,0.0,0.0,0.0
None,273,814,0.0,0.0,0.0,0.0,0.0,0.0
None,383,251,0.0,0.0,0.0,0.0,0.0,0.0
CCC(CCC(C)C)(c1ccc(N2C(=O)c3ccc(C(C)(C)C4=CCC(c5cc(F)c6c(c5)C(=O)N(C)C6=O)C=C4)cc3C2=O)cc1)c1cc(Cl)c(C)cc1Cl,"105,345","677,824",83.57,46.06,85.5,292.84,4.5,0.3515
None,"113,58","386,275",0.0,0.0,0.0,0.0,0.0,0.0
Cc1ccc(C2C=CC=C(N3C(=O)c4ccc(C5C=CC=C6C(=O)N(C)C(=O)C65)cc4C3=O)C=C2)cc1,522,288,81.19,54.44,89.81,355.13,4.33,0.3555
None,"160,166","816,452",0.0,0.0,0.0,0.0,0.0,0.0
None,"51,434","509,441",0.0,0.0,0.0,0.0,0.0,0.0
None,249,138,0.0,0.0,0.0,0.0,0.0,0.0
None,"510,564,520","850,716,489",0.0,0.0,0.0,0.0,0.0,0.0
None,435,906,0.0,0.0,0.0,0.0,0.0,0.0
None,"103,145","771,928",0.0,0.0,0.0,0.0,0.0,0.0
None,"160,305","760,381",0.0,0.0,0.0,0.0,0.0,0.0
None,112,308,0.0,0.0,0.0,0.0,0.0,0.0
None,546,693,0.0,0.0,0.0,0.0,0.0,0.0
None,61,108,0.0,0.0,0.0,0.0,0.0,0.0
None,306,880,0.0,0.0,0.0,0.0,0.0,0.0
None,213,341,0.0,0.0,0.0,0.0,0.0,0.0
None,32,558,0.0,0.0,0.0,0.0,0.0,0.0
C=Cc1cc(-c2ccc(C)cc2)ccc1N1C(=O)c2ccc(C3=CC=C4C(=O)N(C)C(=O)C4C3C)cc2C1=O,318,776,58.87,37.29,135.24,313.01,3.85,0.3041
None,78,506,0.0,0.0,0.0,0.0,0.0,0.0
None,530,771,0.0,0.0,0.0,0.0,0.0,0.0
None,272,807,0.0,0.0,0.0,0.0,0.0,0.0
None,33,434,0.0,0.0,0.0,0.0,0.0,0.0
None,346,945,0.0,0.0,0.0,0.0,0.0,0.0
None,196,770,0.0,0.0,0.0,0.0,0.0,0.0
Cc1ccc(C2(c3ccc(N4C(=O)c5ccc(-c6ccc7cc8c(cc7c6)C(=O)N(C)C8=O)cc5C4=O)cc3)c3ccccc3C(=O)c3ccccc32)cc1,"205,252,231","409,418,851",1.21,32.64,129.57,379.82,3.06,0.0073
None,525,405,0.0,0.0,0.0,0.0,0.0,0.0
None,264,575,0.0,0.0,0.0,0.0,0.0,0.0
None,43,896,0.0,0.0,0.0,0.0,0.0,0.0
None,"62,158","10,981",0.0,0.0,0.0,0.0,0.0,0.0
None,497,516,0.0,0.0,0.0,0.0,0.0,0.0
None,307,47,0.0,0.0,0.0,0.0,0.0,0.0
None,"329,229,127","653,200,179",0.0,0.0,0.0,0.0,0.0,0.0
None,465,762,0.0,0.0,0.0,0.0,0.0,0.0
None,0,579,0.0,0.0,0.0,0.0,0.0,0.0
None,292,213,0.0,0.0,0.0,0.0,0.0,0.0
None,163,620,0.0,0.0,0.0,0.0,0.0,0.0
None,215,378,0.0,0.0,0.0,0.0,0.0,0.0
None,"107,213","212,894",0.0,0.0,0.0,0.0,0.0,0.0
None,156,74,0.0,0.0,0.0,0.0,0.0,0.0
CC1=CC=C(C2(c3ccc(N4C(=O)C5C6C=CC(C7C(=O)N(C)C(=O)C67)C5C4=O)cc3)CCCCC2)CC1,575,712,77.91,37.11,81.73,369.85,5.21,0.3418
None,"238,407,44","609,963,82",0.0,0.0,0.0,0.0,0.0,0.0
Cc1ccc(-c2c(C)c(F)c(N3C(=O)C4=CC=C(Oc5ccc6c(c5)C(=O)N(C)C6=O)C(C)C4C3=O)c(F)c2F)cc1,2,484,80.17,49.41,100.04,314.87,4.04,0.3674
None,322,42,0.0,0.0,0.0,0.0,0.0,0.0
None,121,141,0.0,0.0,0.0,0.0,0.0,0.0
None,418,701,0.0,0.0,0.0,0.0,0.0,0.0
None,104,105,0.0,0.0,0.0,0.0,0.0,0.0
None,300,834,0.0,0.0,0.0,0.0,0.0,0.0
None,490,587,0.0,0.0,0.0,0.0,0.0,0.0
None,266,61,0.0,0.0,0.0,0.0,0.0,0.0
Cc1ccc(-c2ccc3ccc4c(N5C(=O)c6cc(-c7ccc8c(c7)C(=O)N(C)C8=O)cc(F)c6C5=O)ccc5ccc2c3c54)cc1,345,447,0.23,10.45,183.66,367.8,2.92,0.0016
None,"222,417","458,793",0.0,0.0,0.0,0.0,0.0,0.0
None,447,823,0.0,0.0,0.0,0.0,0.0,0.0
None,"510,188","983,496",0.0,0.0,0.0,0.0,0.0,0.0
None,518,16,0.0,0.0,0.0,0.0,0.0,0.0
None,"236,206","684,230",0.0,0.0,0.0,0.0,0.0,0.0
None,456,874,0.0,0.0,0.0,0.0,0.0,0.0
None,258,533,0.0,0.0,0.0,0.0,0.0,0.0
None,"122,236,243","604,902,924",0.0,0.0,0.0,0.0,0.0,0.0
CC1CCCc2c1cccc2N1C(=O)C2C3CCC(C4C(=O)N(C)C(=O)C34)C2C1=O,"320,496","249,233",80.89,44.65,87.87,369.35,4.87,0.3487
Cc1ccc2c(N3C(=O)c4ccc(-c5ccc6c(c5C)C(=O)N(C)C6=O)cc4C3=O)cc(C)c(C)c2c1,314,82,18.84,10.71,144.12,424.11,2.75,0.1328
None,"366,260","799,717",0.0,0.0,0.0,0.0,0.0,0.0
None,431,50,0.0,0.0,0.0,0.0,0.0,0.0
None,"326,194,398","841,370,573",0.0,0.0,0.0,0.0,0.0,0.0
None,"153,431","694,81",0.0,0.0,0.0,0.0,0.0,0.0
None,468,288,0.0,0.0,0.0,0.0,0.0,0.0
None,541,214,0.0,0.0,0.0,0.0,0.0,0.0
None,399,202,0.0,0.0,0.0,0.0,0.0,0.0
None,6,245,0.0,0.0,0.0,0.0,0.0,0.0
None,188,790,0.0,0.0,0.0,0.0,0.0,0.0
None,141,626,0.0,0.0,0.0,0.0,0.0,0.0
None,"193,310","795,56",0.0,0.0,0.0,0.0,0.0,0.0
None,459,3,0.0,0.0,0.0,0.0,0.0,0.0
None,183,686,0.0,0.0,0.0,0.0,0.0,0.0
None,539,156,0.0,0.0,0.0,0.0,0.0,0.0
None,219,461,0.0,0.0,0.0,0.0,0.0,0.0
None,25,728,0.0,0.0,0.0,0.0,0.0,0.0
None,77,264,0.0,0.0,0.0,0.0,0.0,0.0
None,76,80,0.0,0.0,0.0,0.0,0.0,0.0
CC1=C(N2C(=O)c3ccc(C(=O)CCCCC(=O)c4cc(C#Cc5ccccc5)c5c(c4)C(=O)N(C)C5=O)cc3C2=O)C=CC(C)(c2ccc(C)cc2)C1,"324,108","719,598",30.1,53.41,117.74,222.03,4.02,0.1266
None,55,65,0.0,0.0,0.0,0.0,0.0,0.0
None,380,578,0.0,0.0,0.0,0.0,0.0,0.0
None,512,906,0.0,0.0,0.0,0.0,0.0,0.0
None,391,119,0.0,0.0,0.0,0.0,0.0,0.0
Cc1cc(F)cc(-c2ccc(N3C(=O)c4cc(-c5cccc(C6(C)c7ccc(-c8ccc9c(c8)C(=O)N(C)C9=O)cc76)c5)cc(C#Cc5ccccc5)c4C3=O)cc2)c1,"131,108","376,46",45.55,34.46,105.78,294.95,3.93,0.2267
None,378,675,0.0,0.0,0.0,0.0,0.0,0.0
Cc1ccc(-c2ccc(N3C(=O)c4ccc(C(F)(F)C(F)(F)C5CC(=O)N(C)C5=O)cc4C3=O)cc2)c2c1CCCC2,"132,69","607,714",17.36,45.35,92.26,353.44,3.55,0.0891
CC1=CCCc2c1cccc2N1C(=O)c2c(C(C)(C)C)c(-c3ccc4c(c3)C(=O)N(C)C4=O)c3ccccc3c2C1=O,"214,11,346,102","482,423,22,117",41.92,38.77,127.29,357.1,3.15,0.2404
None,184,684,0.0,0.0,0.0,0.0,0.0,0.0
None,276,392,0.0,0.0,0.0,0.0,0.0,0.0
None,513,137,0.0,0.0,0.0,0.0,0.0,0.0
None,328,370,0.0,0.0,0.0,0.0,0.0,0.0
None,253,477,0.0,0.0,0.0,0.0,0.0,0.0
None,"103,235","843,796",0.0,0.0,0.0,0.0,0.0,0.0
None,"120,6","729,354",0.0,0.0,0.0,0.0,0.0,0.0
None,246,746,0.0,0.0,0.0,0.0,0.0,0.0
None,"282,315","448,210",0.0,0.0,0.0,0.0,0.0,0.0
None,"221,385","281,452",0.0,0.0,0.0,0.0,0.0,0.0
None,"277,530","244,799",0.0,0.0,0.0,0.0,0.0,0.0
None,180,568,0.0,0.0,0.0,0.0,0.0,0.0
None,395,264,0.0,0.0,0.0,0.0,0.0,0.0
Cc1cc(N2C(=O)C3C4C=CC(C5C(=O)N(C)C(=O)C45)C3C2=O)c2cc(C)cc(C)c2c1,"575,299","72,170",78.63,27.21,104.39,445.34,4.81,0.4062
None,540,963,0.0,0.0,0.0,0.0,0.0,0.0
None,305,606,0.0,0.0,0.0,0.0,0.0,0.0
None,"83,56","517,654",0.0,0.0,0.0,0.0,0.0,0.0
None,464,50,0.0,0.0,0.0,0.0,0.0,0.0
Cc1ccc(-n2ccc3c(N4C(=O)C5C(C4=O)C4(F)C(=O)N(C)C(=O)C54F)nccc32)cc1,"160,373","531,982",73.25,11.33,134.18,410.84,4.29,0.4327
None,21,307,0.0,0.0,0.0,0.0,0.0,0.0
None,177,964,0.0,0.0,0.0,0.0,0.0,0.0
None,428,839,0.0,0.0,0.0,0.0,0.0,0.0
None,243,733,0.0,0.0,0.0,0.0,0.0,0.0
None,"556,404","215,429",0.0,0.0,0.0,0.0,0.0,0.0
Cc1c(O)cc(-c2ccc(N3C(=O)c4cc(C5(c6ccc7c(c6)C(=O)OC7=O)CCCCCCCC5)c5c6c(cc(-c7cc(C#Cc8ccccc8)c8c(c7)C(=O)OC8=O)c(c46)C3=O)C(=O)N(C)C5=O)cc2)cc1Cl,"75,437,108","882,191,110",5.09,33.21,92.24,317.56,4.8,0.0227
None,"186,472","931,328",0.0,0.0,0.0,0.0,0.0,0.0
None,"311,131,284","649,26,864",0.0,0.0,0.0,0.0,0.0,0.0
None,"563,281","232,624",0.0,0.0,0.0,0.0,0.0,0.0
None,427,37,0.0,0.0,0.0,0.0,0.0,0.0
None,536,982,0.0,0.0,0.0,0.0,0.0,0.0
None,245,334,0.0,0.0,0.0,0.0,0.0,0.0
None,59,581,0.0,0.0,0.0,0.0,0.0,0.0
None,162,603,0.0,0.0,0.0,0.0,0.0,0.0
None,163,972,0.0,0.0,0.0,0.0,0.0,0.0
None,"337,529","883,299",0.0,0.0,0.0,0.0,0.0,0.0
None,"72,338","765,568",0.0,0.0,0.0,0.0,0.0,0.0
None,503,632,0.0,0.0,0.0,0.0,0.0,0.0
Cc1ccc(C(=O)CCN2C(=O)c3cc#cc(-c4ccc5c(c4)C(=O)N(C)C5=O)c3C2=O)cc1,159,509,1.86,35.91,161.87,313.17,3.22,0.0107
None,"211,339","748,511",0.0,0.0,0.0,0.0,0.0,0.0
None,"251,290","236,339",0.0,0.0,0.0,0.0,0.0,0.0
Cc1ccc2c(c1)Cc1cc(N3C(=O)C4=CC(c5ccc6c(c5)C(=O)N(C)C6=O)=CCC4C3=O)c(Br)cc1-2,"19,538","521,564",21.31,40.67,94.42,333.62,3.68,0.1085
None,310,75,0.0,0.0,0.0,0.0,0.0,0.0
None,29,545,0.0,0.0,0.0,0.0,0.0,0.0
Cc1ccc2c(c1)Oc1ccc(N3C(=O)c4ccc(-c5ccc6c(c5F)C(=O)N(C)C6=O)cc4C3=O)cc1O2,344,396,4.86,38.61,109.97,318.47,2.91,0.0275
None,"289,324,244","81,678,399",0.0,0.0,0.0,0.0,0.0,0.0
Cc1ccc(OC2=CC=C(N3C(=O)C4C(=O)N(C)C(=O)C4C3=O)C=CC2)cc1,355,345,82.08,45.61,99.31,329.83,3.91,0.3957
None,309,419,0.0,0.0,0.0,0.0,0.0,0.0
None,"226,28","777,311",0.0,0.0,0.0,0.0,0.0,0.0
None,108,97,0.0,0.0,0.0,0.0,0.0,0.0
None,319,894,0.0,0.0,0.0,0.0,0.0,0.0
None,"193,224","435,424",0.0,0.0,0.0,0.0,0.0,0.0
None,105,200,0.0,0.0,0.0,0.0,0.0,0.0
None,456,241,0.0,0.0,0.0,0.0,0.0,0.0
None,143,824,0.0,0.0,0.0,0.0,0.0,0.0
None,328,3,0.0,0.0,0.0,0.0,0.0,0.0
Cc1ccc2c(C)c(-n3c(=O)c4c5c(=O)oc(=O)c5c5c6c(=O)oc(=O)c6c6c(=O)n(C)c(=O)c6c5c4c3=O)ccc2c1C,"384,289","867,186",1.04,-1.42,160.86,477.75,3.37,0.0074
None,486,611,0.0,0.0,0.0,0.0,0.0,0.0
None,479,790,0.0,0.0,0.0,0.0,0.0,0.0
None,472,619,0.0,0.0,0.0,0.0,0.0,0.0
None,319,127,0.0,0.0,0.0,0.0,0.0,0.0
Cc1ccc2c3c(ccc(N4C(=O)c5ccc(CC6=CC7C(=O)N(C)C(=O)C7C=C6)cc5C4=O)c13)C=C2,520,188,71.76,38.83,105.12,358.74,4.01,0.3635
None,328,973,0.0,0.0,0.0,0.0,0.0,0.0
None,"118,504","156,688",0.0,0.0,0.0,0.0,0.0,0.0
None,465,624,0.0,0.0,0.0,0.0,0.0,0.0
None,"121,557,235","813,779,461",0.0,0.0,0.0,0.0,0.0,0.0
None,412,445,0.0,0.0,0.0,0.0,0.0,0.0
None,57,368,0.0,0.0,0.0,0.0,0.0,0.0
None,390,833,0.0,0.0,0.0,0.0,0.0,0.0
None,"256,71,408","366,683,51",0.0,0.0,0.0,0.0,0.0,0.0
Cc1ccc(C)c(-c2ccc(N3C(=O)c4ccc(C5(c6ccc7c(c6)C(=O)N(C)C7=O)c6ccccc6-c6ccccc65)cc4C3=O)cc2)c1,570,769,15.37,36.03,123.6,362.19,2.92,0.0916
None,241,653,0.0,0.0,0.0,0.0,0.0,0.0
None,272,386,0.0,0.0,0.0,0.0,0.0,0.0
Cc1cc(F)c(F)cc1-n1c(=O)c2cc3ccc4cc5c(=O)n(C)c(=O)c5cc4ccc3cc2c1=O,223,3,0.63,4.64,164.65,384.97,2.64,0.0045
None,213,773,0.0,0.0,0.0,0.0,0.0,0.0
None,389,105,0.0,0.0,0.0,0.0,0.0,0.0
None,540,370,0.0,0.0,0.0,0.0,0.0,0.0
None,141,73,0.0,0.0,0.0,0.0,0.0,0.0
CC1=CC=C(C(C)(C)c2ccc(N3C(=O)C4C5(F)C(=O)N(C)C(=O)C5C4(F)C3=O)cc2)CC1,374,711,80.49,47.1,91.24,321.06,4.73,0.3352
Cc1ccc2c(c1)Oc1cc(-n3c(=O)c4c5c(=O)n(C)c(=O)c5c5c6c(=O)oc(=O)c6c6c(=O)oc(=O)c6c5c4c3=O)ccc1N2,"384,372","31,667",0.13,19.98,137.98,436.85,3.56,0.0008
None,522,200,0.0,0.0,0.0,0.0,0.0,0.0
None,"276,270","893,29",0.0,0.0,0.0,0.0,0.0,0.0
None,379,37,0.0,0.0,0.0,0.0,0.0,0.0
None,113,782,0.0,0.0,0.0,0.0,0.0,0.0
None,27,801,0.0,0.0,0.0,0.0,0.0,0.0
None,299,151,0.0,0.0,0.0,0.0,0.0,0.0
None,"25,357","609,913",0.0,0.0,0.0,0.0,0.0,0.0
Cc1ccc(C)c2c(N3C(=O)c4ccc(C5C=CC(OC6=CC7C(=O)N(C)C(=O)C7C=C6)=CC5)cc4C3=O)cccc12,116,124,83.65,41.71,87.5,353.94,4.35,0.3905
None,122,66,0.0,0.0,0.0,0.0,0.0,0.0
None,"57,54","865,77",0.0,0.0,0.0,0.0,0.0,0.0
Cc1cnn(-c2ccc(N3C(=O)C4CCC(C5CCCC6C(=O)N(C)C(=O)C65)CC4C3=O)cc2)c1,352,518,78.45,52.69,95.96,292.41,4.13,0.3399
None,"60,177","504,930",0.0,0.0,0.0,0.0,0.0,0.0
Cc1cc(C)c2c(N3C(=O)CC(C4CC5C(=O)N(C)C(=O)C5c5ccccc54)C3=O)c(C)ccc2c1,564,125,81.19,48.66,104.94,368.38,3.96,0.3971
None,273,879,0.0,0.0,0.0,0.0,0.0,0.0
None,452,174,0.0,0.0,0.0,0.0,0.0,0.0
None,"289,149","920,128",0.0,0.0,0.0,0.0,0.0,0.0
None,93,416,0.0,0.0,0.0,0.0,0.0,0.0
Cc1cc2ccccc2c2ccc(N3C(=O)c4ccc([Si](c5ccccc5)(c5ccccc5)c5ccc6c(c5)C(=O)N(C)C6=O)cc4C3=O)cc12,382,213,11.2,40.45,132.31,289.22,3.11,0.0613
None,444,853,0.0,0.0,0.0,0.0,0.0,0.0
None,446,132,0.0,0.0,0.0,0.0,0.0,0.0
None,205,412,0.0,0.0,0.0,0.0,0.0,0.0
None,"44,248","514,677",0.0,0.0,0.0,0.0,0.0,0.0
None,478,746,0.0,0.0,0.0,0.0,0.0,0.0
None,470,385,0.0,0.0,0.0,0.0,0.0,0.0
None,13,119,0.0,0.0,0.0,0.0,0.0,0.0
None,"211,183","959,684",0.0,0.0,0.0,0.0,0.0,0.0
None,275,345,0.0,0.0,0.0,0.0,0.0,0.0
None,"304,97","788,997",0.0,0.0,0.0,0.0,0.0,0.0
Cc1cc2ccccc2c2cccc(N3C(=O)c4c(F)cc(-c5ccc6c(c5)C(=O)N(C)C6=O)c(F)c4C3=O)c12,327,88,3.68,34.54,151.38,339.44,2.89,0.0223
None,140,386,0.0,0.0,0.0,0.0,0.0,0.0
None,79,859,0.0,0.0,0.0,0.0,0.0,0.0
None,"110,160","591,704",0.0,0.0,0.0,0.0,0.0,0.0
None,423,816,0.0,0.0,0.0,0.0,0.0,0.0
None,42,796,0.0,0.0,0.0,0.0,0.0,0.0
None,239,298,0.0,0.0,0.0,0.0,0.0,0.0
None,459,635,0.0,0.0,0.0,0.0,0.0,0.0
None,205,50,0.0,0.0,0.0,0.0,0.0,0.0
None,"118,549","648,204",0.0,0.0,0.0,0.0,0.0,0.0
Cc1ccc(-c2cc(C)cc(N3C(=O)c4ccc(C(F)(F)C(F)(F)C(F)(F)C(F)(F)C(F)(F)C(F)(F)c5c6c(=O)oc(=O)c6c(C)c6c(=O)n(C)c(=O)c56)cc4C3=O)c2)cc1,"276,502","407,241",51.5,34.45,115.28,331.94,3.91,0.2668
None,78,654,0.0,0.0,0.0,0.0,0.0,0.0
Cc1ccc(C(c2cc(O)c(N3C(=O)C4C=CC(Oc5ccc6c(c5)C(=O)N(C)C6=O)=CC4C3=O)c(Cl)c2)(C(F)(F)F)C(F)(F)C(F)(F)C(F)(F)F)cc1,"8,7","741,882",84.4,55.17,95.59,257.21,4.7,0.3163
None,503,935,0.0,0.0,0.0,0.0,0.0,0.0
None,408,91,0.0,0.0,0.0,0.0,0.0,0.0
None,"35,229","54,402",0.0,0.0,0.0,0.0,0.0,0.0
None,0,927,0.0,0.0,0.0,0.0,0.0,0.0
None,49,255,0.0,0.0,0.0,0.0,0.0,0.0
None,229,526,0.0,0.0,0.0,0.0,0.0,0.0
None,50,113,0.0,0.0,0.0,0.0,0.0,0.0
None,"315,557","107,682",0.0,0.0,0.0,0.0,0.0,0.0
None,271,333,0.0,0.0,0.0,0.0,0.0,0.0
None,27,414,0.0,0.0,0.0,0.0,0.0,0.0
None,78,845,0.0,0.0,0.0,0.0,0.0,0.0
None,161,878,0.0,0.0,0.0,0.0,0.0,0.0
None,518,976,0.0,0.0,0.0,0.0,0.0,0.0
None,156,364,0.0,0.0,0.0,0.0,0.0,0.0
None,413,391,0.0,0.0,0.0,0.0,0.0,0.0
Cc1cc2c(C)cccc2cc1-c1ccc(N2C(=O)C3C4C=CC(C5C(=O)N(C)C(=O)C45)C3C2=O)cc1,575,167,76.38,24.53,109.15,411.82,4.7,0.3967
None,53,657,0.0,0.0,0.0,0.0,0.0,0.0
None,"172,308","748,762",0.0,0.0,0.0,0.0,0.0,0.0
Cc1ccc2c(N3C(=O)c4ccc(C(F)(F)C(F)(F)C(F)(F)C(F)(F)C(F)(F)C(F)(F)C5C=CC=C6C(=O)N(C)C(=O)C65)cc4C3=O)cccc2c1C,"276,522","223,702",86.53,56.55,103.42,292.95,4.5,0.3483
None,198,897,0.0,0.0,0.0,0.0,0.0,0.0
None,"101,181","458,25",0.0,0.0,0.0,0.0,0.0,0.0
None,58,757,0.0,0.0,0.0,0.0,0.0,0.0
None,"406,224","548,699",0.0,0.0,0.0,0.0,0.0,0.0
CC1=CC(C)Cc2cccc(N3C(=O)CC(C4CC5C(=O)N(C)C(=O)C5c5ccccc54)C3=O)c21,"18,564","168,312",77.87,51.17,88.88,300.66,4.3,0.3315
None,"75,218","741,677",0.0,0.0,0.0,0.0,0.0,0.0
None,"485,57","126,186",0.0,0.0,0.0,0.0,0.0,0.0
None,146,841,0.0,0.0,0.0,0.0,0.0,0.0
None,13,775,0.0,0.0,0.0,0.0,0.0,0.0
None,358,358,0.0,0.0,0.0,0.0,0.0,0.0
Cc1ccc(-c2ccc(N3C(=O)c4ccc(-c5ccc6c(c5)C(=O)N(C)C6=O)cc4C3=O)cc2)cc1C#N,1,806,0.62,20.07,151.18,339.49,2.53,0.0041
None,364,334,0.0,0.0,0.0,0.0,0.0,0.0
None,315,364,0.0,0.0,0.0,0.0,0.0,0.0
None,177,969,0.0,0.0,0.0,0.0,0.0,0.0
None,530,105,0.0,0.0,0.0,0.0,0.0,0.0
None,474,375,0.0,0.0,0.0,0.0,0.0,0.0
None,184,843,0.0,0.0,0.0,0.0,0.0,0.0
None,552,312,0.0,0.0,0.0,0.0,0.0,0.0
None,187,550,0.0,0.0,0.0,0.0,0.0,0.0
None,482,347,0.0,0.0,0.0,0.0,0.0,0.0
None,383,610,0.0,0.0,0.0,0.0,0.0,0.0
None,51,269,0.0,0.0,0.0,0.0,0.0,0.0
None,"25,35","114,609",0.0,0.0,0.0,0.0,0.0,0.0
None,441,129,0.0,0.0,0.0,0.0,0.0,0.0
None,322,594,0.0,0.0,0.0,0.0,0.0,0.0
None,89,486,0.0,0.0,0.0,0.0,0.0,0.0
None,76,622,0.0,0.0,0.0,0.0,0.0,0.0
None,213,93,0.0,0.0,0.0,0.0,0.0,0.0
None,"485,438","466,322",0.0,0.0,0.0,0.0,0.0,0.0
None,"440,414","92,543",0.0,0.0,0.0,0.0,0.0,0.0
None,"136,6","956,455",0.0,0.0,0.0,0.0,0.0,0.0
None,552,931,0.0,0.0,0.0,0.0,0.0,0.0
None,459,718,0.0,0.0,0.0,0.0,0.0,0.0
C=Cc1ccc2c(c1)C(c1ccc3c(c1)C(=O)N(C)C3=O)(c1ccc3c(c1)C(=O)N(c1ccc4c(c1)-c1ccccc1C41c4ccccc4-c4cc(C)ccc41)C3=O)c1cc(C=C)ccc1-2,"450,150","1003,250",16.91,55.89,100.35,403.76,4.51,0.0755
None,291,430,0.0,0.0,0.0,0.0,0.0,0.0
None,"173,360","863,928",0.0,0.0,0.0,0.0,0.0,0.0
None,433,166,0.0,0.0,0.0,0.0,0.0,0.0
Cc1c(-c2ccc(N3C(=O)C4=CC(Oc5ccc6c(c5)C(=O)N(C)C6=O)=CCC4C3=O)cc2)ccc2ccccc12,22,580,29.61,43.09,96.24,334.59,3.46,0.1536
None,"410,380","510,349",0.0,0.0,0.0,0.0,0.0,0.0
None,319,483,0.0,0.0,0.0,0.0,0.0,0.0
None,"276,525","403,693",0.0,0.0,0.0,0.0,0.0,0.0
None,444,321,0.0,0.0,0.0,0.0,0.0,0.0
None,491,43,0.0,0.0,0.0,0.0,0.0,0.0
CC=c1ccc(N2C(=O)c3ccc(C4=C5C(=O)N(C)C(=O)C5=CCC4)cc3C2=O)c(-c2ccc(C)cc2)c1=CC,"220,20,517","205,548,122",9.3,32.92,138.08,375.49,3.46,0.0539
None,2,314,0.0,0.0,0.0,0.0,0.0,0.0
Cc1ccc(OC2=CC=C(N3C(=O)C4C(C3=O)C3C5C=CC(C6C(=O)N(C)C(=O)C56)C43)CC=C2)cc1,458,353,78.67,33.36,85.34,380.47,5.61,0.3571
None,166,616,0.0,0.0,0.0,0.0,0.0,0.0
None,275,403,0.0,0.0,0.0,0.0,0.0,0.0
None,"107,219","867,16",0.0,0.0,0.0,0.0,0.0,0.0
None,53,127,0.0,0.0,0.0,0.0,0.0,0.0
None,"87,13,158,540,36","174,722,152,340,587",0.0,0.0,0.0,0.0,0.0,0.0
None,"278,524","996,912",0.0,0.0,0.0,0.0,0.0,0.0
None,"366,450,451","160,412,818",0.0,0.0,0.0,0.0,0.0,0.0
None,266,433,0.0,0.0,0.0,0.0,0.0,0.0
None,"172,22,12","641,930,584",0.0,0.0,0.0,0.0,0.0,0.0
None,8,41,0.0,0.0,0.0,0.0,0.0,0.0
None,"248,189","899,99",0.0,0.0,0.0,0.0,0.0,0.0
None,386,233,0.0,0.0,0.0,0.0,0.0,0.0
None,"117,346","573,983",0.0,0.0,0.0,0.0,0.0,0.0
None,121,300,0.0,0.0,0.0,0.0,0.0,0.0
None,268,638,0.0,0.0,0.0,0.0,0.0,0.0
None,85,76,0.0,0.0,0.0,0.0,0.0,0.0
None,488,549,0.0,0.0,0.0,0.0,0.0,0.0
None,451,297,0.0,0.0,0.0,0.0,0.0,0.0
None,155,656,0.0,0.0,0.0,0.0,0.0,0.0
None,498,54,0.0,0.0,0.0,0.0,0.0,0.0
Cc1ccc2c(c1)C1c3ccccc3C2c2cc(N3C(=O)C4C5C(=O)N(C)C(=O)C5C4(F)C3=O)ccc21,372,1001,77.9,38.97,86.09,432.97,5.09,0.3593
None,192,461,0.0,0.0,0.0,0.0,0.0,0.0
None,425,877,0.0,0.0,0.0,0.0,0.0,0.0
None,"165,21","281,43",0.0,0.0,0.0,0.0,0.0,0.0
Cc1ccc2cc(N3C(=O)c4ccc([Si](c5ccccc5)(c5ccccc5)c5ccc6c(c5)C(=O)N(C)C6=O)cc4C3=O)c3cc4ccccc4cc3c2c1,382,567,6.42,39.76,132.18,306.17,3.24,0.0351
None,263,583,0.0,0.0,0.0,0.0,0.0,0.0
None,468,654,0.0,0.0,0.0,0.0,0.0,0.0
Cc1c(F)cc(F)c2cccc(N3C(=O)C4C5C=CC(C6C(=O)N(C)C(=O)C56)C4C3=O)c12,575,180,79.18,30.04,102.38,427.59,4.94,0.3902
None,117,480,0.0,0.0,0.0,0.0,0.0,0.0
None,240,346,0.0,0.0,0.0,0.0,0.0,0.0
None,445,964,0.0,0.0,0.0,0.0,0.0,0.0
None,298,16,0.0,0.0,0.0,0.0,0.0,0.0
None,"120,189","464,162",0.0,0.0,0.0,0.0,0.0,0.0
None,197,877,0.0,0.0,0.0,0.0,0.0,0.0
None,478,498,0.0,0.0,0.0,0.0,0.0,0.0
None,15,965,0.0,0.0,0.0,0.0,0.0,0.0
None,288,813,0.0,0.0,0.0,0.0,0.0,0.0
None,58,355,0.0,0.0,0.0,0.0,0.0,0.0
Cc1ccc2c(c1)-c1cc3c(cc1CC2)-c1cc(N2C(=O)C4C5C(=O)N(C)C(=O)C5(F)C4(C)C2=O)ccc1CC3,"284,62,364","596,308,86",77.79,40.58,115.89,350.55,4.33,0.3753
C=Cc1cc(-c2ccc3c(c2)C(=O)N(C)C3=O)cc2c1C(=O)N(C(c1ccc(C)cc1)C(C)C)C2=O,479,15,59.96,57.11,99.03,309.82,3.33,0.2901
None,137,751,0.0,0.0,0.0,0.0,0.0,0.0
None,308,259,0.0,0.0,0.0,0.0,0.0,0.0
None,534,598,0.0,0.0,0.0,0.0,0.0,0.0
Cc1ccc(S(=O)(=O)c2ccc(N3C(=O)C4CC5CC6C(=O)N(C)C(=O)C6CC5C4C3=O)cc2)cc1Cl,"326,351","832,671",79.79,50.35,86.91,340.93,4.11,0.3636
None,"535,407,180","614,28,225",0.0,0.0,0.0,0.0,0.0,0.0
Cc1ccc2c(c1)-c1cc(N3C(=O)C4=CC(Oc5ccc6c(c5)C(=O)N(C)C6=O)=CCC4(C)C3=O)ccc1-2,"5,470","733,975",67.82,49.47,125.37,317.25,3.63,0.3377
None,397,746,0.0,0.0,0.0,0.0,0.0,0.0
None,319,867,0.0,0.0,0.0,0.0,0.0,0.0
None,"424,323","100,605",0.0,0.0,0.0,0.0,0.0,0.0
None,"236,306","17,265",0.0,0.0,0.0,0.0,0.0,0.0
None,"294,28","677,303",0.0,0.0,0.0,0.0,0.0,0.0
None,208,359,0.0,0.0,0.0,0.0,0.0,0.0
None,509,357,0.0,0.0,0.0,0.0,0.0,0.0
None,280,253,0.0,0.0,0.0,0.0,0.0,0.0
None,533,274,0.0,0.0,0.0,0.0,0.0,0.0
None,335,775,0.0,0.0,0.0,0.0,0.0,0.0
None,354,520,0.0,0.0,0.0,0.0,0.0,0.0
CC1C=CC=C(Oc2ccc(N3C(=O)c4c(F)c(F)c(-c5ccc6c(c5)C(=O)N(C)C6=O)c(F)c4C3=O)cc2)C1,100,338,59.72,38.61,93.28,312.21,3.67,0.3021
C=Cc1cc(N2C(=O)c3ccc(-c4ccc5c(c4C)C(=O)N(C)C5=O)cc3C2=O)ccc1-c1ccc(C)cc1,314,943,2.02,17.5,177.15,377.89,2.77,0.0138
None,261,153,0.0,0.0,0.0,0.0,0.0,0.0
None,381,932,0.0,0.0,0.0,0.0,0.0,0.0
None,259,894,0.0,0.0,0.0,0.0,0.0,0.0
Cc1c2ccccc2cc2ccc(N3C(=O)c4ccc(C5=C6C(=O)N(C)C(=O)C6CC=C5)cc4C3=O)cc12,"516,321","469,211",11.23,33.63,102.72,343.01,3.48,0.0615
Cc1cc(F)c2cc3cc(-n4c(=O)c5cc6ccc7cc8c(=O)n(C)c(=O)c8cc7ccc6cc5c4=O)ccc3cc2c1F,223,617,0.18,2.1,173.75,408.4,2.98,0.0013
Cc1cc(F)c(-c2ccc(N3C(=O)C4C5CCC(C6C(=O)N(C)C(=O)C56)C4C3=O)cc2)c(F)c1F,"347,496","763,855",78.7,24.9,100.94,391.66,4.77,0.3951
None,9,848,0.0,0.0,0.0,0.0,0.0,0.0
None,139,733,0.0,0.0,0.0,0.0,0.0,0.0
Cc1cc(C)c2ccc(N3C(=O)c4cc5c(cc4C3=O)C3CCC5C4C(=O)N(C)C(=O)C34)cc2c1,"270,216","146,583",77.5,28.93,114.45,411.45,4.58,0.4019
None,441,860,0.0,0.0,0.0,0.0,0.0,0.0
None,"153,346","883,507",0.0,0.0,0.0,0.0,0.0,0.0
None,296,230,0.0,0.0,0.0,0.0,0.0,0.0
None,39,216,0.0,0.0,0.0,0.0,0.0,0.0
CC1=CC=C(Oc2ccc(N3C(=O)c4cc5cc6ccccc6c(-c6ccc(C)cc6-c6ccc(S(=O)(=O)c7ccc(-c8ccc9c(c8)C(=O)N(C)C9=O)cc7)cc6)c5cc4C3=O)cc2)CC=C1,"450,114,74","345,571,911",48.92,40.82,90.1,392.57,3.75,0.2571
None,294,387,0.0,0.0,0.0,0.0,0.0,0.0
None,187,373,0.0,0.0,0.0,0.0,0.0,0.0
None,387,864,0.0,0.0,0.0,0.0,0.0,0.0
None,549,782,0.0,0.0,0.0,0.0,0.0,0.0
None,9,287,0.0,0.0,0.0,0.0,0.0,0.0
None,"326,555,297,399","740,718,730,699",0.0,0.0,0.0,0.0,0.0,0.0
None,"44,138","676,963",0.0,0.0,0.0,0.0,0.0,0.0
None,488,297,0.0,0.0,0.0,0.0,0.0,0.0
None,11,911,0.0,0.0,0.0,0.0,0.0,0.0
Cc1ccc2c(c1)OCCOCCOCCOc1cc(N3C(=O)c4ccc(C#Cc5ccc(C#Cc6ccc7c(c6)C(=O)N(C)C7=O)cc5)cc4C3=O)ccc1OCCO2,"156,249","390,618",49.73,65.35,98.07,232.97,3.8,0.1993
None,545,206,0.0,0.0,0.0,0.0,0.0,0.0
Cc1cc(C)c(-c2ccc(N3C(=O)C4C=c5cc6c(cc5=CC4C3=O)C(=O)N(C)C6=O)cc2)cc1C,"51,551","523,262",78.95,11.35,121.22,402.38,3.72,0.489
None,36,719,0.0,0.0,0.0,0.0,0.0,0.0
None,272,489,0.0,0.0,0.0,0.0,0.0,0.0
None,490,177,0.0,0.0,0.0,0.0,0.0,0.0
Cc1ccc2c(c1)Oc1cc(N3C(=O)C45CCCCC46C(=O)N(C)C(=O)C64CCCCC45C3=O)ccc1O2,371,366,84.62,48.0,82.78,290.26,5.59,0.3216
None,95,82,0.0,0.0,0.0,0.0,0.0,0.0
Cc1ccc2c(c1)C(C)(C)CC2(C)c1ccc(N2C(=O)c3ccc(C4=CC5C(=O)N(C)C(=O)C5C=C4)cc3C2=O)cc1,521,899,78.8,24.63,122.26,340.33,4.12,0.4217
Cc1cccc2c1CCC=C2N1C(=O)c2ccc(C(C3=CC4C(=O)N(C)C(=O)C4C=C3)(C(F)(F)F)C(F)(F)F)cc2C1=O,294,117,82.86,54.93,97.46,328.79,4.33,0.3559
Cc1cc(N2C(=O)CC3(CC4CC3C3C(=O)N(C)C(=O)C43)C2=O)c2ccc3cccc4ccc1c2c43,358,633,77.8,42.16,104.93,382.11,5.4,0.3435
Cc1c(F)c(C)c(-c2ccc(N3C(=O)c4ccc(OC5=CC=C6C(=O)N(C)C(=O)C6C5)cc4C3=O)cc2)c(F)c1F,96,484,70.72,35.56,91.77,353.32,3.76,0.37
None,548,238,0.0,0.0,0.0,0.0,0.0,0.0
C=C(c1ccc(C)cc1)c1ccc(N2C(=O)c3ccc(S(=O)(=O)c4ccc5c(c4)C(=O)N(C)C5=O)cc3C2=O)cc1,"474,132,562","623,63,967",39.55,41.24,106.79,315.72,2.67,0.2268
None,299,202,0.0,0.0,0.0,0.0,0.0,0.0
None,"94,244","8,706",0.0,0.0,0.0,0.0,0.0,0.0
None,512,16,0.0,0.0,0.0,0.0,0.0,0.0
None,106,157,0.0,0.0,0.0,0.0,0.0,0.0
None,172,274,0.0,0.0,0.0,0.0,0.0,0.0
None,210,615,0.0,0.0,0.0,0.0,0.0,0.0
None,"26,90","1,582",0.0,0.0,0.0,0.0,0.0,0.0
Cc1cc(N=Nc2cccc3ccccc23)cc(N2C(=O)CC3(CCC(c4ccc(C5(C6C=CC(Oc7ccc8c(c7)C(=O)N(C)C8=O)=CC6)c6ccccc6-c6ccccc65)cc4)CC3)C2=O)c1,"44,332","69,87",60.19,53.4,83.85,346.73,4.93,0.2374
None,"103,506","911,573",0.0,0.0,0.0,0.0,0.0,0.0
None,414,861,0.0,0.0,0.0,0.0,0.0,0.0
None,394,90,0.0,0.0,0.0,0.0,0.0,0.0
None,493,309,0.0,0.0,0.0,0.0,0.0,0.0
None,0,938,0.0,0.0,0.0,0.0,0.0,0.0
None,431,906,0.0,0.0,0.0,0.0,0.0,0.0
None,328,138,0.0,0.0,0.0,0.0,0.0,0.0
None,415,240,0.0,0.0,0.0,0.0,0.0,0.0
None,518,47,0.0,0.0,0.0,0.0,0.0,0.0
None,275,244,0.0,0.0,0.0,0.0,0.0,0.0
Cc1ccc2ccccc2c1C1=C(N2C(=O)c3ccc(-c4c5c(=O)oc(=O)c5cc5c(=O)n(C)c(=O)c45)cc3C2=O)CC=C2C=CC=CC21,173,204,3.5,27.69,91.76,383.59,4.11,0.0186
None,"156,490","449,805",0.0,0.0,0.0,0.0,0.0,0.0
None,"142,49","498,234",0.0,0.0,0.0,0.0,0.0,0.0
None,456,865,0.0,0.0,0.0,0.0,0.0,0.0
None,268,278,0.0,0.0,0.0,0.0,0.0,0.0
None,"101,242","815,205",0.0,0.0,0.0,0.0,0.0,0.0
Cc1ccc(C2=C(c3ccc(N4C(=O)c5ccc(C6(c7ccc8c(c7)C(=O)N(C)C8=O)c7cc(C)ccc7-c7ccc(C)cc76)cc5C4=O)cc3)C(F)(F)C(F)(F)C2(F)F)cc1,190,938,54.37,28.99,104.37,408.67,3.6,0.3143
None,477,551,0.0,0.0,0.0,0.0,0.0,0.0
None,309,545,0.0,0.0,0.0,0.0,0.0,0.0
None,507,307,0.0,0.0,0.0,0.0,0.0,0.0
Cc1ccc(-c2ccc(N3C(=O)C4C5(C)C(=O)N(C)C(=O)C5C4(F)C3=O)cc2)c(O)c1Cl,"169,365","840,142",63.12,21.36,96.08,419.01,4.24,0.3503
None,"302,388","960,311",0.0,0.0,0.0,0.0,0.0,0.0
None,184,695,0.0,0.0,0.0,0.0,0.0,0.0
None,"573,535,462","983,635,307",0.0,0.0,0.0,0.0,0.0,0.0
None,"510,126","697,678",0.0,0.0,0.0,0.0,0.0,0.0
None,533,865,0.0,0.0,0.0,0.0,0.0,0.0
Cc1ccc2c(N3C(=O)C4C=CC(Cc5ccc6c(c5)C(=O)N(C)C6=O)=CC4C3=O)c3ccccc3cc2c1,520,208,71.75,45.58,104.64,347.92,3.75,0.3605
Cc1c(-c2ccc(-n3c(=O)c4cc(-c5ccc6c(c5)C(=O)OC6=O)c5c(c(C)cc6c(=O)n(C)c(=O)c65)c4c3=O)cc2)ccc2ccccc12,182,580,0.76,18.23,136.05,380.95,3.25,0.0048
None,195,728,0.0,0.0,0.0,0.0,0.0,0.0
Cc1ccc(-c2cc(N3C(=O)CC(C4CC(=O)N(C)C4=O)C3=O)c(F)cc2C(C)(F)F)cc1,"543,108","788,728",81.12,43.4,121.87,294.71,3.53,0.413
Cc1ccc(N2C(=O)c3ccc([Si](C)(C)O[Si](C)(C)c4ccc5c(c4)C(=O)N(C)C5=O)cc3C2=O)cc1,499,996,75.49,36.76,142.57,267.43,2.99,0.4229
None,361,100,0.0,0.0,0.0,0.0,0.0,0.0
None,"339,492","759,525",0.0,0.0,0.0,0.0,0.0,0.0
None,264,588,0.0,0.0,0.0,0.0,0.0,0.0
None,213,945,0.0,0.0,0.0,0.0,0.0,0.0
None,519,166,0.0,0.0,0.0,0.0,0.0,0.0
None,457,947,0.0,0.0,0.0,0.0,0.0,0.0
None,480,496,0.0,0.0,0.0,0.0,0.0,0.0
None,396,55,0.0,0.0,0.0,0.0,0.0,0.0
None,491,648,0.0,0.0,0.0,0.0,0.0,0.0
None,484,273,0.0,0.0,0.0,0.0,0.0,0.0
None,388,734,0.0,0.0,0.0,0.0,0.0,0.0
None,"474,246","147,490",0.0,0.0,0.0,0.0,0.0,0.0
None,"484,556","773,934",0.0,0.0,0.0,0.0,0.0,0.0
None,"182,440","791,571",0.0,0.0,0.0,0.0,0.0,0.0
None,405,395,0.0,0.0,0.0,0.0,0.0,0.0
None,412,762,0.0,0.0,0.0,0.0,0.0,0.0
None,446,123,0.0,0.0,0.0,0.0,0.0,0.0
None,155,853,0.0,0.0,0.0,0.0,0.0,0.0
None,"72,511","822,566",0.0,0.0,0.0,0.0,0.0,0.0
None,95,526,0.0,0.0,0.0,0.0,0.0,0.0
Cc1ccc2c(c1)OCCOCCOc1cc(N3C(=O)c4ccc(C5(C6=CC7C(=O)N(C)C(=O)C7C=C6)c6ccccc6-c6ccccc65)cc4C3=O)ccc1OCCO2,"111,13,47","391,987,243",74.69,56.35,88.23,326.36,4.76,0.2929
None,287,241,0.0,0.0,0.0,0.0,0.0,0.0
None,379,576,0.0,0.0,0.0,0.0,0.0,0.0
CCC(C)c1ccc(N2C(=O)c3ccc([Si](C)(C)c4ccc5c(c4)C(=O)N(C)C5=O)cc3C2=O)cc1,"557,571","29,788",75.07,35.45,97.79,260.27,3.25,0.3926
None,243,194,0.0,0.0,0.0,0.0,0.0,0.0
None,"496,124","799,300",0.0,0.0,0.0,0.0,0.0,0.0
None,199,547,0.0,0.0,0.0,0.0,0.0,0.0
None,250,679,0.0,0.0,0.0,0.0,0.0,0.0
None,549,955,0.0,0.0,0.0,0.0,0.0,0.0
None,383,663,0.0,0.0,0.0,0.0,0.0,0.0
None,460,565,0.0,0.0,0.0,0.0,0.0,0.0
None,471,341,0.0,0.0,0.0,0.0,0.0,0.0
None,263,210,0.0,0.0,0.0,0.0,0.0,0.0
None,122,703,0.0,0.0,0.0,0.0,0.0,0.0
None,"156,389","1000,936",0.0,0.0,0.0,0.0,0.0,0.0
None,390,344,0.0,0.0,0.0,0.0,0.0,0.0
None,56,227,0.0,0.0,0.0,0.0,0.0,0.0
Cc1ccc(S(=O)(=O)c2ccc(N3C(=O)C4(F)C5(F)C(=O)N(C)C(=O)C5(F)C4(F)C3=O)cc2)cc1,"20,362","985,313",77.37,51.05,92.6,285.45,4.24,0.3293
None,"110,541","918,672",0.0,0.0,0.0,0.0,0.0,0.0
None,512,639,0.0,0.0,0.0,0.0,0.0,0.0
None,"44,109","333,436",0.0,0.0,0.0,0.0,0.0,0.0
None,482,10,0.0,0.0,0.0,0.0,0.0,0.0
None,49,342,0.0,0.0,0.0,0.0,0.0,0.0
None,357,117,0.0,0.0,0.0,0.0,0.0,0.0
None,244,44,0.0,0.0,0.0,0.0,0.0,0.0
None,"173,547","586,741",0.0,0.0,0.0,0.0,0.0,0.0
None,322,550,0.0,0.0,0.0,0.0,0.0,0.0
COc1cc(-c2cc(-c3ccc4c(c3)C(=O)N(C)C4=O)cc3cc4c(cc23)C(=O)OC4=O)cc2c1C(=O)N(c1ccc3c(c1)-c1cc(C)ccc1-3)C2=O,"289,165,178","975,820,633",4.0,32.03,108.78,315.53,3.33,0.0221
None,274,724,0.0,0.0,0.0,0.0,0.0,0.0
None,549,399,0.0,0.0,0.0,0.0,0.0,0.0
Cc1cc(-c2ccc(N3C(=O)C4C5CC6C(=O)N(C)C(=O)C6CC5C4C3=O)cc2)cc(Br)c1C,426,513,78.13,40.17,104.5,385.99,4.06,0.3989
COc1ccc(N2C(=O)c3ccc(OC4=CC=C5C(=O)N(C)C(=O)C5(C)C4)cc3C2=O)cc1,9,303,74.74,56.59,113.21,260.45,3.42,0.3482
Cc1ccc(N2C(=O)C3C=c4cc5c(cc4=CC3C2=O)C(=O)N(C)C5=O)c2c(C)cccc12,"40,551","602,124",78.29,20.05,128.86,429.48,3.84,0.4728
Cc1ccc2c3cccc4c(N5C(=O)c6ccc(C(C7=CC8C(=O)N(C)C(=O)C8C=C7)(C(F)(F)F)C(F)(F)F)cc6C5=O)ccc(c5cccc1c25)c43,294,613,74.74,46.63,101.14,404.91,4.29,0.3625
None,296,841,0.0,0.0,0.0,0.0,0.0,0.0
Cc1ccc2ccc(F)cc2c1N1C(=O)C2C3CCC(C4C(=O)N(C)C(=O)C34)C2C1=O,"496,476","778,198",78.4,28.38,111.43,415.25,4.68,0.4026
None,231,644,0.0,0.0,0.0,0.0,0.0,0.0
None,"127,136","724,458",0.0,0.0,0.0,0.0,0.0,0.0
Cc1ccc2cc(N3C(=O)CC(C4CC(=O)N(C)C4=O)C3=O)ccc2c1C,"543,237","482,158",75.23,31.17,132.23,384.71,3.21,0.4527
None,"230,539","411,455",0.0,0.0,0.0,0.0,0.0,0.0
None,57,553,0.0,0.0,0.0,0.0,0.0,0.0
None,"411,244,87,451","46,683,998,128",0.0,0.0,0.0,0.0,0.0,0.0
None,442,824,0.0,0.0,0.0,0.0,0.0,0.0
None,488,428,0.0,0.0,0.0,0.0,0.0,0.0
None,"535,366,414","658,188,176",0.0,0.0,0.0,0.0,0.0,0.0
None,242,538,0.0,0.0,0.0,0.0,0.0,0.0
Cc1ccc(CCCN2C(=O)C3C=CC(CCCCc4ccc5c(c4)C(=O)N(C)C5=O)=CC3C2=O)cc1,151,40,40.18,51.29,105.05,243.06,3.59,0.1837
None,513,113,0.0,0.0,0.0,0.0,0.0,0.0
None,"227,523","72,974",0.0,0.0,0.0,0.0,0.0,0.0
None,130,433,0.0,0.0,0.0,0.0,0.0,0.0
None,233,475,0.0,0.0,0.0,0.0,0.0,0.0
Cc1ccc2c(c1)ncc1cc(N3C(=O)C4CC=C(C(c5ccc6c(c5)C(=O)N(C)C6=O)(C(F)(F)F)C(F)(F)F)CC4C3=O)ccc12,348,512,80.49,51.09,104.06,363.54,4.06,0.3815
None,447,181,0.0,0.0,0.0,0.0,0.0,0.0
None,"100,7","731,884",0.0,0.0,0.0,0.0,0.0,0.0
None,464,717,0.0,0.0,0.0,0.0,0.0,0.0
None,"366,459","120,623",0.0,0.0,0.0,0.0,0.0,0.0
None,"311,311,36","85,193,335",0.0,0.0,0.0,0.0,0.0,0.0
None,275,875,0.0,0.0,0.0,0.0,0.0,0.0
None,500,825,0.0,0.0,0.0,0.0,0.0,0.0
None,2,97,0.0,0.0,0.0,0.0,0.0,0.0
None,420,488,0.0,0.0,0.0,0.0,0.0,0.0
None,360,699,0.0,0.0,0.0,0.0,0.0,0.0
None,"556,95","449,805",0.0,0.0,0.0,0.0,0.0,0.0
Cc1ccc2ccccc2c1-c1ccc(N2C(=O)c3ccc(C4(c5ccc6c(c5)C(=O)N(C)C6=O)c5ccccc5C5CCCCC54)cc3C2=O)cc1,152,100,70.38,41.46,125.84,404.83,4.09,0.3677
Cc1ccc2cc3ccc(N4C(=O)C56CCCCC57C(=O)N(C)C(=O)C75CCCCC56C4=O)cc3nc2c1,371,905,82.23,37.56,111.04,351.5,5.45,0.3647
None,"321,288","942,176",0.0,0.0,0.0,0.0,0.0,0.0
None,562,337,0.0,0.0,0.0,0.0,0.0,0.0
None,396,55,0.0,0.0,0.0,0.0,0.0,0.0
None,444,393,0.0,0.0,0.0,0.0,0.0,0.0
None,560,157,0.0,0.0,0.0,0.0,0.0,0.0
CC1=C2C(=O)N(C)C(=O)C2=CC(Oc2ccc3c(c2)C(=O)N(c2ccc4c(c2)C2(c5ccccc5-4)c4ccc(C)c(C)c4Oc4c2cc(C)c(C)c4C)C3=O)=CC1,126,429,77.52,36.69,91.09,334.54,4.69,0.3492
None,494,228,0.0,0.0,0.0,0.0,0.0,0.0
None,"238,66","191,373",0.0,0.0,0.0,0.0,0.0,0.0
None,"440,70","526,905",0.0,0.0,0.0,0.0,0.0,0.0
None,450,999,0.0,0.0,0.0,0.0,0.0,0.0
None,250,68,0.0,0.0,0.0,0.0,0.0,0.0
Cc1ccc2c(c1)OCCOCCOCCOc1cc(N3C(=O)c4ccc(C#Cc5ccc6c(c5)C(=O)N(C)C6=O)cc4C3=O)ccc1OCCO2,"493,456,426,509","62,72,737,390",54.21,64.55,100.54,247.76,3.59,0.2297
None,397,81,0.0,0.0,0.0,0.0,0.0,0.0
None,285,597,0.0,0.0,0.0,0.0,0.0,0.0
None,"108,158","720,934",0.0,0.0,0.0,0.0,0.0,0.0
None,229,379,0.0,0.0,0.0,0.0,0.0,0.0
None,"283,268,70","714,805,797",0.0,0.0,0.0,0.0,0.0,0.0
None,561,462,0.0,0.0,0.0,0.0,0.0,0.0
None,315,144,0.0,0.0,0.0,0.0,0.0,0.0
None,6,595,0.0,0.0,0.0,0.0,0.0,0.0
None,"320,494","156,628",0.0,0.0,0.0,0.0,0.0,0.0
None,196,136,0.0,0.0,0.0,0.0,0.0,0.0
None,524,854,0.0,0.0,0.0,0.0,0.0,0.0
None,"208,522","173,774",0.0,0.0,0.0,0.0,0.0,0.0
None,442,62,0.0,0.0,0.0,0.0,0.0,0.0
None,"125,155","527,840",0.0,0.0,0.0,0.0,0.0,0.0
None,185,625,0.0,0.0,0.0,0.0,0.0,0.0
None,198,278,0.0,0.0,0.0,0.0,0.0,0.0
None,140,833,0.0,0.0,0.0,0.0,0.0,0.0
None,"256,222,421","49,438,950",0.0,0.0,0.0,0.0,0.0,0.0
None,"233,18,289,451","528,298,621,156",0.0,0.0,0.0,0.0,0.0,0.0
None,195,965,0.0,0.0,0.0,0.0,0.0,0.0
None,566,309,0.0,0.0,0.0,0.0,0.0,0.0
None,512,533,0.0,0.0,0.0,0.0,0.0,0.0
None,"311,574","686,902",0.0,0.0,0.0,0.0,0.0,0.0
CC1=C2C(=O)N(C)C(=O)C2=CC(OC2CCC(c3ccc4c(c3)C(=O)N(CC(C)c3ccc(C)cc3)C4=O)CC2)=CC1,"72,126","29,355",80.25,65.09,86.54,262.49,3.76,0.3295
None,"313,63","84,915",0.0,0.0,0.0,0.0,0.0,0.0
Cc1ccc2ccc3c4c2c1CC=C4CC=C3n1c(=O)c2c3ccccccc4c5c(=O)n(C)c(=O)c5c5ccccccc(c2c1=O)c5c43,237,577,0.52,44.2,105.65,421.4,3.94,0.0027
Cc1ccc2c(c1)C1(c3ccccc3Oc3ccccc31)c1cc(N3C(=O)c4ccc(C5=CCC=C6C(=O)N(C)C(=O)C6=C5)cc4C3=O)ccc1-2,"111,514","442,664",7.49,41.01,99.55,365.23,3.9,0.0381
None,458,330,0.0,0.0,0.0,0.0,0.0,0.0
None,171,210,0.0,0.0,0.0,0.0,0.0,0.0
None,"109,326,291","181,225,562",0.0,0.0,0.0,0.0,0.0,0.0
Cc1cc(C(c2ccc3c(c2)C(=O)N(C)C3=O)(C(F)(F)F)C(F)(F)C(F)(F)F)cc2c1C(=O)N(c1c(C)cc(F)cc1F)C2=O,"339,536","628,4",84.03,47.04,104.5,306.35,3.82,0.4012
None,346,527,0.0,0.0,0.0,0.0,0.0,0.0
None,387,172,0.0,0.0,0.0,0.0,0.0,0.0
None,"115,58","466,853",0.0,0.0,0.0,0.0,0.0,0.0
None,393,912,0.0,0.0,0.0,0.0,0.0,0.0
None,246,843,0.0,0.0,0.0,0.0,0.0,0.0
None,325,12,0.0,0.0,0.0,0.0,0.0,0.0
None,402,735,0.0,0.0,0.0,0.0,0.0,0.0
None,463,673,0.0,0.0,0.0,0.0,0.0,0.0
None,365,56,0.0,0.0,0.0,0.0,0.0,0.0
None,200,683,0.0,0.0,0.0,0.0,0.0,0.0
None,"80,523","840,69",0.0,0.0,0.0,0.0,0.0,0.0
None,148,351,0.0,0.0,0.0,0.0,0.0,0.0
None,"111,507","46,176",0.0,0.0,0.0,0.0,0.0,0.0
None,"294,512,139","987,885,487",0.0,0.0,0.0,0.0,0.0,0.0
Cc1cc2cc3ccc(N4C(=O)C5CC6CCC7C(=O)N(C)C(=O)C7C6CC5C4=O)cc3cc2cc1F,"86,133","730,615",79.7,49.66,102.14,376.86,4.26,0.3736
None,239,945,0.0,0.0,0.0,0.0,0.0,0.0
None,540,781,0.0,0.0,0.0,0.0,0.0,0.0
None,477,421,0.0,0.0,0.0,0.0,0.0,0.0
None,361,515,0.0,0.0,0.0,0.0,0.0,0.0
Cc1ccc(C(=Nc2ccccc2)c2ccc(N3C(=O)c4ccc([Si](C)(C)c5ccc6c(c5)C(=O)N(C)C6=O)cc4C3=O)cc2)cc1,571,869,65.19,31.07,133.71,258.17,3.06,0.3664
None,150,354,0.0,0.0,0.0,0.0,0.0,0.0
None,"473,294","918,853",0.0,0.0,0.0,0.0,0.0,0.0
None,253,806,0.0,0.0,0.0,0.0,0.0,0.0
None,259,584,0.0,0.0,0.0,0.0,0.0,0.0
None,288,863,0.0,0.0,0.0,0.0,0.0,0.0
None,534,386,0.0,0.0,0.0,0.0,0.0,0.0
None,312,363,0.0,0.0,0.0,0.0,0.0,0.0
None,299,385,0.0,0.0,0.0,0.0,0.0,0.0
None,"230,233,8,231","495,714,795,271",0.0,0.0,0.0,0.0,0.0,0.0
None,"72,21,230,88","568,671,961,152",0.0,0.0,0.0,0.0,0.0,0.0
None,560,431,0.0,0.0,0.0,0.0,0.0,0.0
None,29,984,0.0,0.0,0.0,0.0,0.0,0.0
None,106,660,0.0,0.0,0.0,0.0,0.0,0.0
Cc1cc2c3ccccc3c(N3C(=O)c4ccc(-c5ccc6cc7c(cc6c5)C(=O)N(C)C7=O)cc4C3=O)cc2c2ccccc12,205,631,0.26,32.28,183.31,375.15,2.81,0.0017
None,525,372,0.0,0.0,0.0,0.0,0.0,0.0
None,45,138,0.0,0.0,0.0,0.0,0.0,0.0
None,"130,413","247,274",0.0,0.0,0.0,0.0,0.0,0.0
None,135,490,0.0,0.0,0.0,0.0,0.0,0.0
None,"102,69","421,665",0.0,0.0,0.0,0.0,0.0,0.0
Cc1cc(F)c2cc(N3C(=O)C4C(C3=O)C3C5CC(C6C7CC(C56)C5C6C(=O)N(C)C(=O)C6C75)C43)ccc2c1F,"290,409","231,27",82.2,40.9,91.87,449.12,6.29,0.3827
None,"317,242","238,288",0.0,0.0,0.0,0.0,0.0,0.0
None,133,651,0.0,0.0,0.0,0.0,0.0,0.0
None,435,90,0.0,0.0,0.0,0.0,0.0,0.0
None,252,99,0.0,0.0,0.0,0.0,0.0,0.0
Cc1ccc2c(C)c3ccc(N4C(=O)C5C(C4=O)C4(F)C(=O)N(C)C(=O)C54F)cc3nc2c1,373,661,76.87,11.32,126.61,439.64,4.14,0.468
Cc1cccc2cccc(N=Nc3cccc4cccc(N5C(=O)c6ccc(OC7=CC=C8C(=O)N(C)C(=O)C8(C)C7)cc6C5=O)c34)c12,9,89,67.0,55.37,123.47,316.42,3.99,0.3068
None,468,402,0.0,0.0,0.0,0.0,0.0,0.0
None,394,877,0.0,0.0,0.0,0.0,0.0,0.0
None,"211,9,54","649,623,979",0.0,0.0,0.0,0.0,0.0,0.0
None,265,102,0.0,0.0,0.0,0.0,0.0,0.0
None,430,8,0.0,0.0,0.0,0.0,0.0,0.0
None,391,729,0.0,0.0,0.0,0.0,0.0,0.0
None,468,161,0.0,0.0,0.0,0.0,0.0,0.0
None,44,327,0.0,0.0,0.0,0.0,0.0,0.0
None,55,41,0.0,0.0,0.0,0.0,0.0,0.0
Cc1ccc2c(C#N)c3ccc(N4C(=O)C5=CC=C(c6ccc7c(c6)C(=O)N(C)C7=O)C(C)C5C4=O)cc3nc2c1,"318,22,155","699,881,654",64.73,34.61,118.07,357.88,3.96,0.3405
None,481,972,0.0,0.0,0.0,0.0,0.0,0.0
None,234,864,0.0,0.0,0.0,0.0,0.0,0.0
C=Cc1cc(-c2ccc3c(c2)C(=O)N(C)C3=O)cc2c1C(=O)N(c1cccc3c(C)c(C)c(C)cc13)C2=O,479,121,6.25,33.56,154.66,368.99,2.92,0.0387
None,"87,368,447","996,416,26",0.0,0.0,0.0,0.0,0.0,0.0
None,"219,51","860,189",0.0,0.0,0.0,0.0,0.0,0.0
Cc1ccc2c(c1)c(N1C(=O)C3C4C(=O)N(C)C(=O)C4C3C1=O)cc1ccccc12,544,213,76.53,19.02,133.45,420.79,3.66,0.4723
Cc1ccc2cc3ccc(N4C(=O)c5ccc(-c6c(C)c(C)c7c(c6C)C(=O)N(C)C7=O)cc5C4=O)cc3nc2c1,330,905,14.05,9.2,144.61,425.7,2.92,0.0981
None,554,386,0.0,0.0,0.0,0.0,0.0,0.0
None,"510,124,315","635,951,8",0.0,0.0,0.0,0.0,0.0,0.0
None,512,891,0.0,0.0,0.0,0.0,0.0,0.0
CC1=C(C)CC(C)(c2ccc(N3C(=O)C4=CC(C(=O)c5ccc6c(c5)C(=O)N(C)C6=O)=CCC4(C)C3=O)cc2)C=C1,295,719,77.87,29.18,134.2,299.33,4.34,0.3879
None,257,697,0.0,0.0,0.0,0.0,0.0,0.0
Cc1ccc(C2=C(c3ccc(N4C(=O)c5ccc(C6CCC7C(=O)N(C)C(=O)C7C6)cc5C4=O)cc3)C(F)(F)C(F)(F)C2(F)F)cc1,24,938,82.47,50.11,91.66,359.81,4.21,0.3788
None,"35,564","286,353",0.0,0.0,0.0,0.0,0.0,0.0
None,247,5,0.0,0.0,0.0,0.0,0.0,0.0
None,73,173,0.0,0.0,0.0,0.0,0.0,0.0
Cc1c(N2C(=O)C3=CCC(c4ccc5c(c4)C(=O)N(C)C5=O)C=C3C2=O)cc2ccccc2c1C,23,252,64.1,45.51,98.01,356.12,3.56,0.3305
None,412,677,0.0,0.0,0.0,0.0,0.0,0.0
None,"119,396","726,627",0.0,0.0,0.0,0.0,0.0,0.0
None,270,21,0.0,0.0,0.0,0.0,0.0,0.0
Cc1ccc2c(C)ccc(N3C(=O)C4=CC=CC(c5ccc6c(c5)C(=O)N(C)C6=O)C4C3=O)c2c1,522,175,78.96,47.49,127.34,387.41,3.68,0.4173
None,543,585,0.0,0.0,0.0,0.0,0.0,0.0
None,"506,151","376,810",0.0,0.0,0.0,0.0,0.0,0.0
None,"339,457","586,552",0.0,0.0,0.0,0.0,0.0,0.0
None,"68,188","351,715",0.0,0.0,0.0,0.0,0.0,0.0
None,"81,391","228,82",0.0,0.0,0.0,0.0,0.0,0.0
None,422,435,0.0,0.0,0.0,0.0,0.0,0.0
Cc1c(F)cc(C2(c3cc(F)c(N4C(=O)C5=CC=C(C(c6ccc7c(c6)C(=O)N(C)C7=O)(C(F)(F)F)C(F)(F)F)CC5(C)C4=O)c(F)c3)c3ccccc3-c3ccccc32)cc1F,316,874,77.47,57.46,97.84,343.01,4.56,0.3205
None,"122,3","111,793",0.0,0.0,0.0,0.0,0.0,0.0
None,"485,131,191","115,93,303",0.0,0.0,0.0,0.0,0.0,0.0
None,"347,30,443","924,323,54",0.0,0.0,0.0,0.0,0.0,0.0
Cc1ccc(C2(c3ccc(N4C(=O)c5ccc(C#Cc6ccc(C#Cc7ccc8c(c7)C(=O)N(C)C8=O)cc6)cc5C4=O)cc3)C(=O)Nc3ccccc32)cc1,"249,174","865,794",18.34,42.36,106.58,336.48,3.73,0.0932
None,59,67,0.0,0.0,0.0,0.0,0.0,0.0
Cc1cccc2cccc(N3C(=O)c4ccc(-c5c6c(=O)oc(=O)c6c(C6=CC=CC7CC67)c6c(=O)n(C)c(=O)c56)cc4C3=O)c12,401,258,16.38,38.67,136.74,404.34,4.18,0.0865
None,310,853,0.0,0.0,0.0,0.0,0.0,0.0
None,"83,279,70","306,234,479",0.0,0.0,0.0,0.0,0.0,0.0
None,"276,11","587,28",0.0,0.0,0.0,0.0,0.0,0.0
None,164,768,0.0,0.0,0.0,0.0,0.0,0.0
CC1=C(C2CC(=O)N(c3ccc(-c4sc(C)nc4C)cc3)C2=O)CCC2C(=O)N(C)C(=O)C12,484,511,82.29,32.35,90.22,337.93,3.96,0.4205
Cc1cccc(F)c1-c1ccc(N2C(=O)c3ccc(C4CCC5(CC4)CC(=O)N(C)C5=O)cc3C2=O)cc1,332,473,30.24,57.63,108.91,427.54,3.25,0.1631
None,"85,3","402,953",0.0,0.0,0.0,0.0,0.0,0.0
None,162,613,0.0,0.0,0.0,0.0,0.0,0.0
None,323,897,0.0,0.0,0.0,0.0,0.0,0.0
None,333,53,0.0,0.0,0.0,0.0,0.0,0.0
None,"55,19","621,92",0.0,0.0,0.0,0.0,0.0,0.0
None,"282,309","863,569",0.0,0.0,0.0,0.0,0.0,0.0
None,"416,22","16,263",0.0,0.0,0.0,0.0,0.0,0.0
None,49,944,0.0,0.0,0.0,0.0,0.0,0.0
C=Cc1cc(-c2ccc3c(c2)C(=O)N(C)C3=O)cc2c1C(=O)N(c1ccc(S(=O)(=O)c3ccc(C)cn3)cc1)C2=O,479,836,32.79,51.2,106.8,333.77,2.98,0.1755
None,308,812,0.0,0.0,0.0,0.0,0.0,0.0
None,234,98,0.0,0.0,0.0,0.0,0.0,0.0
None,381,917,0.0,0.0,0.0,0.0,0.0,0.0
None,143,415,0.0,0.0,0.0,0.0,0.0,0.0
None,"506,49,109","472,768,689",0.0,0.0,0.0,0.0,0.0,0.0
None,475,124,0.0,0.0,0.0,0.0,0.0,0.0
None,140,82,0.0,0.0,0.0,0.0,0.0,0.0
None,45,651,0.0,0.0,0.0,0.0,0.0,0.0
None,272,968,0.0,0.0,0.0,0.0,0.0,0.0
None,"248,342,481","884,124,634",0.0,0.0,0.0,0.0,0.0,0.0
None,325,364,0.0,0.0,0.0,0.0,0.0,0.0
None,15,536,0.0,0.0,0.0,0.0,0.0,0.0
None,377,364,0.0,0.0,0.0,0.0,0.0,0.0
None,147,148,0.0,0.0,0.0,0.0,0.0,0.0
None,274,375,0.0,0.0,0.0,0.0,0.0,0.0
None,"55,411,441","45,114,743",0.0,0.0,0.0,0.0,0.0,0.0
Cc1ccc2cc(N3C(=O)C4CC5C(=O)N(C)C(=O)C5C4C3=O)ccc2c1F,"566,119","420,451",77.72,24.45,117.61,431.02,3.66,0.4667
None,"306,550","40,420",0.0,0.0,0.0,0.0,0.0,0.0
None,"17,501","68,445",0.0,0.0,0.0,0.0,0.0,0.0
None,229,127,0.0,0.0,0.0,0.0,0.0,0.0
None,344,255,0.0,0.0,0.0,0.0,0.0,0.0
None,"55,508","792,277",0.0,0.0,0.0,0.0,0.0,0.0
None,1,309,0.0,0.0,0.0,0.0,0.0,0.0
Cc1ccc(-c2ccc(N3C(=O)c4ccc(-c5c(F)c(F)c6c(c5F)C(=O)N(C)C6=O)cc4C3=O)c(C#N)c2)cc1,100,806,1.9,22.04,121.11,383.96,2.95,0.0121
None,"194,532","592,752",0.0,0.0,0.0,0.0,0.0,0.0
None,408,576,0.0,0.0,0.0,0.0,0.0,0.0
None,37,51,0.0,0.0,0.0,0.0,0.0,0.0
None,431,659,0.0,0.0,0.0,0.0,0.0,0.0
None,475,326,0.0,0.0,0.0,0.0,0.0,0.0
None,532,207,0.0,0.0,0.0,0.0,0.0,0.0
None,"320,24","313,839",0.0,0.0,0.0,0.0,0.0,0.0
None,76,897,0.0,0.0,0.0,0.0,0.0,0.0
None,"109,277","6,880",0.0,0.0,0.0,0.0,0.0,0.0
Cc1ccc(C(F)(C2(C3=CC=C(N4C(=O)c5ccc(C6C=C7C(=O)N(C)C(=O)C7=CC6)cc5C4=O)CC3)CCCCC2)C(F)(F)C(F)(F)F)cc1,"23,67","458,712",72.86,57.85,81.44,275.73,4.7,0.2689
None,465,338,0.0,0.0,0.0,0.0,0.0,0.0
None,476,656,0.0,0.0,0.0,0.0,0.0,0.0
None,322,107,0.0,0.0,0.0,0.0,0.0,0.0
None,"574,267","515,109",0.0,0.0,0.0,0.0,0.0,0.0
Cc1cccc2c1C(n1c(=O)c3c(C4=CC=CC5CC45)c4c(=O)n(C)c(=O)c4c(-c4ccc5c(c4)C(=O)OC5=O)c3c1=O)=CCC2,401,174,9.98,37.88,106.43,402.25,4.47,0.0495
Cc1cc2c(C)cccc2cc1-c1ccc(N2C(=O)C3C=CC(c4ccc5c(c4)C(=O)N(C)C5=O)=CC3C2=O)cc1,"156,521","167,631",73.1,24.06,126.1,347.94,3.65,0.4186
None,218,277,0.0,0.0,0.0,0.0,0.0,0.0
None,37,520,0.0,0.0,0.0,0.0,0.0,0.0
None,281,828,0.0,0.0,0.0,0.0,0.0,0.0
None,"233,109","546,126",0.0,0.0,0.0,0.0,0.0,0.0
Cc1ccc(C2CCC(N3C(=O)c4ccc(C5=CCC=C6C(=O)N(C)C(=O)C6=C5)cc4C3=O)CC2)cc1,514,520,41.61,53.82,107.08,394.52,3.09,0.227
None,541,325,0.0,0.0,0.0,0.0,0.0,0.0
None,33,365,0.0,0.0,0.0,0.0,0.0,0.0
None,"118,366,511","280,903,876",0.0,0.0,0.0,0.0,0.0,0.0
None,200,268,0.0,0.0,0.0,0.0,0.0,0.0
None,224,35,0.0,0.0,0.0,0.0,0.0,0.0
None,"226,398","993,82",0.0,0.0,0.0,0.0,0.0,0.0
None,83,379,0.0,0.0,0.0,0.0,0.0,0.0
None,184,657,0.0,0.0,0.0,0.0,0.0,0.0
Cc1ccc2c(c1)S(=O)(=O)c1cc(N3C(=O)c4ccc(OC5=CC=C6C(=O)N(C)C(=O)C6C5)cc4C3=O)ccc1O2,96,655,79.2,50.08,88.87,315.28,3.91,0.3646
None,"136,423","670,409",0.0,0.0,0.0,0.0,0.0,0.0
None,425,178,0.0,0.0,0.0,0.0,0.0,0.0
None,435,169,0.0,0.0,0.0,0.0,0.0,0.0
Cc1ccc2c(c1)C(F)(F)C(F)(F)c1cc(N3C(=O)C4(C)C5(C)C(=O)N(C)C(=O)C5(C)C4(C)C3=O)ccc1-2,377,620,76.23,17.84,133.47,332.35,4.61,0.3974
C=Cc1ccc2c(c1)C(c1ccc3c(c1)C(=O)N(C)C3=O)(c1ccc3c(c1)C(=O)N(c1cc(C)c4cc(C)ccc4c1)C3=O)c1cc(C=C)ccc1-2,"150,355","707,85",5.92,58.42,122.73,351.7,3.36,0.03
None,560,960,0.0,0.0,0.0,0.0,0.0,0.0
None,269,444,0.0,0.0,0.0,0.0,0.0,0.0
None,"82,41,548","808,832,359",0.0,0.0,0.0,0.0,0.0,0.0
None,"212,310,95,474,206","621,933,711,594,224",0.0,0.0,0.0,0.0,0.0,0.0
None,534,630,0.0,0.0,0.0,0.0,0.0,0.0
None,574,439,0.0,0.0,0.0,0.0,0.0,0.0
None,491,135,0.0,0.0,0.0,0.0,0.0,0.0
None,"276,467","867,719",0.0,0.0,0.0,0.0,0.0,0.0
None,390,252,0.0,0.0,0.0,0.0,0.0,0.0
None,213,545,0.0,0.0,0.0,0.0,0.0,0.0
None,200,78,0.0,0.0,0.0,0.0,0.0,0.0
Cc1ccc(-c2ccc(N3C(=O)C4CCC(c5ccc6c(c5)C(=O)N(C)C6=O)CC4C3=O)cc2)cc1C,24,424,79.23,45.29,94.76,384.65,3.41,0.4247
None,"62,48","960,244",0.0,0.0,0.0,0.0,0.0,0.0
None,312,994,0.0,0.0,0.0,0.0,0.0,0.0
None,"502,94","791,280",0.0,0.0,0.0,0.0,0.0,0.0
Cc1ccc2c(C)ccc(N3C(=O)c4ccc(-c5c6c(=O)oc(=O)c6c(C)c6c(=O)n(C)c(=O)c56)cc4C3=O)c2c1,"502,533","27,175",1.69,5.94,154.93,427.92,3.08,0.0118
None,"45,201","481,71",0.0,0.0,0.0,0.0,0.0,0.0
None,399,986,0.0,0.0,0.0,0.0,0.0,0.0
None,77,189,0.0,0.0,0.0,0.0,0.0,0.0
None,"81,285","206,66",0.0,0.0,0.0,0.0,0.0,0.0
Cc1ccc(-c2cc(F)c(N3C(=O)C4C5C(=O)N(C)C(=O)C5C4(F)C3=O)c(F)c2)cc1,"129,372","319,587",77.08,13.83,114.05,384.96,3.97,0.4519
None,467,294,0.0,0.0,0.0,0.0,0.0,0.0
None,128,47,0.0,0.0,0.0,0.0,0.0,0.0
None,237,324,0.0,0.0,0.0,0.0,0.0,0.0
None,570,322,0.0,0.0,0.0,0.0,0.0,0.0
None,56,296,0.0,0.0,0.0,0.0,0.0,0.0
None,552,860,0.0,0.0,0.0,0.0,0.0,0.0
None,319,513,0.0,0.0,0.0,0.0,0.0,0.0
Cc1cc(N=Nc2cccc3ccccc23)cc(N2C(=O)C3C(C2=O)C2C4CC(C5C6CC(C45)C4C5C(=O)N(C)C(=O)C5C64)C32)c1,"409,339","759,87",81.05,40.26,97.12,464.74,6.3,0.3856
None,281,430,0.0,0.0,0.0,0.0,0.0,0.0
None,309,571,0.0,0.0,0.0,0.0,0.0,0.0
None,"483,258","440,512",0.0,0.0,0.0,0.0,0.0,0.0
Cc1cc(F)cc2c(N3C(=O)C4C5C(=O)N(C)C(=O)C5(F)C4C3=O)c(F)ccc12,"372,28","731,241",78.07,16.83,114.0,414.25,4.16,0.4511
None,"121,498","115,18",0.0,0.0,0.0,0.0,0.0,0.0
None,286,128,0.0,0.0,0.0,0.0,0.0,0.0
None,470,654,0.0,0.0,0.0,0.0,0.0,0.0
None,"110,396","425,656",0.0,0.0,0.0,0.0,0.0,0.0
None,284,294,0.0,0.0,0.0,0.0,0.0,0.0
None,534,164,0.0,0.0,0.0,0.0,0.0,0.0
None,492,633,0.0,0.0,0.0,0.0,0.0,0.0
None,"12,422","154,200",0.0,0.0,0.0,0.0,0.0,0.0
None,"111,77","399,509",0.0,0.0,0.0,0.0,0.0,0.0
None,456,712,0.0,0.0,0.0,0.0,0.0,0.0
None,537,415,0.0,0.0,0.0,0.0,0.0,0.0
None,266,135,0.0,0.0,0.0,0.0,0.0,0.0
None,97,433,0.0,0.0,0.0,0.0,0.0,0.0
CN1C(=O)C2C3CC(C2C1=O)C1C(=O)N(c2ccc(C(C)(C)C)cc2)C(=O)C31,572,49,80.65,27.06,105.93,414.72,4.46,0.4264
None,244,441,0.0,0.0,0.0,0.0,0.0,0.0
None,501,977,0.0,0.0,0.0,0.0,0.0,0.0
None,242,308,0.0,0.0,0.0,0.0,0.0,0.0
None,360,451,0.0,0.0,0.0,0.0,0.0,0.0
None,395,515,0.0,0.0,0.0,0.0,0.0,0.0
None,387,560,0.0,0.0,0.0,0.0,0.0,0.0
Cc1c(-c2ccc3c(c2)C(=O)N(C)C3=O)ccc2c1C(=O)N(c1ccc3c(C)c4ccccc4cc3c1)C2=O,"314,335,113","464,281,208",2.84,22.26,178.5,347.94,2.73,0.0188
None,106,913,0.0,0.0,0.0,0.0,0.0,0.0
None,308,657,0.0,0.0,0.0,0.0,0.0,0.0
None,505,570,0.0,0.0,0.0,0.0,0.0,0.0
None,106,728,0.0,0.0,0.0,0.0,0.0,0.0
None,335,818,0.0,0.0,0.0,0.0,0.0,0.0
None,147,698,0.0,0.0,0.0,0.0,0.0,0.0
None,427,685,0.0,0.0,0.0,0.0,0.0,0.0
None,"98,389","345,126",0.0,0.0,0.0,0.0,0.0,0.0
None,25,879,0.0,0.0,0.0,0.0,0.0,0.0
Cc1ccc(C2CCC(N3C(=O)C4=CCC=C(c5ccc6c(c5)C(=O)N(C)C6=O)C=C4C3=O)C(C)C2)cc1,514,640,72.99,54.91,91.79,310.45,4.12,0.3165
None,50,3,0.0,0.0,0.0,0.0,0.0,0.0
Cc1cc(N2C(=O)c3ccc(-c4ccc5c(c4)C(=O)N(C)C5=O)cc3C2=O)c2c(C)cccc2c1,1,181,4.52,25.35,172.1,333.28,2.56,0.0297
None,379,407,0.0,0.0,0.0,0.0,0.0,0.0
None,239,925,0.0,0.0,0.0,0.0,0.0,0.0
None,210,681,0.0,0.0,0.0,0.0,0.0,0.0
None,234,305,0.0,0.0,0.0,0.0,0.0,0.0
Cc1ccc2c(c1)[nH]c1cc(N3C(=O)CC(C4CC(=O)N(C)C4=O)C3=O)ccc12,"103,543","525,80",57.84,29.42,139.54,382.21,3.28,0.3492
None,464,920,0.0,0.0,0.0,0.0,0.0,0.0
Cc1ccc(C(=Nc2ccccc2)c2ccc(N3C(=O)C4C5(F)C(=O)N(C)C(=O)C5C4(F)C3=O)cc2)cc1,374,869,78.49,46.55,95.41,324.4,4.18,0.3593
Cc1ccc2c(c1)C1c3ccccc3C2c2cc(N3C(=O)C4C5C(=O)N(C)C(=O)C5C4C3=O)ccc21,544,1001,78.76,25.59,85.62,443.89,4.84,0.4013
None,532,458,0.0,0.0,0.0,0.0,0.0,0.0
None,482,438,0.0,0.0,0.0,0.0,0.0,0.0
CC1=CC2(C)C3C(=O)N(C)C(=O)C3C1C1C(=O)N(c3ccc(-c4c(C)c(C)c(C)c(C)c4C)cc3)C(=O)C12,376,816,81.43,9.96,97.37,458.12,5.06,0.447
Cc1cccc2c1ccc1c(N3C(=O)C4=C(c5ccc6c(c5)C(=O)N(C)C6=O)C=CCC4C3=O)cccc12,516,221,13.95,41.27,102.72,353.93,3.42,0.0749
None,451,368,0.0,0.0,0.0,0.0,0.0,0.0
Cc1cc2ccc3cc(N4C(=O)c5ccc(S(=O)(=O)c6ccc7c(c6)C(=O)N(C)C7=O)cc5C4=O)cc4ccc(c1)c2c34,562,611,43.39,41.81,106.5,357.67,2.83,0.2508
None,524,504,0.0,0.0,0.0,0.0,0.0,0.0
Cc1ccc2c3cccc4c(N5C(=O)C6CC(C7CC(=O)N(C)C7=O)c7ccccc7C6C5=O)ccc(c5cccc1c25)c43,564,613,81.36,46.11,113.76,375.27,4.03,0.4048
None,319,889,0.0,0.0,0.0,0.0,0.0,0.0
CCc1ccc(N2C(=O)c3ccc(-c4c5c(=O)oc(=O)c5cc5c(=O)n(C)c(=O)c45)cc3C2=O)cc1,173,10,0.32,31.75,131.75,379.01,2.8,0.002
None,369,333,0.0,0.0,0.0,0.0,0.0,0.0
None,139,103,0.0,0.0,0.0,0.0,0.0,0.0
None,6,116,0.0,0.0,0.0,0.0,0.0,0.0
None,369,463,0.0,0.0,0.0,0.0,0.0,0.0
None,"306,501","752,590",0.0,0.0,0.0,0.0,0.0,0.0
None,319,281,0.0,0.0,0.0,0.0,0.0,0.0
None,"339,227","19,74",0.0,0.0,0.0,0.0,0.0,0.0
None,551,872,0.0,0.0,0.0,0.0,0.0,0.0
None,"515,241","317,500",0.0,0.0,0.0,0.0,0.0,0.0
None,"333,514","845,416",0.0,0.0,0.0,0.0,0.0,0.0
None,62,379,0.0,0.0,0.0,0.0,0.0,0.0
None,559,296,0.0,0.0,0.0,0.0,0.0,0.0
None,78,182,0.0,0.0,0.0,0.0,0.0,0.0
Cc1ccc(OC2=CC(N3C(=O)C4C5CC(C4C3=O)C3C4CC(C6C(=O)N(C)C(=O)C46)C53)=CCC2)cc1,353,416,80.25,52.35,90.25,370.24,5.84,0.3247
Cc1cc2cccc(N3C(=O)c4ccc(C5=CC6C(=O)N(C)C(=O)C6C=C5)cc4C3=O)c2cc1C,521,149,76.86,26.02,126.72,374.38,3.61,0.4468
Cc1ccc2c(c1)nnc1cc(N3C(=O)C4C5CCC(C6C(=O)N(C)C(=O)C56)C4C3=O)ccc12,496,517,76.01,19.59,118.21,453.05,4.77,0.4163
None,"565,16,395","603,1002,846",0.0,0.0,0.0,0.0,0.0,0.0
None,212,370,0.0,0.0,0.0,0.0,0.0,0.0
None,"35,573,270","808,123,356",0.0,0.0,0.0,0.0,0.0,0.0
None,"19,559","6,511",0.0,0.0,0.0,0.0,0.0,0.0
None,215,457,0.0,0.0,0.0,0.0,0.0,0.0
None,17,877,0.0,0.0,0.0,0.0,0.0,0.0
Cc1cc2c(cc1C)Nc1cc(N3C(=O)c4ccc(C(C5=CC=C6C(=O)N(C)C(=O)C6(C)C5)(C(F)(F)F)C(F)(F)F)cc4C3=O)c(C)cc1C2,316,862,74.67,56.92,97.0,322.56,4.27,0.318
None,0,681,0.0,0.0,0.0,0.0,0.0,0.0
None,415,547,0.0,0.0,0.0,0.0,0.0,0.0
None,"134,196","457,507",0.0,0.0,0.0,0.0,0.0,0.0
None,56,52,0.0,0.0,0.0,0.0,0.0,0.0
None,507,17,0.0,0.0,0.0,0.0,0.0,0.0
None,216,782,0.0,0.0,0.0,0.0,0.0,0.0
None,"176,423","808,99",0.0,0.0,0.0,0.0,0.0,0.0
None,452,127,0.0,0.0,0.0,0.0,0.0,0.0
None,66,592,0.0,0.0,0.0,0.0,0.0,0.0
None,207,58,0.0,0.0,0.0,0.0,0.0,0.0
None,231,912,0.0,0.0,0.0,0.0,0.0,0.0
None,162,243,0.0,0.0,0.0,0.0,0.0,0.0
Cc1ccc(C2=CCC(F)(N3C(=O)C4C5CC6C(=O)N(C)C(=O)C6CC5C4C3=O)C=C2)cc1,"208,426","959,588",79.79,44.0,98.45,353.06,4.74,0.3508
None,52,137,0.0,0.0,0.0,0.0,0.0,0.0
Cc1ccc2c(F)c(N3C(=O)C4(F)C5C(=O)N(C)C(=O)C5C4(F)C3=O)ccc2c1,373,451,75.95,14.79,125.18,412.12,4.26,0.4409
None,264,557,0.0,0.0,0.0,0.0,0.0,0.0
None,466,694,0.0,0.0,0.0,0.0,0.0,0.0
None,492,161,0.0,0.0,0.0,0.0,0.0,0.0
None,229,864,0.0,0.0,0.0,0.0,0.0,0.0
Cc1ccc(-c2ccc(N3C(=O)c4ccc(OC5=CC=C6C(=O)N(C)C(=O)C6(C)C5)cc4C3=O)cc2)s1,9,526,68.03,53.69,94.01,254.72,3.59,0.3067
None,534,296,0.0,0.0,0.0,0.0,0.0,0.0
None,"450,148","806,800",0.0,0.0,0.0,0.0,0.0,0.0
None,391,540,0.0,0.0,0.0,0.0,0.0,0.0
None,524,294,0.0,0.0,0.0,0.0,0.0,0.0
Cc1ccc2cc3c(cc2c1)C(c1ccccc1)c1cc2cc(N4C(=O)c5ccc(-c6c7c(=O)oc(=O)c7c(C)c7c(=O)n(C)c(=O)c67)cc5C4=O)ccc2cc1O3,502,430,4.84,37.08,93.34,376.2,4.02,0.0248
None,193,53,0.0,0.0,0.0,0.0,0.0,0.0
None,123,969,0.0,0.0,0.0,0.0,0.0,0.0
None,501,341,0.0,0.0,0.0,0.0,0.0,0.0
None,497,76,0.0,0.0,0.0,0.0,0.0,0.0
None,533,964,0.0,0.0,0.0,0.0,0.0,0.0
None,"45,236","598,695",0.0,0.0,0.0,0.0,0.0,0.0
None,"14,153","976,425",0.0,0.0,0.0,0.0,0.0,0.0
None,545,776,0.0,0.0,0.0,0.0,0.0,0.0
None,272,142,0.0,0.0,0.0,0.0,0.0,0.0
Cc1ccc2c(c1)[nH]c1cc(N3C(=O)c4ccc(-c5cc6c7c(ccc8c9c(-c%10cc%11c(=O)oc(=O)c%11c%11c(C)cc%12c(=O)n(C)c(=O)c%12c%10%11)cc%10c%11c(ccc(c5c78)c%119)C(=O)OC%10=O)C(=O)OC6=O)cc4C3=O)ccc12,"424,182","525,406",0.0,11.76,98.29,303.91,4.44,0.0
None,"103,412","411,687",0.0,0.0,0.0,0.0,0.0,0.0
None,538,74,0.0,0.0,0.0,0.0,0.0,0.0
None,20,70,0.0,0.0,0.0,0.0,0.0,0.0
None,"249,129","708,14",0.0,0.0,0.0,0.0,0.0,0.0
None,544,337,0.0,0.0,0.0,0.0,0.0,0.0
Cc1ccc(-c2ccc3c(c2)C(=O)N(C)C3=O)c(-c2c(C)c(C)c3c(c2C)C(=O)N(c2c(C)cc4c(C)cccc4c2C)C3=O)c1,"114,330","455,163",70.98,22.05,121.33,458.0,3.15,0.4634
None,335,792,0.0,0.0,0.0,0.0,0.0,0.0
None,"277,226","24,678",0.0,0.0,0.0,0.0,0.0,0.0
None,488,880,0.0,0.0,0.0,0.0,0.0,0.0
None,"120,178","711,564",0.0,0.0,0.0,0.0,0.0,0.0
None,492,682,0.0,0.0,0.0,0.0,0.0,0.0
None,461,120,0.0,0.0,0.0,0.0,0.0,0.0
None,215,306,0.0,0.0,0.0,0.0,0.0,0.0
Cc1c(N2C(=O)C34CCCCC35C(=O)N(C)C(=O)C53CCCCC34C2=O)ccc(F)c1F,"407,371","5,108",84.1,42.63,90.81,382.79,5.61,0.3651
C=Cc1cc(-c2ccc3c(c2)C(=O)N(C)C3=O)cc2c1C(=O)N(c1cccc3ccc4cc(C)ccc4c13)C2=O,"479,542","907,215",0.75,35.61,193.57,340.49,2.89,0.0047
None,195,900,0.0,0.0,0.0,0.0,0.0,0.0
None,"58,337","764,265",0.0,0.0,0.0,0.0,0.0,0.0
None,422,524,0.0,0.0,0.0,0.0,0.0,0.0
None,280,650,0.0,0.0,0.0,0.0,0.0,0.0
None,175,6,0.0,0.0,0.0,0.0,0.0,0.0
Cc1ccc(C2(c3ccc(N4C(=O)C5C6(F)C(=O)N(C)C(=O)C6C5(F)C4=O)cc3)CCCc3ccccc32)cc1,"374,85","627,795",79.91,51.46,90.96,353.67,4.47,0.3483
None,499,461,0.0,0.0,0.0,0.0,0.0,0.0
None,185,207,0.0,0.0,0.0,0.0,0.0,0.0
None,488,706,0.0,0.0,0.0,0.0,0.0,0.0
None,496,135,0.0,0.0,0.0,0.0,0.0,0.0
None,163,426,0.0,0.0,0.0,0.0,0.0,0.0
None,"341,148","27,178",0.0,0.0,0.0,0.0,0.0,0.0
None,253,640,0.0,0.0,0.0,0.0,0.0,0.0
None,"341,184","519,31",0.0,0.0,0.0,0.0,0.0,0.0
None,"121,328","838,42",0.0,0.0,0.0,0.0,0.0,0.0
None,435,244,0.0,0.0,0.0,0.0,0.0,0.0
None,388,129,0.0,0.0,0.0,0.0,0.0,0.0
Cc1ccc(C2(c3cccc(N4C(=O)c5cc6c(cc5C4=O)CC4C(=O)N(C)C(=O)C4C6)c3)C3CC4CC(C3)CC2C4)cc1,"467,245","884,95",81.34,50.67,91.91,434.89,4.94,0.3574
None,"14,203","474,899",0.0,0.0,0.0,0.0,0.0,0.0
None,134,373,0.0,0.0,0.0,0.0,0.0,0.0
Cc1cccc2c1ccc1cccc(N3C(=O)C4C5C(=O)N(C)C(=O)C5C4(F)C3=O)c12,"372,310,570,530","672,623,598,209",76.67,38.21,130.45,422.63,3.97,0.42
None,445,657,0.0,0.0,0.0,0.0,0.0,0.0
None,"79,298","653,588",0.0,0.0,0.0,0.0,0.0,0.0
Cc1c(F)c(F)c2c(F)c3c(F)c(-n4c(=O)c5c6cc(-c7ccc8c(c7)C(=O)OC8=O)cc7c8c(=O)n(C)c(=O)c8c8cc(C(F)(F)C(F)(F)C(F)(F)F)cc(c5c4=O)c8c76)c(F)cc3cc2c1F,"176,540","619,762",11.55,22.87,99.03,438.36,4.47,0.0629
None,245,744,0.0,0.0,0.0,0.0,0.0,0.0
None,425,491,0.0,0.0,0.0,0.0,0.0,0.0
None,"479,347","331,404",0.0,0.0,0.0,0.0,0.0,0.0
None,180,905,0.0,0.0,0.0,0.0,0.0,0.0
Cc1ccc(C(=Nc2ccccc2)c2ccc(N3C(=O)C4C(C)(C3=O)C3C(=O)N(C)C(=O)C34F)cc2)cc1,"365,320","754,869",76.88,46.72,95.53,316.52,4.08,0.3544
None,"411,360","949,139",0.0,0.0,0.0,0.0,0.0,0.0
None,89,103,0.0,0.0,0.0,0.0,0.0,0.0
None,"79,268","581,19",0.0,0.0,0.0,0.0,0.0,0.0
Cc1ccc2ccc3ccc(N4C(=O)C5OC6C(=O)N(C)C(=O)C6C5C4=O)c4ccc1c2c34,"471,139,475","730,62,632",77.63,9.22,125.59,444.24,3.95,0.4876
None,155,662,0.0,0.0,0.0,0.0,0.0,0.0
None,77,797,0.0,0.0,0.0,0.0,0.0,0.0
None,336,369,0.0,0.0,0.0,0.0,0.0,0.0
None,157,444,0.0,0.0,0.0,0.0,0.0,0.0
None,10,280,0.0,0.0,0.0,0.0,0.0,0.0
Cc1cc(N2C(=O)c3ccc(C4(c5ccc6c(c5)C(=O)N(C)C6=O)c5ccccc5C5CCCCC54)cc3C2=O)c2ccccc2c1C,152,202,79.13,43.7,120.68,391.85,4.09,0.4031
Cc1ccc2ccc3c4c2c1CC=C4CC=C3N1C(=O)CC(C2CC(=O)N(C)C2=O)C1=O,"450,543","577,310",74.01,51.43,97.19,311.36,4.07,0.3319
CC1CCC(c2ccc(N3C(=O)C4C=CC(Oc5ccc6c(c5)C(=O)N(C)C6=O)=CC4C3=O)cc2)CC1C,8,640,74.28,45.82,87.39,303.26,4.21,0.3309
None,503,89,0.0,0.0,0.0,0.0,0.0,0.0
None,43,614,0.0,0.0,0.0,0.0,0.0,0.0
None,53,89,0.0,0.0,0.0,0.0,0.0,0.0
None,290,733,0.0,0.0,0.0,0.0,0.0,0.0
None,"341,71","922,938",0.0,0.0,0.0,0.0,0.0,0.0
None,548,401,0.0,0.0,0.0,0.0,0.0,0.0
Cc1ccc(S(=O)(=O)c2ccc(N3C(=O)C4CCC5C(=O)N(C)C(=O)C5C4C3=O)cc2C)cc1,356,831,77.53,47.31,89.47,354.09,3.66,0.3874
None,"156,511","625,498",0.0,0.0,0.0,0.0,0.0,0.0
None,266,136,0.0,0.0,0.0,0.0,0.0,0.0
None,471,646,0.0,0.0,0.0,0.0,0.0,0.0
None,507,607,0.0,0.0,0.0,0.0,0.0,0.0
None,66,389,0.0,0.0,0.0,0.0,0.0,0.0
None,"437,490","345,781",0.0,0.0,0.0,0.0,0.0,0.0
None,257,790,0.0,0.0,0.0,0.0,0.0,0.0
Cc1ccc(-c2c3ccccc3cc3c(N4C(=O)C5=CC=C(Oc6ccc7c(c6)C(=O)N(C)C7=O)CC5C4=O)cccc23)cc1,96,426,20.43,44.82,97.83,336.58,3.56,0.1041
None,65,688,0.0,0.0,0.0,0.0,0.0,0.0
None,456,110,0.0,0.0,0.0,0.0,0.0,0.0
None,500,719,0.0,0.0,0.0,0.0,0.0,0.0
None,51,301,0.0,0.0,0.0,0.0,0.0,0.0
None,77,484,0.0,0.0,0.0,0.0,0.0,0.0
None,181,515,0.0,0.0,0.0,0.0,0.0,0.0
None,415,914,0.0,0.0,0.0,0.0,0.0,0.0
None,427,171,0.0,0.0,0.0,0.0,0.0,0.0
None,"515,287","944,558",0.0,0.0,0.0,0.0,0.0,0.0
None,537,959,0.0,0.0,0.0,0.0,0.0,0.0
None,"102,475","509,499",0.0,0.0,0.0,0.0,0.0,0.0
Cc1ccc(C(c2ccc3ccc4ccc(N5C(=O)C6CC7CC8C(=O)N(C)C(=O)C8C7CC6C5=O)c5ccc2c3c45)(C(F)(F)F)C(CC(F)(F)F)(C(F)(F)F)C(F)(F)F)cc1,"351,402","956,445",84.59,59.41,91.96,344.99,5.35,0.3194
None,149,834,0.0,0.0,0.0,0.0,0.0,0.0
None,231,325,0.0,0.0,0.0,0.0,0.0,0.0
None,178,372,0.0,0.0,0.0,0.0,0.0,0.0
None,146,295,0.0,0.0,0.0,0.0,0.0,0.0
None,"341,504","885,501",0.0,0.0,0.0,0.0,0.0,0.0
None,481,630,0.0,0.0,0.0,0.0,0.0,0.0
None,"535,462","525,514",0.0,0.0,0.0,0.0,0.0,0.0
None,"437,262","682,725",0.0,0.0,0.0,0.0,0.0,0.0
None,"325,14","661,366",0.0,0.0,0.0,0.0,0.0,0.0
None,"142,444","266,674",0.0,0.0,0.0,0.0,0.0,0.0
None,"40,154,534","935,110,353",0.0,0.0,0.0,0.0,0.0,0.0
None,423,222,0.0,0.0,0.0,0.0,0.0,0.0
None,298,802,0.0,0.0,0.0,0.0,0.0,0.0
None,267,182,0.0,0.0,0.0,0.0,0.0,0.0
C=Cc1ccc2c(c1)C(c1ccc3c(c1)C(=O)N(C)C3=O)(c1ccc3c(c1)C(=O)N(c1ccc(C)c4c(C)ccc(C)c14)C3=O)c1cc(C=C)ccc1-2,"467,150","115,873",11.15,58.66,116.35,353.75,3.4,0.0558
None,489,354,0.0,0.0,0.0,0.0,0.0,0.0
Cc1ccc2c(c1)-c1ccc(N3C(=O)C4CC5C(=O)N(C)C(=O)C5C4C3=O)c3cccc-2c13,"566,500","709,645",78.74,35.14,125.77,438.41,3.7,0.4549
None,"28,528","929,6",0.0,0.0,0.0,0.0,0.0,0.0
None,77,456,0.0,0.0,0.0,0.0,0.0,0.0
None,"366,423","695,176",0.0,0.0,0.0,0.0,0.0,0.0
None,253,346,0.0,0.0,0.0,0.0,0.0,0.0
None,291,413,0.0,0.0,0.0,0.0,0.0,0.0
CC1C=CC=C(Oc2ccc(N3C(=O)c4ccc(OC5=CC=C6C(=O)N(C)C(=O)C6C5)cc4C3=O)cc2)C=C1,96,289,78.03,53.78,88.41,263.26,4.2,0.3205
None,"474,509","810,513",0.0,0.0,0.0,0.0,0.0,0.0
None,285,298,0.0,0.0,0.0,0.0,0.0,0.0
None,"107,82,464","980,557,977",0.0,0.0,0.0,0.0,0.0,0.0
None,480,838,0.0,0.0,0.0,0.0,0.0,0.0
None,"485,172","533,180",0.0,0.0,0.0,0.0,0.0,0.0
None,"193,386","666,259",0.0,0.0,0.0,0.0,0.0,0.0
None,442,980,0.0,0.0,0.0,0.0,0.0,0.0
Cc1ccc(-c2c3ccccc3cc3c(N4C(=O)C5C(C4=O)C4C6CC(C7C8CC(C67)C6C7C(=O)N(C)C(=O)C7C86)C54)cccc23)cc1,409,426,82.5,39.45,97.29,485.9,6.11,0.4012
None,457,820,0.0,0.0,0.0,0.0,0.0,0.0
None,489,751,0.0,0.0,0.0,0.0,0.0,0.0
None,398,977,0.0,0.0,0.0,0.0,0.0,0.0
Cc1ccc2c(ccc3cccc(N4C(=O)C5C=CC(C(c6ccc7c(c6)C(=O)N(C)C7=O)(C(F)(F)F)C(F)(F)F)=CC5C4=O)c32)c1,294,215,82.17,48.24,101.75,360.67,4.13,0.3897
None,"515,112","556,556",0.0,0.0,0.0,0.0,0.0,0.0
None,476,918,0.0,0.0,0.0,0.0,0.0,0.0
None,168,632,0.0,0.0,0.0,0.0,0.0,0.0
None,"134,471","677,697",0.0,0.0,0.0,0.0,0.0,0.0
None,10,573,0.0,0.0,0.0,0.0,0.0,0.0
None,519,642,0.0,0.0,0.0,0.0,0.0,0.0
None,311,326,0.0,0.0,0.0,0.0,0.0,0.0
None,439,263,0.0,0.0,0.0,0.0,0.0,0.0
None,140,703,0.0,0.0,0.0,0.0,0.0,0.0
None,"124,399","280,568",0.0,0.0,0.0,0.0,0.0,0.0
None,"311,553","556,448",0.0,0.0,0.0,0.0,0.0,0.0
None,"151,187","948,296",0.0,0.0,0.0,0.0,0.0,0.0
None,"82,389","481,470",0.0,0.0,0.0,0.0,0.0,0.0
Cc1ccc(C2CCC(N3C(=O)c4c(F)cc(-c5ccc6c(c5)C(=O)N(C)C6=O)c(F)c4C3=O)CC2)cc1,327,520,42.08,47.4,127.16,420.6,2.82,0.2522
None,399,356,0.0,0.0,0.0,0.0,0.0,0.0
Cc1ccc2c(c1)C(C)(C)CC2(C)c1ccc(N2C(=O)C3C4C=CC(C5C(=O)N(C)C(=O)C45)C3C2=O)cc1,575,899,81.72,34.47,106.11,372.84,5.11,0.3739
None,492,177,0.0,0.0,0.0,0.0,0.0,0.0
None,"41,407,42","771,600,376",0.0,0.0,0.0,0.0,0.0,0.0
None,304,292,0.0,0.0,0.0,0.0,0.0,0.0
Cc1cc(C)c2ccc3c(N4C(=O)c5ccc(CC(C)Cc6c7c(cc8ccccc68)C(=O)N(C)C7=O)cc5C4=O)cc(C)c4ccc1c2c43,"304,161","599,805",54.94,38.04,101.8,418.34,3.7,0.303
None,"115,402","767,346",0.0,0.0,0.0,0.0,0.0,0.0
None,489,407,0.0,0.0,0.0,0.0,0.0,0.0
None,"71,342","717,583",0.0,0.0,0.0,0.0,0.0,0.0
CC1=CC(C)(c2ccc(-n3c(=O)c4c5ccccc5c5c(ccc6c7c(=O)n(C)c(=O)c7c7ccccc7c65)c4c3=O)cc2)CC=C1,"117,283","279,412",11.28,35.8,166.19,411.58,3.77,0.0653
None,480,915,0.0,0.0,0.0,0.0,0.0,0.0
None,77,391,0.0,0.0,0.0,0.0,0.0,0.0
Cc1ccc(C2(C)C=C(N3C(=O)C4C5C(=O)N(C)C(=O)C5(C)C4(C)C3=O)C=CC2)cc1,370,279,77.29,38.87,121.75,329.64,4.7,0.3527
None,419,799,0.0,0.0,0.0,0.0,0.0,0.0
None,307,149,0.0,0.0,0.0,0.0,0.0,0.0
None,148,16,0.0,0.0,0.0,0.0,0.0,0.0
None,554,480,0.0,0.0,0.0,0.0,0.0,0.0
Cc1cc(C)c2ccc(N3C(=O)C4C5C=CC(c6cc7c(cc65)C(=O)N(C)C7=O)C4C3=O)cc2c1,"217,536,38,182","785,584,679,146",77.03,20.5,110.67,440.68,4.68,0.4183
None,57,768,0.0,0.0,0.0,0.0,0.0,0.0
None,271,491,0.0,0.0,0.0,0.0,0.0,0.0
None,"202,314","781,965",0.0,0.0,0.0,0.0,0.0,0.0
None,540,983,0.0,0.0,0.0,0.0,0.0,0.0
Cc1cccc2cccc(C(F)(c3ccc(N4C(=O)c5ccc(-c6ccc7cc(-c8c9c(=O)oc(=O)c9c(C)c9c(=O)n(C)c(=O)c89)ccc7c6)cc5C4=O)cc3)C(F)(F)CF)c12,"121,502","957,90",20.12,33.22,111.21,381.04,4.27,0.1036
Cc1ccc2nc(-c3ccc(N4C(=O)C5=CC(Oc6ccc7c(c6)C(=O)N(C)C7=O)=CCC5(C)C4=O)cc3)[nH]c2c1,5,997,47.44,43.47,124.64,331.8,3.62,0.2462
Cc1ccc(-c2csc(N3C(=O)C4C=c5cc6c(cc5=CC4C3=O)C(=O)N(C)C6=O)n2)cc1,551,810,74.41,30.96,92.46,368.25,3.82,0.3996
None,"450,279","925,837",0.0,0.0,0.0,0.0,0.0,0.0
None,"337,419","537,804",0.0,0.0,0.0,0.0,0.0,0.0
None,252,452,0.0,0.0,0.0,0.0,0.0,0.0
None,524,163,0.0,0.0,0.0,0.0,0.0,0.0
None,569,57,0.0,0.0,0.0,0.0,0.0,0.0
Cc1c(F)c(F)c(S(=O)(=O)c2c(F)c(F)c(N3C(=O)C4C=CC(C5(c6ccc7c(c6)C(=O)N(C)C7=O)c6ccccc6-c6ccccc65)=CC4C3=O)c(F)c2F)c(F)c1F,47,793,84.79,35.5,82.47,399.67,4.7,0.4027
None,488,158,0.0,0.0,0.0,0.0,0.0,0.0
None,"165,455","478,820",0.0,0.0,0.0,0.0,0.0,0.0
None,114,480,0.0,0.0,0.0,0.0,0.0,0.0
None,569,873,0.0,0.0,0.0,0.0,0.0,0.0
None,568,103,0.0,0.0,0.0,0.0,0.0,0.0
None,421,997,0.0,0.0,0.0,0.0,0.0,0.0
CC1=CC2Nc3cc(N4C(=O)c5ccc(C(=O)C6=CC=C7C(=O)N(C)C(=O)C7C6)cc5C4=O)ccc3C(=O)C2C=C1,336,660,74.23,21.9,90.9,365.48,4.54,0.3784
None,345,728,0.0,0.0,0.0,0.0,0.0,0.0
None,517,143,0.0,0.0,0.0,0.0,0.0,0.0
C=Cc1cc(-n2c(=O)c3c4c(=O)oc(=O)c4c4c5c(=O)oc(=O)c5c5c(=O)n(C)c(=O)c5c4c3c2=O)cc2c(C=C)cc(C)cc12,"384,348","964,126",0.08,22.28,199.42,408.74,3.76,0.0005
None,"526,456","168,664",0.0,0.0,0.0,0.0,0.0,0.0
Cc1ccc(C2(C)C(=O)Nc3cc(N4C(=O)C5OC6C(=O)N(C)C(=O)C6C5C4=O)ccc32)cc1,"133,471","802,361",76.66,12.3,102.41,433.58,4.28,0.4474
None,328,547,0.0,0.0,0.0,0.0,0.0,0.0
None,"326,496","397,909",0.0,0.0,0.0,0.0,0.0,0.0
None,"282,62","117,221",0.0,0.0,0.0,0.0,0.0,0.0
None,242,184,0.0,0.0,0.0,0.0,0.0,0.0
None,"130,391","751,745",0.0,0.0,0.0,0.0,0.0,0.0
Cc1ccc(OC2=CC=C(N3C(=O)c4ccc(C5(c6ccc7c(c6)C(=O)N(C)C7=O)c6ccccc6C6CCCCC65)cc4C3=O)CC2)cc1,152,272,75.8,49.32,100.65,314.02,4.35,0.3318
None,545,241,0.0,0.0,0.0,0.0,0.0,0.0
None,"117,352,529,534","573,422,935,913",0.0,0.0,0.0,0.0,0.0,0.0
Cc1ccc2nc3ccc(N4C(=O)c5ccc(S(=O)(=O)c6ccc7c(c6)C(=O)N(C)C7=O)cc5C4=O)cc3nc2c1,562,668,63.43,41.48,106.85,383.57,2.75,0.3772
None,"28,269","414,822",0.0,0.0,0.0,0.0,0.0,0.0
None,183,294,0.0,0.0,0.0,0.0,0.0,0.0
Cc1ccc2cc3ccc(N4C(=O)CC(c5ccc6c(c5)C(=O)N(C)C6=O)C4=O)cc3nc2c1,69,905,17.16,24.12,101.05,361.53,3.04,0.1042
None,486,66,0.0,0.0,0.0,0.0,0.0,0.0
None,"207,67","243,606",0.0,0.0,0.0,0.0,0.0,0.0
None,488,311,0.0,0.0,0.0,0.0,0.0,0.0
None,529,512,0.0,0.0,0.0,0.0,0.0,0.0
Cc1ccc(C)c2c(N3C(=O)c4ccc(C#CCCCCC#Cc5ccc6c(c5)C(=O)N(C)C6=O)cc4C3=O)ccc(C)c12,"342,218","115,220",6.31,59.96,118.29,275.5,3.13,0.0306
None,"219,357","610,86",0.0,0.0,0.0,0.0,0.0,0.0
None,123,867,0.0,0.0,0.0,0.0,0.0,0.0
CCC(c1ccc2c(c1)C(=O)N(c1ccc(C3CCC(C)CC3)cc1)C2=O)(C1C=C2C(=O)N(C)C(=O)C2=CC1)C(F)(F)F,"98,23","520,518",79.63,61.32,89.26,266.74,4.19,0.314
None,452,215,0.0,0.0,0.0,0.0,0.0,0.0
None,556,638,0.0,0.0,0.0,0.0,0.0,0.0
Cc1ccc2c(c1)-c1cc(N3C(=O)C4=CC=C(Oc5ccc6c(c5)C(=O)N(C)C6=O)C(C)C4C3=O)ccc1C21c2ccccc2Oc2ccccc21,2,0,76.74,54.53,96.86,344.69,4.63,0.3197
None,258,96,0.0,0.0,0.0,0.0,0.0,0.0
None,539,838,0.0,0.0,0.0,0.0,0.0,0.0
None,532,146,0.0,0.0,0.0,0.0,0.0,0.0
None,"12,397","384,284",0.0,0.0,0.0,0.0,0.0,0.0
None,76,984,0.0,0.0,0.0,0.0,0.0,0.0
None,"407,181","160,394",0.0,0.0,0.0,0.0,0.0,0.0
None,346,19,0.0,0.0,0.0,0.0,0.0,0.0
None,"218,63","22,136",0.0,0.0,0.0,0.0,0.0,0.0
None,261,371,0.0,0.0,0.0,0.0,0.0,0.0
Cc1ccc(-c2c(N3C(=O)c4ccc(C5CC6CC5C5C(=O)N(C)C(=O)C65)cc4C3=O)ccc3cccc(C)c23)cc1,64,589,79.76,44.59,114.4,403.64,4.72,0.3725
None,349,52,0.0,0.0,0.0,0.0,0.0,0.0
None,522,59,0.0,0.0,0.0,0.0,0.0,0.0
None,"98,323","597,190",0.0,0.0,0.0,0.0,0.0,0.0
None,"236,209","303,689",0.0,0.0,0.0,0.0,0.0,0.0
Cc1ccc2ccc3c4c2c1CC=C4CC=C3N1C(=O)C2(F)C3C(=O)N(C)C(=O)C3C2(F)C1=O,373,577,74.75,40.37,95.67,376.39,4.87,0.335
Cc1ccc2ccc(N3C(=O)c4c(F)c(F)c(-c5ccc6c(c5)C(=O)N(C)C6=O)c(F)c4C3=O)cc2c1,"100,203","908,635",3.89,11.5,138.74,367.99,2.82,0.0262
None,"96,337","875,697",0.0,0.0,0.0,0.0,0.0,0.0
Cc1ccc2c(c1)Oc1cc(N3C(=O)C4OC5C(=O)N(C)C(=O)C5C4C3=O)ccc1C21OC(=O)c2ccccc21,"201,102,471","891,745,763",81.18,30.37,96.83,351.54,4.75,0.383
CC1=Cc2ncc3cc(N4C(=O)C5OC6C(=O)N(C)C(=O)C6C5C4=O)ccc3c2C(=O)C1,"471,449","267,501",75.53,22.44,102.52,428.68,4.44,0.4121
None,560,470,0.0,0.0,0.0,0.0,0.0,0.0
None,434,264,0.0,0.0,0.0,0.0,0.0,0.0
None,81,352,0.0,0.0,0.0,0.0,0.0,0.0
None,73,764,0.0,0.0,0.0,0.0,0.0,0.0
None,104,778,0.0,0.0,0.0,0.0,0.0,0.0
None,"306,222","279,91",0.0,0.0,0.0,0.0,0.0,0.0
None,568,829,0.0,0.0,0.0,0.0,0.0,0.0
None,311,383,0.0,0.0,0.0,0.0,0.0,0.0
None,547,371,0.0,0.0,0.0,0.0,0.0,0.0
None,288,385,0.0,0.0,0.0,0.0,0.0,0.0
None,513,113,0.0,0.0,0.0,0.0,0.0,0.0
None,285,405,0.0,0.0,0.0,0.0,0.0,0.0
None,443,683,0.0,0.0,0.0,0.0,0.0,0.0
Cc1ccc(-c2c3ccccc3nc3cc(-n4c(=O)c5cc6ccc7c8cc9c(=O)n(C)c(=O)c9cc8ccc7c6cc5c4=O)c(C)cc23)cc1,262,894,0.21,19.05,198.61,446.87,3.11,0.0015
None,155,826,0.0,0.0,0.0,0.0,0.0,0.0
None,398,597,0.0,0.0,0.0,0.0,0.0,0.0
None,176,608,0.0,0.0,0.0,0.0,0.0,0.0
None,264,104,0.0,0.0,0.0,0.0,0.0,0.0
None,157,286,0.0,0.0,0.0,0.0,0.0,0.0
None,343,108,0.0,0.0,0.0,0.0,0.0,0.0
None,"350,41","304,700",0.0,0.0,0.0,0.0,0.0,0.0
None,96,761,0.0,0.0,0.0,0.0,0.0,0.0
None,73,352,0.0,0.0,0.0,0.0,0.0,0.0
None,"197,78","83,103",0.0,0.0,0.0,0.0,0.0,0.0
None,322,479,0.0,0.0,0.0,0.0,0.0,0.0
None,"220,425","226,306",0.0,0.0,0.0,0.0,0.0,0.0
None,"30,532","120,14",0.0,0.0,0.0,0.0,0.0,0.0
None,"127,79,361","635,674,83",0.0,0.0,0.0,0.0,0.0,0.0
None,65,157,0.0,0.0,0.0,0.0,0.0,0.0
Cc1ccc(N2C(=O)C3C4CCC(c5cc6c(cc54)C(=O)N(C)C6=O)C3C2=O)c2c1CCCC2,216,222,64.04,36.4,101.64,391.31,4.65,0.3083
None,86,746,0.0,0.0,0.0,0.0,0.0,0.0
None,170,854,0.0,0.0,0.0,0.0,0.0,0.0
None,104,496,0.0,0.0,0.0,0.0,0.0,0.0
None,"124,312","527,983",0.0,0.0,0.0,0.0,0.0,0.0
None,185,209,0.0,0.0,0.0,0.0,0.0,0.0
None,"122,369","237,564",0.0,0.0,0.0,0.0,0.0,0.0
None,554,671,0.0,0.0,0.0,0.0,0.0,0.0
None,"98,336","239,847",0.0,0.0,0.0,0.0,0.0,0.0
Cc1ccc(C2(C)CC(C)(C)c3cc(N4C(=O)C5C6(F)C(=O)N(C)C(=O)C6C5(F)C4=O)ccc32)cc1,374,899,79.41,32.84,92.81,341.29,4.62,0.3719
None,397,977,0.0,0.0,0.0,0.0,0.0,0.0
None,390,329,0.0,0.0,0.0,0.0,0.0,0.0
None,"449,11","167,722",0.0,0.0,0.0,0.0,0.0,0.0
None,104,321,0.0,0.0,0.0,0.0,0.0,0.0
None,"109,147,335","1001,856,651",0.0,0.0,0.0,0.0,0.0,0.0
None,"562,212","169,864",0.0,0.0,0.0,0.0,0.0,0.0
None,"485,40,246","508,903,494",0.0,0.0,0.0,0.0,0.0,0.0
None,67,36,0.0,0.0,0.0,0.0,0.0,0.0
None,"151,504,423,4","593,462,725,58",0.0,0.0,0.0,0.0,0.0,0.0
None,"233,54","541,278",0.0,0.0,0.0,0.0,0.0,0.0
None,"284,136,175","719,385,127",0.0,0.0,0.0,0.0,0.0,0.0
None,52,892,0.0,0.0,0.0,0.0,0.0,0.0
None,446,802,0.0,0.0,0.0,0.0,0.0,0.0
None,447,707,0.0,0.0,0.0,0.0,0.0,0.0
None,"515,177","710,151",0.0,0.0,0.0,0.0,0.0,0.0
None,442,128,0.0,0.0,0.0,0.0,0.0,0.0
None,"364,190","850,417",0.0,0.0,0.0,0.0,0.0,0.0
None,"14,58","675,556",0.0,0.0,0.0,0.0,0.0,0.0
None,"156,139","763,524",0.0,0.0,0.0,0.0,0.0,0.0
None,360,842,0.0,0.0,0.0,0.0,0.0,0.0
None,460,599,0.0,0.0,0.0,0.0,0.0,0.0
None,404,194,0.0,0.0,0.0,0.0,0.0,0.0
None,166,355,0.0,0.0,0.0,0.0,0.0,0.0
None,"54,536","593,48",0.0,0.0,0.0,0.0,0.0,0.0
Cc1ccc2c(c1)=c1cc(N3C(=O)c4ccc(S(=O)(=O)c5ccc6c(c5)C(=O)N(C)C6=O)cc4C3=O)ccc1=2,"321,562","642,656",49.6,42.77,107.19,352.25,2.97,0.2799
None,150,628,0.0,0.0,0.0,0.0,0.0,0.0
None,541,586,0.0,0.0,0.0,0.0,0.0,0.0
None,528,301,0.0,0.0,0.0,0.0,0.0,0.0
Cc1ccc(-c2ccc3c(N4C(=O)C5C6C(=O)N(C)C(=O)C6(C)C5(C)C4=O)cccc3c2)cc1,370,218,74.78,22.91,135.65,381.86,3.86,0.4333
CCCCCCC(F)C(C)(c1ccc(C)cc1)C1(N2C(=O)C3C4C(=O)N(C)C(=O)C4(C)C3(F)C2=O)C=CC=CC1,"364,340","961,347",81.35,49.02,85.43,237.95,5.21,0.2911
None,123,234,0.0,0.0,0.0,0.0,0.0,0.0
Cc1ccc2cc(C)c(N3C(=O)C4CC5C(CC4C3=O)C3C(=O)N(C)C(=O)C53)c(C)c2c1,"94,270,251,426","91,86,82,978",78.77,42.85,104.83,437.7,4.19,0.4064
None,"278,241","333,989",0.0,0.0,0.0,0.0,0.0,0.0
None,95,158,0.0,0.0,0.0,0.0,0.0,0.0
None,167,779,0.0,0.0,0.0,0.0,0.0,0.0
None,412,514,0.0,0.0,0.0,0.0,0.0,0.0
Cc1ccc2oc(-c3cccc4ccc(-c5ccc(N6C(=O)C7(C)C8C(=O)N(C)C(=O)C8(C)C7(C)C6=O)cc5)cc34)nc2c1,"375,47","621,649",81.02,28.64,99.59,343.28,4.22,0.4127
Cc1ccc(-c2cc3cccc(N4C(=O)c5ccc(C6(c7ccc8c(c7)C(=O)N(C)C8=O)c7cc(C)ccc7-c7ccc(C)cc76)cc5C4=O)c3cc2C)cc1,"118,190","167,181",38.72,32.09,110.75,373.33,3.21,0.2266
None,225,909,0.0,0.0,0.0,0.0,0.0,0.0
Cc1ccc2oc(OS(=O)(=O)Oc3ccc(N4C(=O)C5C=CC(c6ccc7c(c6)C(=O)N(C)C7=O)=CC5C4=O)cc3)nc2c1,"18,521","399,649",79.41,55.97,96.69,338.87,4.06,0.3562
None,"562,445","675,674",0.0,0.0,0.0,0.0,0.0,0.0
None,"349,38","957,517",0.0,0.0,0.0,0.0,0.0,0.0
None,376,373,0.0,0.0,0.0,0.0,0.0,0.0
Cc1cc(C)c2c(N3C(=O)C4C=CC(CCCCc5ccc6c(c5)C(=O)N(C)C6=O)=CC4C3=O)cc(C)cc2c1,151,182,73.93,47.51,104.89,352.55,3.89,0.3625
Cc1ccc2c(c1)OCCOCCOc1cc(N3C(=O)C45CCCCC46C(=O)N(C)C(=O)C64CCCCC45C3=O)ccc1OCCOCCO2,371,394,89.06,60.06,69.81,269.63,6.03,0.2991
None,56,416,0.0,0.0,0.0,0.0,0.0,0.0
Cc1ccc(-c2ccc(F)cc2N2C(=O)c3ccc([Si](c4ccccc4)(c4ccccc4)c4ccc5c(c4)C(=O)N(C)C5=O)cc3C2=O)cc1,"311,382","474,635",22.19,38.06,122.78,267.89,3.04,0.1209
None,"72,429","943,146",0.0,0.0,0.0,0.0,0.0,0.0
Cc1cc2c(C)cccc2c(C)c1N1C(=O)C2C3CC(C2C1=O)C1(CCC2(CC4CC2C2C(=O)N(C)C(=O)C42)C1=O)C3,"311,473","491,163",85.78,45.72,92.52,388.89,6.84,0.3686
None,"331,310","754,173",0.0,0.0,0.0,0.0,0.0,0.0
None,463,922,0.0,0.0,0.0,0.0,0.0,0.0
None,206,946,0.0,0.0,0.0,0.0,0.0,0.0
None,453,683,0.0,0.0,0.0,0.0,0.0,0.0
None,388,217,0.0,0.0,0.0,0.0,0.0,0.0
None,480,228,0.0,0.0,0.0,0.0,0.0,0.0
None,288,92,0.0,0.0,0.0,0.0,0.0,0.0
Cc1ccc(C(CCC(C)C)C2(F)C(F)(F)C(F)(F)C2(F)c2ccc(C)c(N3C(=O)C4C(=O)N(C)C(=O)C4C3=O)c2)cc1,"355,166,328","908,731,374",81.36,49.65,86.51,260.05,4.82,0.3072
None,303,982,0.0,0.0,0.0,0.0,0.0,0.0
None,329,703,0.0,0.0,0.0,0.0,0.0,0.0
None,450,354,0.0,0.0,0.0,0.0,0.0,0.0
None,383,861,0.0,0.0,0.0,0.0,0.0,0.0
None,"26,433","6,531",0.0,0.0,0.0,0.0,0.0,0.0
None,"283,439","966,52",0.0,0.0,0.0,0.0,0.0,0.0
Cc1c(N2C(=O)C3C(=O)N(C)C(=O)C3C2=O)c2ccccc2c2ccccc12,355,636,80.58,38.51,138.73,421.34,3.34,0.4773
None,"154,304","833,320",0.0,0.0,0.0,0.0,0.0,0.0
None,"16,146","641,141",0.0,0.0,0.0,0.0,0.0,0.0
None,400,665,0.0,0.0,0.0,0.0,0.0,0.0
None,191,495,0.0,0.0,0.0,0.0,0.0,0.0
None,487,893,0.0,0.0,0.0,0.0,0.0,0.0
None,312,974,0.0,0.0,0.0,0.0,0.0,0.0
None,265,304,0.0,0.0,0.0,0.0,0.0,0.0
None,340,662,0.0,0.0,0.0,0.0,0.0,0.0
None,253,190,0.0,0.0,0.0,0.0,0.0,0.0
None,"470,137","152,171",0.0,0.0,0.0,0.0,0.0,0.0
None,"211,101","951,616",0.0,0.0,0.0,0.0,0.0,0.0
None,354,455,0.0,0.0,0.0,0.0,0.0,0.0
None,"365,387,460,105","980,590,705,266",0.0,0.0,0.0,0.0,0.0,0.0
None,461,894,0.0,0.0,0.0,0.0,0.0,0.0
None,438,507,0.0,0.0,0.0,0.0,0.0,0.0
None,"347,489","778,645",0.0,0.0,0.0,0.0,0.0,0.0
None,254,98,0.0,0.0,0.0,0.0,0.0,0.0
None,143,718,0.0,0.0,0.0,0.0,0.0,0.0
None,570,553,0.0,0.0,0.0,0.0,0.0,0.0
None,511,380,0.0,0.0,0.0,0.0,0.0,0.0
None,560,431,0.0,0.0,0.0,0.0,0.0,0.0
Cc1ccc(-c2c3c(c4ccccc4c2-c2ccc4c(c2)C(=O)N(C)C4=O)C(=O)N(c2ccc4c(c2)C(=O)c2cc(C)ccc2S4(=O)=O)C3=O)cc1,"214,397","653,6",46.52,33.96,102.27,384.91,3.22,0.2701
None,61,136,0.0,0.0,0.0,0.0,0.0,0.0
None,45,310,0.0,0.0,0.0,0.0,0.0,0.0
None,312,326,0.0,0.0,0.0,0.0,0.0,0.0
None,184,391,0.0,0.0,0.0,0.0,0.0,0.0
None,436,310,0.0,0.0,0.0,0.0,0.0,0.0
None,280,634,0.0,0.0,0.0,0.0,0.0,0.0
Cc1ccc(-c2cc(C)cc(C(=O)N3C(=O)c4ccc([Si](c5ccccc5)(c5ccccc5)c5ccc6c(c5)C(=O)N(C)C6=O)cc4C3=O)c2)cc1,"382,475","13,864",23.99,38.15,123.19,251.04,3.16,0.1272
None,143,393,0.0,0.0,0.0,0.0,0.0,0.0
None,263,767,0.0,0.0,0.0,0.0,0.0,0.0
None,300,78,0.0,0.0,0.0,0.0,0.0,0.0
None,386,398,0.0,0.0,0.0,0.0,0.0,0.0
Cc1cccc(-c2ccc3ccc4c(-c5ccc(N6C(=O)C7C=CC(Oc8ccc9c(c8)C(=O)N(C)C9=O)=CC7C6=O)cc5)ccc5ccc2c3c54)c1,"8,356","586,95",44.1,29.69,105.97,382.08,3.96,0.2392
None,176,956,0.0,0.0,0.0,0.0,0.0,0.0
CCC(C)(CC)c1ccc(N2C(=O)c3ccc(S(=O)(=O)c4ccc5c(c4)C(=O)N(C)C5=O)cc3C2=O)cc1,562,17,74.0,58.41,94.31,261.7,2.74,0.3689
None,180,454,0.0,0.0,0.0,0.0,0.0,0.0
None,"256,223","912,552",0.0,0.0,0.0,0.0,0.0,0.0
None,337,744,0.0,0.0,0.0,0.0,0.0,0.0
None,59,927,0.0,0.0,0.0,0.0,0.0,0.0
None,431,387,0.0,0.0,0.0,0.0,0.0,0.0
None,407,292,0.0,0.0,0.0,0.0,0.0,0.0
CC1=CC2(C)C3C(=O)N(C)C(=O)C3C1C1C(=O)N(c3ccc(-c4cc(C)cc(F)c4)cc3)C(=O)C12,376,376,77.84,17.07,103.24,362.39,4.91,0.3904
Cc1cc(N2C(=O)C3=C(c4ccc5c(c4)C(=O)N(C)C5=O)C=CCC3C2=O)c2cccc3c2c1-c1ccccc1C3,"326,516","546,48",18.41,44.43,95.08,343.37,3.68,0.0928
Cc1cc(F)c(-c2ccc(-n3c(=O)c4c5c(=O)oc(=O)c5c5c6c(=O)n(C)c(=O)c6c6c(=O)oc(=O)c6c5c4c3=O)cc2)cc1C,384,454,0.53,2.2,158.88,436.27,3.35,0.0037
None,5,135,0.0,0.0,0.0,0.0,0.0,0.0
None,288,699,0.0,0.0,0.0,0.0,0.0,0.0
Cc1cc2ccc(N3C(=O)c4c(C)c(-c5cc(-c6cc7c8c(c(-c9ccc%10c(c9)C(=O)OC%10=O)cc9c8c6C(=O)N(C)C9=O)C(=O)OC7=O)cc6c5C(=O)OC6=O)c5c(C)cccc5c4C3=O)c(F)c2cc1F,"437,165,70","227,893,730",5.26,17.29,98.6,251.68,4.46,0.0255
None,180,33,0.0,0.0,0.0,0.0,0.0,0.0
None,241,327,0.0,0.0,0.0,0.0,0.0,0.0
None,"270,312","675,265",0.0,0.0,0.0,0.0,0.0,0.0
None,422,90,0.0,0.0,0.0,0.0,0.0,0.0
None,44,440,0.0,0.0,0.0,0.0,0.0,0.0
None,193,372,0.0,0.0,0.0,0.0,0.0,0.0
None,157,991,0.0,0.0,0.0,0.0,0.0,0.0
CCCCC(C)(c1ccc(C)cc1)c1cccc(N2C(=O)C3=CC=C(C(C(F)(F)F)(C(F)(F)F)C4(c5ccc6c(c5)C(=O)N(C)C6=O)CCCCCCCCC4)CC3(C)C2=O)c1F,"207,316","676,348",71.46,58.41,85.37,232.27,5.37,0.2373
None,"71,101","484,630",0.0,0.0,0.0,0.0,0.0,0.0
None,488,75,0.0,0.0,0.0,0.0,0.0,0.0
None,480,374,0.0,0.0,0.0,0.0,0.0,0.0
None,429,833,0.0,0.0,0.0,0.0,0.0,0.0
None,102,437,0.0,0.0,0.0,0.0,0.0,0.0
None,155,532,0.0,0.0,0.0,0.0,0.0,0.0
None,469,625,0.0,0.0,0.0,0.0,0.0,0.0
None,"202,190","867,167",0.0,0.0,0.0,0.0,0.0,0.0
Cc1ccc(CCCN2C(=O)c3ccc(C4CC(=O)N(C)C4=O)cc3C2=O)cc1,69,40,19.32,54.49,97.03,291.91,2.77,0.1004
None,231,998,0.0,0.0,0.0,0.0,0.0,0.0
None,439,943,0.0,0.0,0.0,0.0,0.0,0.0
None,203,473,0.0,0.0,0.0,0.0,0.0,0.0
None,"347,312","676,715",0.0,0.0,0.0,0.0,0.0,0.0
None,328,924,0.0,0.0,0.0,0.0,0.0,0.0
None,"330,464","798,318",0.0,0.0,0.0,0.0,0.0,0.0
None,"63,337","867,664",0.0,0.0,0.0,0.0,0.0,0.0
None,528,200,0.0,0.0,0.0,0.0,0.0,0.0
None,"450,260","908,659",0.0,0.0,0.0,0.0,0.0,0.0
None,124,302,0.0,0.0,0.0,0.0,0.0,0.0
None,76,847,0.0,0.0,0.0,0.0,0.0,0.0
None,181,11,0.0,0.0,0.0,0.0,0.0,0.0
CC1CCC(c2ccc(N3C(=O)c4ccc(S(C)(C)c5ccc6c(c5)C(=O)N(C)C6=O)cc4C3=O)cc2)CC1C,380,640,73.32,54.18,90.93,284.67,3.8,0.3271
CCCCCCC(C)(c1ccc(CCC)cc1)c1ccc(N2C(=O)C3C(C2=O)C2C4CC(C5C6CC(C45)C4C5C(=O)N(C)C(=O)C5C64)C32)cc1,"99,409,497","679,42,33",83.79,46.27,84.42,382.71,6.3,0.3537
Cc1ccc(OC2=CC(N3C(=O)C4C(=O)N(C)C(=O)C4C3=O)=CCC2)cc1,355,416,80.12,50.4,104.75,342.09,3.8,0.3884
None,256,447,0.0,0.0,0.0,0.0,0.0,0.0
None,"125,54,222","115,26,61",0.0,0.0,0.0,0.0,0.0,0.0
None,329,439,0.0,0.0,0.0,0.0,0.0,0.0
None,127,909,0.0,0.0,0.0,0.0,0.0,0.0
None,529,389,0.0,0.0,0.0,0.0,0.0,0.0
None,561,139,0.0,0.0,0.0,0.0,0.0,0.0
None,488,856,0.0,0.0,0.0,0.0,0.0,0.0
None,414,127,0.0,0.0,0.0,0.0,0.0,0.0
None,265,172,0.0,0.0,0.0,0.0,0.0,0.0
None,387,213,0.0,0.0,0.0,0.0,0.0,0.0
None,421,554,0.0,0.0,0.0,0.0,0.0,0.0
None,360,700,0.0,0.0,0.0,0.0,0.0,0.0
None,549,974,0.0,0.0,0.0,0.0,0.0,0.0
None,177,469,0.0,0.0,0.0,0.0,0.0,0.0
None,554,389,0.0,0.0,0.0,0.0,0.0,0.0
None,326,821,0.0,0.0,0.0,0.0,0.0,0.0
CC(=O)c1cc(C2(c3ccc4c(c3)C(=O)N(c3ccc5c6c(cccc36)-c3ccc(N)cc3-5)C4=O)C=CCC3=C2c2ccccc23)c2cc3c(cc2c1)C(=O)N(C)C3=O,"41,289,393","645,857,942",7.67,31.72,102.49,393.11,4.26,0.0399
None,"103,398","167,894",0.0,0.0,0.0,0.0,0.0,0.0
None,512,949,0.0,0.0,0.0,0.0,0.0,0.0
None,"450,505","404,961",0.0,0.0,0.0,0.0,0.0,0.0
Cc1cc(C)c2ccccc2c1N1C(=O)c2ccc(C#Cc3ccc4c(c3)C(=O)N(C)C4=O)cc2C1=O,493,630,8.42,48.01,150.53,314.09,2.74,0.0481
None,234,31,0.0,0.0,0.0,0.0,0.0,0.0
None,134,80,0.0,0.0,0.0,0.0,0.0,0.0
None,146,690,0.0,0.0,0.0,0.0,0.0,0.0
Cc1cc(-c2ccc(N3C(=O)c4ccc(OC5=CCC6(C)C(=O)N(C)C(=O)C6=C5)cc4C3=O)cc2)cc2ccccc12,5,83,61.01,47.76,123.86,293.34,3.53,0.3042
None,"535,105,550","974,634,317",0.0,0.0,0.0,0.0,0.0,0.0
None,80,142,0.0,0.0,0.0,0.0,0.0,0.0
None,75,332,0.0,0.0,0.0,0.0,0.0,0.0
Cc1ccc(P(=O)(c2ccccc2)c2ccccc2)c(-c2ccc(N3C(=O)C4CC5C(=O)N(C)C(=O)C5CC4C3=O)cc2)c1,542,406,80.85,38.85,119.09,358.41,4.04,0.4129
None,181,481,0.0,0.0,0.0,0.0,0.0,0.0
None,"339,507","992,295",0.0,0.0,0.0,0.0,0.0,0.0
Cc1ccc(-c2cc(F)ccc2N2C(=O)c3ccc(-c4ccc5c(c4F)C(=O)N(C)C5=O)cc3C2=O)cc1,344,472,2.85,11.5,150.89,388.82,2.64,0.0199
None,213,788,0.0,0.0,0.0,0.0,0.0,0.0
Cc1cc2cc(N3C(=O)C4C5CCC(c6cc7c(cc65)C(=O)N(C)C7=O)C4C3=O)cc3ccc4cccc1c4c32,"325,216","561,235",79.13,29.19,120.58,424.76,4.73,0.4084
CC1=CC=C(c2ccc(N3C(=O)C4C=CC(C(c5ccc6c(c5)C(=O)N(C)C6=O)(C(F)(F)F)C(F)(F)F)=CC4C3=O)cc2)C(F)(F)C1,294,946,86.3,53.97,94.12,296.68,4.51,0.35
Cc1cccc2c1Cc1cccc(N3C(=O)c4ccc(C5=CCC=C6C(=O)N(C)C(=O)C6=C5)cc4C3=O)c1C2,514,118,4.61,51.42,97.87,322.03,3.36,0.0231
Cc1cc2c(c(N3C(=O)C4C5CCC(c6cc7c(cc65)C(=O)N(C)C7=O)C4C3=O)c1)CCCC2,"506,216","116,646",63.49,41.33,101.6,367.17,4.65,0.2917
None,36,908,0.0,0.0,0.0,0.0,0.0,0.0
None,507,797,0.0,0.0,0.0,0.0,0.0,0.0
None,280,736,0.0,0.0,0.0,0.0,0.0,0.0
None,425,512,0.0,0.0,0.0,0.0,0.0,0.0
COc1ccc(N2C(=O)C3(C)C4(C)C(=O)N(C)C(=O)C4(C)C3(C)C2=O)cc1,377,303,74.03,47.72,130.79,325.18,3.95,0.3602
None,346,889,0.0,0.0,0.0,0.0,0.0,0.0
None,426,434,0.0,0.0,0.0,0.0,0.0,0.0
None,430,357,0.0,0.0,0.0,0.0,0.0,0.0
None,"160,436","531,519",0.0,0.0,0.0,0.0,0.0,0.0
None,225,50,0.0,0.0,0.0,0.0,0.0,0.0
None,423,340,0.0,0.0,0.0,0.0,0.0,0.0
None,509,884,0.0,0.0,0.0,0.0,0.0,0.0
None,"80,399","709,896",0.0,0.0,0.0,0.0,0.0,0.0
Cc1ccc(-c2cc(C)c(N3C(=O)c4ccc(-c5ccc6c(c5)C5(c7ccccc7-c7ccc(OC8=CCC9C(=O)N(C)C(=O)C9=C8)cc75)c5ccccc5-6)cc4C3=O)cc2C)cc1,"110,22","523,51",60.18,41.69,87.91,391.82,4.81,0.2717
None,402,211,0.0,0.0,0.0,0.0,0.0,0.0
None,"131,396","674,171",0.0,0.0,0.0,0.0,0.0,0.0
None,136,848,0.0,0.0,0.0,0.0,0.0,0.0
None,285,982,0.0,0.0,0.0,0.0,0.0,0.0
None,494,294,0.0,0.0,0.0,0.0,0.0,0.0
None,187,14,0.0,0.0,0.0,0.0,0.0,0.0
None,"165,271","929,45",0.0,0.0,0.0,0.0,0.0,0.0
None,"133,285,82,548","819,978,202,471",0.0,0.0,0.0,0.0,0.0,0.0
None,367,845,0.0,0.0,0.0,0.0,0.0,0.0
None,532,116,0.0,0.0,0.0,0.0,0.0,0.0
Cc1ccc(CCCCN2C(=O)C3CC4C(=O)N(C)C(=O)C4C3C2=O)cc1,566,35,67.64,54.04,106.1,310.41,3.42,0.3308
None,452,481,0.0,0.0,0.0,0.0,0.0,0.0
None,213,180,0.0,0.0,0.0,0.0,0.0,0.0
None,299,430,0.0,0.0,0.0,0.0,0.0,0.0
None,"80,22","625,585",0.0,0.0,0.0,0.0,0.0,0.0
None,545,567,0.0,0.0,0.0,0.0,0.0,0.0
CC1=CC2(C)C3C(=O)N(C)C(=O)C3C1C1C(=O)N(c3ccc4c(c3)Oc3cc(C)ccc3O4)C(=O)C12,"62,376","366,0",77.81,47.78,93.26,313.78,5.15,0.3072
None,377,796,0.0,0.0,0.0,0.0,0.0,0.0
None,178,258,0.0,0.0,0.0,0.0,0.0,0.0
None,93,840,0.0,0.0,0.0,0.0,0.0,0.0
None,287,1002,0.0,0.0,0.0,0.0,0.0,0.0
None,298,524,0.0,0.0,0.0,0.0,0.0,0.0
None,"62,215","227,486",0.0,0.0,0.0,0.0,0.0,0.0
None,"341,391","19,312",0.0,0.0,0.0,0.0,0.0,0.0
None,269,723,0.0,0.0,0.0,0.0,0.0,0.0
None,40,895,0.0,0.0,0.0,0.0,0.0,0.0
None,209,785,0.0,0.0,0.0,0.0,0.0,0.0
None,472,666,0.0,0.0,0.0,0.0,0.0,0.0
None,50,192,0.0,0.0,0.0,0.0,0.0,0.0
None,"317,297","426,398",0.0,0.0,0.0,0.0,0.0,0.0
Cc1ccc(C2(c3ccc(N4C(=O)c5ccc(C6=C7C(=O)N(C)C(=O)C7CC=C6)cc5C4=O)cc3)c3ccccc3-c3ccccc32)cc1,"145,516","51,972",51.94,40.28,97.51,380.59,3.64,0.2768
None,388,353,0.0,0.0,0.0,0.0,0.0,0.0
None,259,375,0.0,0.0,0.0,0.0,0.0,0.0
None,466,228,0.0,0.0,0.0,0.0,0.0,0.0
None,459,591,0.0,0.0,0.0,0.0,0.0,0.0
None,310,5,0.0,0.0,0.0,0.0,0.0,0.0
Cc1ccc(-c2cn(-c3ccc(N4C(=O)C5C6CC(C5C4=O)C4(CCC5(CC7CC5C5C(=O)N(C)C(=O)C75)C4=O)C6)cc3)cn2)c(C)c1F,"473,164","515,960",84.64,25.0,93.19,416.48,6.96,0.4171
None,258,690,0.0,0.0,0.0,0.0,0.0,0.0
None,27,604,0.0,0.0,0.0,0.0,0.0,0.0
None,323,349,0.0,0.0,0.0,0.0,0.0,0.0
None,37,513,0.0,0.0,0.0,0.0,0.0,0.0
None,500,268,0.0,0.0,0.0,0.0,0.0,0.0
Cc1ccc2c(c1)oc(=O)c1cc(N3C(=O)c4c(F)cc(-c5ccc6c(c5)C(=O)N(C)C6=O)c(F)c4C3=O)ccc12,327,502,1.64,11.8,147.74,346.9,2.96,0.0108
None,43,965,0.0,0.0,0.0,0.0,0.0,0.0
None,78,538,0.0,0.0,0.0,0.0,0.0,0.0
None,429,92,0.0,0.0,0.0,0.0,0.0,0.0
None,"313,252","991,548",0.0,0.0,0.0,0.0,0.0,0.0
None,384,271,0.0,0.0,0.0,0.0,0.0,0.0
None,190,786,0.0,0.0,0.0,0.0,0.0,0.0
CC(=S)Nc1ccc(N2C(=O)CC(C3CC4C(=O)N(C)C(=O)C4c4ccccc43)C2=O)cc1,564,852,76.92,42.49,102.69,298.12,3.81,0.3734
Cc1ccc2c(N3C(=O)C4=CC(C(=O)c5ccc6c(c5)C(=O)N(C)C6=O)=CCC4(C)C3=O)c(C)ccc2c1,295,158,66.12,17.1,144.42,328.69,3.7,0.3884
None,476,657,0.0,0.0,0.0,0.0,0.0,0.0
None,"233,220,146","983,561,67",0.0,0.0,0.0,0.0,0.0,0.0
None,37,792,0.0,0.0,0.0,0.0,0.0,0.0
Cc1ccc2c(c1)c(=O)oc1cc(N3C(=O)C4C5C(=O)N(C)C(=O)C5(C)C4(C)C3=O)ccc12,"63,370","502,441",73.78,11.15,133.24,418.78,4.08,0.4485
C=C(C)c1ccc(N2C(=O)c3ccc(C4(c5ccc6c(c5)C(=O)N(C)C6=O)c5ccccc5-c5ccccc54)cc3C2=O)cc1F,"60,570","952,414",11.18,37.94,123.47,343.56,3.02,0.0645
None,385,286,0.0,0.0,0.0,0.0,0.0,0.0
None,413,834,0.0,0.0,0.0,0.0,0.0,0.0
None,567,995,0.0,0.0,0.0,0.0,0.0,0.0
None,541,710,0.0,0.0,0.0,0.0,0.0,0.0
None,81,782,0.0,0.0,0.0,0.0,0.0,0.0
Cc1ccc(C2=C(c3ccc(-n4c(=O)c5cc(C)c6c(c(-c7ccc8c(c7)C(=O)OC8=O)cc7c(=O)n(C)c(=O)c76)c5c4=O)cc3)C(F)(F)C(F)(F)C(F)(F)C2(F)F)cc1,"182,229","405,939",13.37,4.17,104.19,413.02,3.99,0.0823
None,435,283,0.0,0.0,0.0,0.0,0.0,0.0
None,180,522,0.0,0.0,0.0,0.0,0.0,0.0
None,247,66,0.0,0.0,0.0,0.0,0.0,0.0
None,210,671,0.0,0.0,0.0,0.0,0.0,0.0
None,59,995,0.0,0.0,0.0,0.0,0.0,0.0
None,178,270,0.0,0.0,0.0,0.0,0.0,0.0
None,451,374,0.0,0.0,0.0,0.0,0.0,0.0
Cc1cccc2ccc(-c3ccc(N4C(=O)c5ccc([Si](c6ccccc6)(c6ccccc6)c6ccc7c(c6)C(=O)N(C)C7=O)cc5C4=O)cc3)cc12,382,84,7.3,39.25,131.96,289.12,3.09,0.0402
None,503,19,0.0,0.0,0.0,0.0,0.0,0.0
None,"318,505","114,841",0.0,0.0,0.0,0.0,0.0,0.0
None,360,462,0.0,0.0,0.0,0.0,0.0,0.0
None,"21,233,447","414,503,504",0.0,0.0,0.0,0.0,0.0,0.0
None,"113,177","288,596",0.0,0.0,0.0,0.0,0.0,0.0
None,90,869,0.0,0.0,0.0,0.0,0.0,0.0
None,371,379,0.0,0.0,0.0,0.0,0.0,0.0
None,494,13,0.0,0.0,0.0,0.0,0.0,0.0
None,239,755,0.0,0.0,0.0,0.0,0.0,0.0
None,526,553,0.0,0.0,0.0,0.0,0.0,0.0
Cc1c(Br)cc(-c2ccc(N3C(=O)c4cc(-c5ccc6c(c5)C(=O)N(C)C6=O)cc(F)c4C3=O)cc2)cc1Br,345,507,3.42,12.25,140.06,345.21,2.79,0.0227
None,349,139,0.0,0.0,0.0,0.0,0.0,0.0
Cc1cccc2c1Cc1cccc(-n3c(=O)c4c(C)c5c(=O)n(C)c(=O)c5c(-c5ccc6c(c5)C(=O)OC6=O)c4c3=O)c1C2,502,118,1.89,35.02,98.2,373.32,3.39,0.0106
Cc1ccc2c(c1)sc1cc(N3C(=O)C4CC5CC6C(=O)N(C)C(=O)C6C5CC4C3=O)ccc12,"129,351","529,731",79.07,53.68,87.54,347.03,4.19,0.3517
None,418,76,0.0,0.0,0.0,0.0,0.0,0.0
None,335,857,0.0,0.0,0.0,0.0,0.0,0.0
None,177,363,0.0,0.0,0.0,0.0,0.0,0.0
None,302,334,0.0,0.0,0.0,0.0,0.0,0.0
None,366,136,0.0,0.0,0.0,0.0,0.0,0.0
None,"214,429","899,699",0.0,0.0,0.0,0.0,0.0,0.0
None,540,675,0.0,0.0,0.0,0.0,0.0,0.0
None,"124,1,65","213,565,695",0.0,0.0,0.0,0.0,0.0,0.0
None,89,419,0.0,0.0,0.0,0.0,0.0,0.0
None,420,452,0.0,0.0,0.0,0.0,0.0,0.0
None,446,361,0.0,0.0,0.0,0.0,0.0,0.0
None,"102,400","157,517",0.0,0.0,0.0,0.0,0.0,0.0
None,460,90,0.0,0.0,0.0,0.0,0.0,0.0
None,203,392,0.0,0.0,0.0,0.0,0.0,0.0
None,143,575,0.0,0.0,0.0,0.0,0.0,0.0
None,178,4,0.0,0.0,0.0,0.0,0.0,0.0
None,272,748,0.0,0.0,0.0,0.0,0.0,0.0
None,554,432,0.0,0.0,0.0,0.0,0.0,0.0
None,331,463,0.0,0.0,0.0,0.0,0.0,0.0
Cc1cc(N2C(=O)c3ccc(OC4=CC=C5C(=O)N(C)C(=O)C5C4C)cc3C2=O)cc2ccccc12,2,257,76.18,56.03,110.99,287.19,3.76,0.3461
None,137,425,0.0,0.0,0.0,0.0,0.0,0.0
None,430,505,0.0,0.0,0.0,0.0,0.0,0.0
None,85,80,0.0,0.0,0.0,0.0,0.0,0.0
None,"324,239","13,805",0.0,0.0,0.0,0.0,0.0,0.0
None,"75,284","923,557",0.0,0.0,0.0,0.0,0.0,0.0
Cc1ccc2c(c1)NC1C=C(N3C(=O)c4ccc(OC5=CC=C6C(=O)N(C)C(=O)C6C5C)cc4C3=O)C=CC1C2=O,"2,398,270","873,908,660",78.73,51.27,94.43,371.61,4.77,0.3347
Cc1ccc2c(C)c(N3C(=O)C4C5(F)C(=O)N(C)C(=O)C5C4(F)C3=O)ccc2c1,374,185,76.81,26.25,96.07,438.18,4.31,0.4191
None,"98,102,12,268","445,467,297,975",0.0,0.0,0.0,0.0,0.0,0.0
None,196,315,0.0,0.0,0.0,0.0,0.0,0.0
None,192,78,0.0,0.0,0.0,0.0,0.0,0.0
None,386,674,0.0,0.0,0.0,0.0,0.0,0.0
None,466,620,0.0,0.0,0.0,0.0,0.0,0.0
None,487,711,0.0,0.0,0.0,0.0,0.0,0.0
None,"130,488","20,395",0.0,0.0,0.0,0.0,0.0,0.0
None,523,617,0.0,0.0,0.0,0.0,0.0,0.0
None,48,676,0.0,0.0,0.0,0.0,0.0,0.0
None,119,570,0.0,0.0,0.0,0.0,0.0,0.0
Cc1ccc2c(c1)ncc1cc(N3C(=O)C4C5C=CC(C6C(=O)N(C)C(=O)C56)C4C3=O)ccc12,"45,575,452,150,482","681,69,701,873,512",75.59,18.57,115.17,454.69,4.77,0.4154
None,498,344,0.0,0.0,0.0,0.0,0.0,0.0
None,16,381,0.0,0.0,0.0,0.0,0.0,0.0
Cc1cc(C)c2ccc(N3C(=O)c4ccc(C5(c6ccc7c(c6)C(=O)N(C)C7=O)c6ccccc6C6CCCCC65)cc4C3=O)cc2c1,152,146,77.35,43.71,120.69,379.27,4.08,0.3906
None,"331,181","726,410",0.0,0.0,0.0,0.0,0.0,0.0
None,466,138,0.0,0.0,0.0,0.0,0.0,0.0
None,369,326,0.0,0.0,0.0,0.0,0.0,0.0
Cc1ccc(-c2ccc(N3C(=O)C4C5C(=O)N(C)C(=O)C5C4(F)C3=O)cc2)cc1F,372,263,75.15,11.63,121.28,401.78,3.79,0.4613
None,65,949,0.0,0.0,0.0,0.0,0.0,0.0
None,455,53,0.0,0.0,0.0,0.0,0.0,0.0
None,368,97,0.0,0.0,0.0,0.0,0.0,0.0
None,"115,199","765,320",0.0,0.0,0.0,0.0,0.0,0.0
None,497,915,0.0,0.0,0.0,0.0,0.0,0.0
None,"230,294","725,885",0.0,0.0,0.0,0.0,0.0,0.0
Cc1cccc2c1Cc1cccc(N3C(=O)C4=CC=C(Oc5ccc6c(c5)C(=O)N(C)C6=O)CC4C3=O)c1C2,96,118,58.26,55.99,90.34,296.81,3.77,0.2611
None,512,923,0.0,0.0,0.0,0.0,0.0,0.0
None,"35,472","254,379",0.0,0.0,0.0,0.0,0.0,0.0
None,334,560,0.0,0.0,0.0,0.0,0.0,0.0
None,78,997,0.0,0.0,0.0,0.0,0.0,0.0
None,22,737,0.0,0.0,0.0,0.0,0.0,0.0
None,30,292,0.0,0.0,0.0,0.0,0.0,0.0
None,"117,317,292","974,489,147",0.0,0.0,0.0,0.0,0.0,0.0
Cc1ccc2c(c1)[nH]c1cc(N3C(=O)c4ccc(C5(c6ccc7c(c6)C(=O)N(C)C7=O)c6ccccc6-c6ccccc65)cc4C3=O)ccc12,570,525,2.48,34.95,131.48,401.22,3.06,0.0151
CN1C(=O)c2ccc(C3(c4ccc5c(c4)C(=O)N(c4ccc(CC(C)(C)C)cc4)C5=O)c4ccccc4-c4ccccc43)cc2C1=O,"297,570","924,535",61.9,54.89,110.42,289.78,2.94,0.3173
None,569,276,0.0,0.0,0.0,0.0,0.0,0.0
None,322,951,0.0,0.0,0.0,0.0,0.0,0.0
None,434,127,0.0,0.0,0.0,0.0,0.0,0.0
None,244,544,0.0,0.0,0.0,0.0,0.0,0.0
None,"122,494","111,513",0.0,0.0,0.0,0.0,0.0,0.0
Cc1cccc2c(N3C(=O)C4=CCC(c5ccc6c(c5)C(=O)N(C)C6=O)C=C4C3=O)c(F)c(F)c(F)c12,23,248,60.49,47.9,95.2,348.94,3.76,0.2977
Cc1cc2ccc3c4c(ccc(c1)c24)=CC(C)(N1C(=O)c2ccc(-c4c5c(=O)oc(=O)c5cc5c(=O)n(C)c(=O)c45)cc2C1=O)C3,173,547,7.58,17.25,154.75,396.7,4.05,0.0451
Cc1ccc2c(F)c(N3C(=O)C4=CC(C(c5ccc6c(c5)C(=O)N(C)C6=O)(C(F)(F)F)C(F)(F)F)=CCC4(C)C3=O)ccc2c1F,301,230,81.79,44.51,104.78,319.82,4.2,0.3795
None,188,220,0.0,0.0,0.0,0.0,0.0,0.0
None,40,44,0.0,0.0,0.0,0.0,0.0,0.0
Cc1ccc2c(c1)NC1C=C(N3C(=O)c4c(C)c(C)c(-c5ccc6c(c5)C(=O)N(C)C6=O)c(C)c4C3=O)C=CC1C2=O,"330,481","947,660",79.98,13.6,111.85,462.75,4.19,0.4817
None,255,269,0.0,0.0,0.0,0.0,0.0,0.0
None,"222,444","86,516",0.0,0.0,0.0,0.0,0.0,0.0
None,457,884,0.0,0.0,0.0,0.0,0.0,0.0
None,397,242,0.0,0.0,0.0,0.0,0.0,0.0
None,500,607,0.0,0.0,0.0,0.0,0.0,0.0
None,404,359,0.0,0.0,0.0,0.0,0.0,0.0
None,149,411,0.0,0.0,0.0,0.0,0.0,0.0
None,162,295,0.0,0.0,0.0,0.0,0.0,0.0
None,443,265,0.0,0.0,0.0,0.0,0.0,0.0
None,78,794,0.0,0.0,0.0,0.0,0.0,0.0
None,"136,365","37,951",0.0,0.0,0.0,0.0,0.0,0.0
None,167,715,0.0,0.0,0.0,0.0,0.0,0.0
None,44,435,0.0,0.0,0.0,0.0,0.0,0.0
None,512,201,0.0,0.0,0.0,0.0,0.0,0.0
None,"304,32,257","484,286,126",0.0,0.0,0.0,0.0,0.0,0.0
None,534,997,0.0,0.0,0.0,0.0,0.0,0.0
None,166,401,0.0,0.0,0.0,0.0,0.0,0.0
None,184,688,0.0,0.0,0.0,0.0,0.0,0.0
None,530,942,0.0,0.0,0.0,0.0,0.0,0.0
None,269,127,0.0,0.0,0.0,0.0,0.0,0.0
None,323,697,0.0,0.0,0.0,0.0,0.0,0.0
None,559,815,0.0,0.0,0.0,0.0,0.0,0.0
Cc1ccc(C2(C)C=C(N3C(=O)c4cc(-c5ccc6c(c5)C(=O)N(C)C6=O)cc(C)c4C3=O)C=CC2)cc1,536,279,69.31,25.74,143.25,335.14,3.58,0.3991
CC1=CC2(C)C3C(=O)N(C)C(=O)C3C1C1C(=O)N(c3cc(C)c(C)c4cc(C)ccc34)C(=O)C12,376,82,80.02,17.35,100.49,445.6,5.08,0.4216
None,"186,562,330","787,923,361",0.0,0.0,0.0,0.0,0.0,0.0
CC(=O)c1ccc(N2C(=O)C3(F)C4(F)C(=O)N(C)C(=O)C4(F)C3(F)C2=O)cc1,"136,362","864,936",76.08,15.53,127.5,305.3,4.36,0.4034
None,334,145,0.0,0.0,0.0,0.0,0.0,0.0
None,"574,405,448,218","754,729,593,326",0.0,0.0,0.0,0.0,0.0,0.0
None,361,905,0.0,0.0,0.0,0.0,0.0,0.0
None,"192,203","319,427",0.0,0.0,0.0,0.0,0.0,0.0
None,293,316,0.0,0.0,0.0,0.0,0.0,0.0
C=Cc1cc(-c2ccc3c(c2)C(=O)N(C)C3=O)cc2c1C(=O)N(c1ccc(C)c3c(C)c(C)c(C)c(C)c13)C2=O,479,112,16.65,17.24,135.39,429.67,3.09,0.1106
None,"344,148,40","464,675,772",0.0,0.0,0.0,0.0,0.0,0.0
Cc1ccc2c(ccc3c4ccc(N5C(=O)C6C7CC(C6C5=O)C5(CC(=O)N(C)C5=O)C7)cc4ccc23)c1,358,545,78.63,33.42,104.61,372.19,5.25,0.3611
None,"289,271","472,151",0.0,0.0,0.0,0.0,0.0,0.0
None,6,144,0.0,0.0,0.0,0.0,0.0,0.0
None,360,431,0.0,0.0,0.0,0.0,0.0,0.0
None,412,563,0.0,0.0,0.0,0.0,0.0,0.0
Cc1cc2c(cc1C)Nc1cc(-n3c(=O)c4cc5ccc6cc7c(=O)n(C)c(=O)c7cc6ccc5cc4c3=O)c(C)cc1C2,223,862,0.86,26.6,113.99,472.51,3.03,0.0056
None,"208,567","810,189",0.0,0.0,0.0,0.0,0.0,0.0
None,465,223,0.0,0.0,0.0,0.0,0.0,0.0
None,107,269,0.0,0.0,0.0,0.0,0.0,0.0
None,34,46,0.0,0.0,0.0,0.0,0.0,0.0
None,477,515,0.0,0.0,0.0,0.0,0.0,0.0
None,431,256,0.0,0.0,0.0,0.0,0.0,0.0
None,"563,181","69,634",0.0,0.0,0.0,0.0,0.0,0.0
None,381,602,0.0,0.0,0.0,0.0,0.0,0.0
None,"169,254","874,213",0.0,0.0,0.0,0.0,0.0,0.0
None,48,161,0.0,0.0,0.0,0.0,0.0,0.0
None,50,193,0.0,0.0,0.0,0.0,0.0,0.0
None,"325,121,225","617,457,742",0.0,0.0,0.0,0.0,0.0,0.0
Cc1ccc2c(c1)C(C)(C)CC2(C)c1ccc(N2C(=O)c3ccc(-c4ccc5c(c4)C(=O)N(C)C5=O)c(F)c3C2=O)cc1,344,899,71.89,18.18,142.6,362.54,3.48,0.44
None,82,354,0.0,0.0,0.0,0.0,0.0,0.0
None,458,879,0.0,0.0,0.0,0.0,0.0,0.0
C=Cc1cc(-c2ccc3c(c2)C(=O)N(C)C3=O)cc2c1C(=O)N(c1ccc(-c3cc4cccc(C)c4cc3C)cc1)C2=O,479,167,1.46,32.69,181.48,337.45,2.91,0.0091
None,322,339,0.0,0.0,0.0,0.0,0.0,0.0
None,398,639,0.0,0.0,0.0,0.0,0.0,0.0
None,187,436,0.0,0.0,0.0,0.0,0.0,0.0
None,"230,99","847,403",0.0,0.0,0.0,0.0,0.0,0.0
None,293,105,0.0,0.0,0.0,0.0,0.0,0.0
Cc1ccc(-c2cc(F)cc(-c3ccc(N4C(=O)c5ccc(-c6ccc7c(c6C)C(=O)N(C)C7=O)cc5C4=O)cn3)c2)cc1,"314,438","45,534",2.45,10.34,155.4,345.83,2.84,0.0165
None,552,909,0.0,0.0,0.0,0.0,0.0,0.0
None,314,436,0.0,0.0,0.0,0.0,0.0,0.0
Cc1ccc2c(c1)NC1C=C(N3C(=O)c4ccc(-c5cc(C)c6c(c5)C(=O)N(C)C6=O)cc4C3=O)C=CC1C2=O,536,660,71.03,14.66,124.42,423.04,4.01,0.4272
None,381,998,0.0,0.0,0.0,0.0,0.0,0.0
None,379,786,0.0,0.0,0.0,0.0,0.0,0.0
None,228,899,0.0,0.0,0.0,0.0,0.0,0.0
CC1=C(C)C(c2cccc(N3C(=O)c4ccc(C5OC5C(C5=CCC6C(=O)N(C)C(=O)C6C5)(C(F)(F)F)C(F)(F)F)cc4C3=O)c2C)=CCC1,"227,348","61,153",82.83,59.15,95.81,308.03,4.98,0.3036
None,549,363,0.0,0.0,0.0,0.0,0.0,0.0
None,420,143,0.0,0.0,0.0,0.0,0.0,0.0
Cc1ccc(-c2ccc(N3C(=O)C4C(=O)N(C)C(=O)C4C3=O)c(F)c2)cc1,355,263,78.65,10.79,129.89,410.02,3.14,0.5242
None,181,399,0.0,0.0,0.0,0.0,0.0,0.0
None,"219,387","550,679",0.0,0.0,0.0,0.0,0.0,0.0
None,294,982,0.0,0.0,0.0,0.0,0.0,0.0
Cc1ccc(C)c(-n2c(=O)c3c4ccccccc5c6c(=O)n(C)c(=O)c6c6ccccccc(c3c2=O)c6c54)c1,237,978,1.93,36.61,224.94,375.21,3.05,0.0123
C=Cc1cc(N2C(=O)c3ccc(C4CC5CC4C4C(=O)N(C)C(=O)C54)cc3C2=O)cc2c(C=C)cc(C)cc12,"64,28","22,126",70.85,62.64,121.57,331.65,5.09,0.2676
None,"326,255","249,235",0.0,0.0,0.0,0.0,0.0,0.0
None,327,315,0.0,0.0,0.0,0.0,0.0,0.0
None,35,43,0.0,0.0,0.0,0.0,0.0,0.0
None,"194,15","936,292",0.0,0.0,0.0,0.0,0.0,0.0
CC1=Cc2cccc3ccc(N4C(=O)C5(C)C(C)(C4=O)C4(F)C(=O)N(C)C(=O)C54F)c1c23,363,111,73.2,34.97,140.75,372.3,4.69,0.3605
None,476,711,0.0,0.0,0.0,0.0,0.0,0.0
None,"204,474,280","160,858,325",0.0,0.0,0.0,0.0,0.0,0.0
None,90,555,0.0,0.0,0.0,0.0,0.0,0.0
Cc1c2cccc3ccc4c(N5C(=O)c6ccc([Si](C)(C)O[Si](C)(C)c7ccc8c(c7)C(=O)N(C)C8=O)cc6C5=O)c5cccc6ccc1c(c65)c4c32,499,601,81.94,44.57,144.97,356.24,3.56,0.4419
None,242,386,0.0,0.0,0.0,0.0,0.0,0.0
None,267,808,0.0,0.0,0.0,0.0,0.0,0.0
None,"68,83,438","394,572,424",0.0,0.0,0.0,0.0,0.0,0.0
None,"13,498","551,961",0.0,0.0,0.0,0.0,0.0,0.0
None,308,609,0.0,0.0,0.0,0.0,0.0,0.0
None,196,226,0.0,0.0,0.0,0.0,0.0,0.0
None,225,646,0.0,0.0,0.0,0.0,0.0,0.0
None,174,302,0.0,0.0,0.0,0.0,0.0,0.0
None,76,418,0.0,0.0,0.0,0.0,0.0,0.0
None,"25,297","430,934",0.0,0.0,0.0,0.0,0.0,0.0
None,559,440,0.0,0.0,0.0,0.0,0.0,0.0
None,168,697,0.0,0.0,0.0,0.0,0.0,0.0
None,393,947,0.0,0.0,0.0,0.0,0.0,0.0
None,447,106,0.0,0.0,0.0,0.0,0.0,0.0
None,533,188,0.0,0.0,0.0,0.0,0.0,0.0
CC1CCC(c2ccc(N3C(=O)C4CC5C(=O)N(C)C(=O)C5C4C3=O)cc2)CC1C,"107,286,566","640,555,469",78.9,45.16,89.75,337.53,4.01,0.375
None,3,943,0.0,0.0,0.0,0.0,0.0,0.0
None,490,845,0.0,0.0,0.0,0.0,0.0,0.0
None,268,625,0.0,0.0,0.0,0.0,0.0,0.0
None,9,433,0.0,0.0,0.0,0.0,0.0,0.0
None,299,41,0.0,0.0,0.0,0.0,0.0,0.0
None,75,143,0.0,0.0,0.0,0.0,0.0,0.0
None,418,608,0.0,0.0,0.0,0.0,0.0,0.0
None,537,843,0.0,0.0,0.0,0.0,0.0,0.0
None,278,78,0.0,0.0,0.0,0.0,0.0,0.0
None,"125,89","98,538",0.0,0.0,0.0,0.0,0.0,0.0
None,431,235,0.0,0.0,0.0,0.0,0.0,0.0
None,"227,236,423","815,60,738",0.0,0.0,0.0,0.0,0.0,0.0
None,485,590,0.0,0.0,0.0,0.0,0.0,0.0
None,166,542,0.0,0.0,0.0,0.0,0.0,0.0
None,"82,385","955,133",0.0,0.0,0.0,0.0,0.0,0.0
None,527,294,0.0,0.0,0.0,0.0,0.0,0.0
None,451,213,0.0,0.0,0.0,0.0,0.0,0.0
None,201,139,0.0,0.0,0.0,0.0,0.0,0.0
None,"20,60,292","259,907,100",0.0,0.0,0.0,0.0,0.0,0.0
Cc1ccc(-c2ccc(C)c(N3C(=O)c4cc(-c5ccc6c(c5)C(=O)N(C)C6=O)c5c6c(cc(CC7=CC8C(=O)OC(=O)C8C=C7)c(c46)C3=O)C(=O)OC5=O)c2)cc1,"437,520","374,225",52.71,28.41,90.67,324.6,4.57,0.2504
None,290,350,0.0,0.0,0.0,0.0,0.0,0.0
None,531,680,0.0,0.0,0.0,0.0,0.0,0.0
None,228,778,0.0,0.0,0.0,0.0,0.0,0.0
None,558,847,0.0,0.0,0.0,0.0,0.0,0.0
None,"236,2","655,128",0.0,0.0,0.0,0.0,0.0,0.0
None,179,647,0.0,0.0,0.0,0.0,0.0,0.0
None,"467,326","72,205",0.0,0.0,0.0,0.0,0.0,0.0
Cc1cc(N2C(=O)c3cc4ccc(-c5ccc6c(c5)C(=O)N(C)C6=O)cc4cc3C2=O)cc2ccccc12,205,257,0.89,24.03,197.36,353.52,2.56,0.0061
None,"40,15","554,565",0.0,0.0,0.0,0.0,0.0,0.0
None,"504,412","117,341",0.0,0.0,0.0,0.0,0.0,0.0
None,340,575,0.0,0.0,0.0,0.0,0.0,0.0
None,"311,513","519,747",0.0,0.0,0.0,0.0,0.0,0.0
C=Cc1cc(-c2ccc3c(c2)C(=O)N(c2cc4ccc5cc(C)cc6ccc(c2)c4c56)C3=O)cc2c1C(=O)N(C)C2=O,"479,226,353,67","858,51,470,611",0.37,18.86,190.3,354.05,3.05,0.0024
None,537,711,0.0,0.0,0.0,0.0,0.0,0.0
None,"279,443","621,64",0.0,0.0,0.0,0.0,0.0,0.0
Cc1cccc2c(-c3ccc(N4C(=O)C5=CC(c6ccc7c(c6)C(=O)N(C)C7=O)=CCC5C4=O)cc3)cccc12,538,98,13.3,37.59,103.21,353.98,3.36,0.0732
None,135,109,0.0,0.0,0.0,0.0,0.0,0.0
None,412,326,0.0,0.0,0.0,0.0,0.0,0.0
None,231,716,0.0,0.0,0.0,0.0,0.0,0.0
None,338,840,0.0,0.0,0.0,0.0,0.0,0.0
None,560,153,0.0,0.0,0.0,0.0,0.0,0.0
None,305,91,0.0,0.0,0.0,0.0,0.0,0.0
None,448,582,0.0,0.0,0.0,0.0,0.0,0.0
Cc1ccc(-c2ccc(N3C(=O)C4CCC(C)(c5ccc6c(c5)C(=O)N(C)C6=O)CC4C3=O)cc2)cc1,303,266,77.77,32.21,128.88,369.61,3.58,0.4409
None,"115,328","690,704",0.0,0.0,0.0,0.0,0.0,0.0
None,"109,117","168,642",0.0,0.0,0.0,0.0,0.0,0.0
None,"165,456","874,986",0.0,0.0,0.0,0.0,0.0,0.0
None,185,201,0.0,0.0,0.0,0.0,0.0,0.0
None,456,615,0.0,0.0,0.0,0.0,0.0,0.0
None,331,316,0.0,0.0,0.0,0.0,0.0,0.0
None,174,403,0.0,0.0,0.0,0.0,0.0,0.0
None,"125,324,222","421,831,795",0.0,0.0,0.0,0.0,0.0,0.0
None,441,109,0.0,0.0,0.0,0.0,0.0,0.0
None,131,879,0.0,0.0,0.0,0.0,0.0,0.0
None,439,85,0.0,0.0,0.0,0.0,0.0,0.0
None,356,277,0.0,0.0,0.0,0.0,0.0,0.0
None,132,311,0.0,0.0,0.0,0.0,0.0,0.0
None,114,370,0.0,0.0,0.0,0.0,0.0,0.0
Cc1ccccc1N=Nc1ccccc1N1C(=O)c2cc3c(cc2C1=O)CC1C(=O)N(C)C(=O)C1C3,"105,245","672,6",73.94,49.08,138.4,328.11,3.65,0.3755
None,323,427,0.0,0.0,0.0,0.0,0.0,0.0
None,510,438,0.0,0.0,0.0,0.0,0.0,0.0
None,509,788,0.0,0.0,0.0,0.0,0.0,0.0
None,224,572,0.0,0.0,0.0,0.0,0.0,0.0
None,560,244,0.0,0.0,0.0,0.0,0.0,0.0
None,448,956,0.0,0.0,0.0,0.0,0.0,0.0
None,291,926,0.0,0.0,0.0,0.0,0.0,0.0
None,456,756,0.0,0.0,0.0,0.0,0.0,0.0
CC1=CC2(C)C3C(=O)N(C)C(=O)C3C1C1C(=O)N(c3ccc4c(c3)oc(=O)c3cc(C)ccc34)C(=O)C12,"526,376","726,502",76.52,12.43,106.93,435.39,5.06,0.4117
CCCc1ccc(-n2c(=O)c3cc4ccc5c6cc7c(=O)n(C)c(=O)c7cc6ccc5c4cc3c2=O)cc1,262,33,0.15,20.97,245.29,441.0,2.69,0.0011
None,445,703,0.0,0.0,0.0,0.0,0.0,0.0
None,324,639,0.0,0.0,0.0,0.0,0.0,0.0
Cc1ccc2c(c1)nnc1cc(N3C(=O)C4(F)C5C(=O)N(C)C(=O)C5C4(F)C3=O)ccc12,"373,52","127,517",75.02,11.5,134.14,443.57,4.27,0.4536
None,29,402,0.0,0.0,0.0,0.0,0.0,0.0
None,460,335,0.0,0.0,0.0,0.0,0.0,0.0
None,531,950,0.0,0.0,0.0,0.0,0.0,0.0
None,198,96,0.0,0.0,0.0,0.0,0.0,0.0
None,93,279,0.0,0.0,0.0,0.0,0.0,0.0
None,189,293,0.0,0.0,0.0,0.0,0.0,0.0
None,559,944,0.0,0.0,0.0,0.0,0.0,0.0
None,491,740,0.0,0.0,0.0,0.0,0.0,0.0
Cc1ccc(-c2ccc3ccc4ccc(N5C(=O)C6C7C(=O)N(C)C(=O)C7(C)C6(C)C5=O)c5ccc2c3c45)cc1,"80,370","445,299",81.89,9.95,135.04,386.39,4.07,0.4909
None,104,930,0.0,0.0,0.0,0.0,0.0,0.0
Cc1nc(C)c(S(=O)(=O)c2ccc(N3C(=O)C4=CCC=C(c5ccc6c(c5)C(=O)N(C)C6=O)C=C4C3=O)cc2)s1,514,817,70.83,45.74,89.96,331.86,3.34,0.3657
None,146,194,0.0,0.0,0.0,0.0,0.0,0.0
None,181,472,0.0,0.0,0.0,0.0,0.0,0.0
None,"176,298","740,129",0.0,0.0,0.0,0.0,0.0,0.0
None,568,881,0.0,0.0,0.0,0.0,0.0,0.0
None,"277,75,334","244,789,893",0.0,0.0,0.0,0.0,0.0,0.0
None,31,234,0.0,0.0,0.0,0.0,0.0,0.0
None,369,504,0.0,0.0,0.0,0.0,0.0,0.0
Cc1ccc(-c2ccc3ccc4c(C5C=CC(N6C(=O)CC7(CC8CC7C7C(=O)N(C)C(=O)C87)C6=O)CC5)ccc5ccc2c3c54)cc1,"358,292","586,280",81.83,44.01,84.5,439.71,5.93,0.3688
None,446,38,0.0,0.0,0.0,0.0,0.0,0.0
None,280,573,0.0,0.0,0.0,0.0,0.0,0.0
None,180,175,0.0,0.0,0.0,0.0,0.0,0.0
None,560,726,0.0,0.0,0.0,0.0,0.0,0.0
None,468,358,0.0,0.0,0.0,0.0,0.0,0.0
None,41,292,0.0,0.0,0.0,0.0,0.0,0.0
None,"21,300","178,500",0.0,0.0,0.0,0.0,0.0,0.0
None,377,66,0.0,0.0,0.0,0.0,0.0,0.0
None,"471,328","449,558",0.0,0.0,0.0,0.0,0.0,0.0
None,13,119,0.0,0.0,0.0,0.0,0.0,0.0
None,"16,239","765,605",0.0,0.0,0.0,0.0,0.0,0.0
None,33,107,0.0,0.0,0.0,0.0,0.0,0.0
None,"169,313,170","636,845,749",0.0,0.0,0.0,0.0,0.0,0.0
None,"321,136","720,638",0.0,0.0,0.0,0.0,0.0,0.0
None,"449,206","62,202",0.0,0.0,0.0,0.0,0.0,0.0
None,33,909,0.0,0.0,0.0,0.0,0.0,0.0
None,430,11,0.0,0.0,0.0,0.0,0.0,0.0
None,569,366,0.0,0.0,0.0,0.0,0.0,0.0
None,464,990,0.0,0.0,0.0,0.0,0.0,0.0
None,533,133,0.0,0.0,0.0,0.0,0.0,0.0
None,"417,119","569,599",0.0,0.0,0.0,0.0,0.0,0.0
None,419,297,0.0,0.0,0.0,0.0,0.0,0.0
Cc1ccc(C#Cc2ccc(N3C(=O)c4ccc(-c5cc(C)c(-c6c#ccc7c6C(=O)N(C)C7=O)c(C)c5C)cc4C3=O)cc2)cc1F,"82,159,468","466,8,955",20.76,32.82,123.58,341.73,3.62,0.114
None,54,315,0.0,0.0,0.0,0.0,0.0,0.0
None,106,693,0.0,0.0,0.0,0.0,0.0,0.0
None,27,835,0.0,0.0,0.0,0.0,0.0,0.0
None,"55,350","420,613",0.0,0.0,0.0,0.0,0.0,0.0
None,178,624,0.0,0.0,0.0,0.0,0.0,0.0
Cc1ccc(C(=Nc2ccccc2)c2ccc(N3C(=O)C4CC(C5CC(=O)N(C)C5=O)c5ccc(C)cc5C4C3=O)cc2)cc1,"547,292","621,869",82.36,40.88,108.55,283.3,3.99,0.3905
None,175,551,0.0,0.0,0.0,0.0,0.0,0.0
None,"350,127,127","473,981,50",0.0,0.0,0.0,0.0,0.0,0.0
None,"98,532","573,912",0.0,0.0,0.0,0.0,0.0,0.0
Cc1ccc(-c2ccc(N3C(=O)c4ccc(C5C=CC=C6C(=O)N(C)C(=O)C65)cc4C3=O)c(F)c2C)cc1,522,960,78.0,41.5,118.91,359.2,3.76,0.4079
None,183,329,0.0,0.0,0.0,0.0,0.0,0.0
None,"91,273","208,493",0.0,0.0,0.0,0.0,0.0,0.0
None,36,889,0.0,0.0,0.0,0.0,0.0,0.0
None,"40,494","883,674",0.0,0.0,0.0,0.0,0.0,0.0
None,439,654,0.0,0.0,0.0,0.0,0.0,0.0
Cc1cccc2c1CCCC2N1C(=O)CC(C2CC3C(=O)N(C)C(=O)C3c3ccccc32)C1=O,"284,564","249,365",80.47,54.67,86.46,298.73,4.08,0.3459
None,29,631,0.0,0.0,0.0,0.0,0.0,0.0
None,393,805,0.0,0.0,0.0,0.0,0.0,0.0
Cc1cc2c3ccccc3c(N3C(=O)c4ccc(C#Cc5ccc6c(c5)C(=O)N(C)C6=O)cc4C3=O)cc2c2ccccc12,"339,493","631,30",0.84,43.36,176.64,319.17,2.83,0.005
None,67,259,0.0,0.0,0.0,0.0,0.0,0.0
None,106,78,0.0,0.0,0.0,0.0,0.0,0.0
None,"380,448","764,358",0.0,0.0,0.0,0.0,0.0,0.0
None,231,698,0.0,0.0,0.0,0.0,0.0,0.0
None,"120,343","150,1000",0.0,0.0,0.0,0.0,0.0,0.0
None,364,890,0.0,0.0,0.0,0.0,0.0,0.0
None,296,401,0.0,0.0,0.0,0.0,0.0,0.0
None,152,134,0.0,0.0,0.0,0.0,0.0,0.0
None,561,710,0.0,0.0,0.0,0.0,0.0,0.0
None,343,871,0.0,0.0,0.0,0.0,0.0,0.0
Cc1cc2ccc(N3C(=O)C4C5(C)C(=O)N(C)C(=O)C5C4(F)C3=O)cc2cc1C,365,147,73.92,26.61,96.12,427.78,4.19,0.4056
CC1=CC2(C)C3C(=O)N(C)C(=O)C3C1C1C(=O)N(c3ccc(F)cc3-c3ccc(C)cc3)C(=O)C12,376,472,78.35,16.05,103.24,384.13,4.89,0.4028
None,338,324,0.0,0.0,0.0,0.0,0.0,0.0
None,171,79,0.0,0.0,0.0,0.0,0.0,0.0
None,509,844,0.0,0.0,0.0,0.0,0.0,0.0
Cc1ccc2c(C)c(N3C(=O)C4C(C3=O)C3C5CC(C6C7C(=O)N(C)C(=O)C7C56)C43)ccc2c1,"347,114,193,411","185,620,80,5",79.0,26.15,103.08,454.55,5.35,0.4026
None,482,181,0.0,0.0,0.0,0.0,0.0,0.0
Cc1c(F)c(F)c(F)c(-c2ccc(N3C(=O)C4C5(C)C(=O)N(C)C(=O)C5C4(C)C3=O)cc2)c1F,555,752,75.1,20.61,93.12,400.59,4.27,0.4101
None,"194,276,385","101,105,77",0.0,0.0,0.0,0.0,0.0,0.0
None,"236,323","780,563",0.0,0.0,0.0,0.0,0.0,0.0
None,564,311,0.0,0.0,0.0,0.0,0.0,0.0
None,412,814,0.0,0.0,0.0,0.0,0.0,0.0
None,512,466,0.0,0.0,0.0,0.0,0.0,0.0
None,338,782,0.0,0.0,0.0,0.0,0.0,0.0
None,"504,490","985,77",0.0,0.0,0.0,0.0,0.0,0.0
None,"122,322","416,863",0.0,0.0,0.0,0.0,0.0,0.0
None,397,586,0.0,0.0,0.0,0.0,0.0,0.0
None,184,475,0.0,0.0,0.0,0.0,0.0,0.0
None,"505,489","408,658",0.0,0.0,0.0,0.0,0.0,0.0
Cc1ccc2c(F)c(N3C(=O)c4ccc(C5=CCC6C(=O)N(C)C(=O)C6=C5)cc4C3=O)ccc2c1F,538,230,19.3,19.03,97.02,358.15,3.66,0.1111
None,447,860,0.0,0.0,0.0,0.0,0.0,0.0
None,367,674,0.0,0.0,0.0,0.0,0.0,0.0
Cc1ccc2c(c1)C1C(=O)N(C)C(=O)C1CC2C1CC(=O)N(c2ccc3c(c2)-c2ccc(C)c4cccc-3c24)C1=O,"474,14,547","645,984,139",81.21,44.46,108.8,385.24,4.01,0.4099
None,425,818,0.0,0.0,0.0,0.0,0.0,0.0
None,"321,383","721,520",0.0,0.0,0.0,0.0,0.0,0.0
None,288,674,0.0,0.0,0.0,0.0,0.0,0.0
Cc1ccc2c(c1)OCCOCCOc1cc(N3C(=O)C4=CC=CC(c5c(-c6ccc7c(c6)C(=O)N(C)C7=O)c6c(=O)oc(=O)c6c6c(=O)oc(=O)c56)C4C3=O)ccc1OCCOCCO2,"270,522","394,238",65.07,63.54,91.38,323.6,5.25,0.2333
None,402,615,0.0,0.0,0.0,0.0,0.0,0.0
None,"120,127","922,1",0.0,0.0,0.0,0.0,0.0,0.0
None,407,487,0.0,0.0,0.0,0.0,0.0,0.0
None,209,797,0.0,0.0,0.0,0.0,0.0,0.0
None,"342,540","156,958",0.0,0.0,0.0,0.0,0.0,0.0
None,481,508,0.0,0.0,0.0,0.0,0.0,0.0
None,348,651,0.0,0.0,0.0,0.0,0.0,0.0
None,90,418,0.0,0.0,0.0,0.0,0.0,0.0
Cc1ccc2c(c1)C(c1ccc3c(c1)C(=O)N(C)C3=O)(c1ccc3c(c1)C(=O)N(c1ccc4c(c1)S(=O)(=O)c1cc(C)ccc1O4)C3=O)c1cc(C)ccc1-2,190,655,71.17,40.05,90.32,366.68,3.44,0.3829
None,63,134,0.0,0.0,0.0,0.0,0.0,0.0
None,401,12,0.0,0.0,0.0,0.0,0.0,0.0
None,448,327,0.0,0.0,0.0,0.0,0.0,0.0
None,209,596,0.0,0.0,0.0,0.0,0.0,0.0
None,524,11,0.0,0.0,0.0,0.0,0.0,0.0
None,196,600,0.0,0.0,0.0,0.0,0.0,0.0
Cc1cc2c3ccccc3c(N3C(=O)C4CCCC(C5CCC6C(=O)N(C)C(=O)C6C5)C4C3=O)cc2c2ccccc12,352,631,81.47,49.72,95.84,337.56,4.2,0.3699
None,"20,56","173,278",0.0,0.0,0.0,0.0,0.0,0.0
None,312,344,0.0,0.0,0.0,0.0,0.0,0.0
None,264,306,0.0,0.0,0.0,0.0,0.0,0.0
None,"311,449,221","6,183,688",0.0,0.0,0.0,0.0,0.0,0.0
CC1=C(C2CC(=O)N(C)C2=O)CCC2C(=O)N(c3ccc(-c4ccc(C)cc4)cc3O)C(=O)C12,484,843,65.42,32.38,90.98,350.43,3.83,0.3434
None,"440,234","825,425",0.0,0.0,0.0,0.0,0.0,0.0
None,"194,199","385,551",0.0,0.0,0.0,0.0,0.0,0.0
None,320,28,0.0,0.0,0.0,0.0,0.0,0.0
Cc1cc2ccccc2cc1N1C(=O)c2ccc(OC3=CC=CC4C(=O)N(C)C(=O)C34)cc2C1=O,7,259,77.88,44.26,110.31,312.44,3.64,0.3906
None,511,997,0.0,0.0,0.0,0.0,0.0,0.0
None,307,798,0.0,0.0,0.0,0.0,0.0,0.0
Cc1ccc(N2C(=O)C3=CC=C(c4ccc5c(c4)C(=O)N(C)C5=O)C(C)C3C2=O)c2ccccc12,"337,130,318","261,600,566",74.44,45.88,135.76,357.02,3.65,0.3917
None,539,113,0.0,0.0,0.0,0.0,0.0,0.0
None,138,741,0.0,0.0,0.0,0.0,0.0,0.0
Cc1ccc(S(=O)(=O)c2ccc(N3C(=O)C4C5C(=O)N(C)C(=O)C5(C)C4(C)C3=O)cn2)nc1,370,828,74.41,46.4,94.82,388.53,4.36,0.3509
None,"62,232","961,180",0.0,0.0,0.0,0.0,0.0,0.0
CC1CCCc2c1cccc2N1C(=O)C2C3(F)C(=O)N(C)C(=O)C3C2(F)C1=O,"347,374,2,44","779,460,67,249",78.56,54.48,96.5,352.98,4.62,0.3304
Cc1ccc2cc3ccc(N4C(=O)c5cc6c(cc5C4=O)=CC4C(=O)N(C)C(=O)C4C=6)c(C)c3nc2c1C,"331,551","876,41",76.69,8.99,120.77,460.32,4.0,0.4828
CC1=C(C)CC(C)(c2ccc(N3C(=O)C4Cc5cc6c(cc5CC4C3=O)C(=O)N(C)C6=O)cc2)C=C1,245,719,78.9,51.05,121.03,335.14,4.08,0.3702
None,298,923,0.0,0.0,0.0,0.0,0.0,0.0
None,261,484,0.0,0.0,0.0,0.0,0.0,0.0
None,388,601,0.0,0.0,0.0,0.0,0.0,0.0
None,323,533,0.0,0.0,0.0,0.0,0.0,0.0
None,517,277,0.0,0.0,0.0,0.0,0.0,0.0
None,534,702,0.0,0.0,0.0,0.0,0.0,0.0
None,469,695,0.0,0.0,0.0,0.0,0.0,0.0
None,162,317,0.0,0.0,0.0,0.0,0.0,0.0
None,569,807,0.0,0.0,0.0,0.0,0.0,0.0
None,"320,312","955,733",0.0,0.0,0.0,0.0,0.0,0.0
None,"129,500","254,770",0.0,0.0,0.0,0.0,0.0,0.0
Cc1ccc(-c2ccc(N3C(=O)C4C5CC(C4C3=O)C3(CC(=O)N(C)C3=O)C5)cc2C#N)cc1,358,551,74.73,43.97,100.19,325.43,5.23,0.308
Cc1c(F)ccc2c(N3C(=O)c4ccc([Si](c5ccccc5)(c5ccccc5)c5ccc6c(c5)C(=O)N(C)C6=O)cc4C3=O)c(F)ccc12,382,242,28.5,38.93,115.23,301.18,3.21,0.1542
None,478,929,0.0,0.0,0.0,0.0,0.0,0.0
None,213,478,0.0,0.0,0.0,0.0,0.0,0.0
Cc1ccc2c(c1)c(N1C(=O)C3C4CC5C(=O)N(C)C(=O)C5CC4C3C1=O)cc1ccccc12,"426,89","715,213",77.03,44.29,114.93,414.68,4.05,0.3983
None,"256,463","963,156",0.0,0.0,0.0,0.0,0.0,0.0
None,"9,409","873,351",0.0,0.0,0.0,0.0,0.0,0.0
None,"339,166","705,508",0.0,0.0,0.0,0.0,0.0,0.0
None,431,274,0.0,0.0,0.0,0.0,0.0,0.0
None,"153,127,331","181,805,615",0.0,0.0,0.0,0.0,0.0,0.0
Cc1ccc(S(=O)(=O)c2ccc(N3C(=O)c4ccc(C5(c6ccc7c(c6)C(=O)N(C)C7=O)CCc6ccccc65)cc4C3=O)cc2)c(C#N)c1,202,813,71.58,48.18,95.05,349.97,3.66,0.3568
None,65,516,0.0,0.0,0.0,0.0,0.0,0.0
None,573,558,0.0,0.0,0.0,0.0,0.0,0.0
None,537,356,0.0,0.0,0.0,0.0,0.0,0.0
Cc1ccc2c(N3C(=O)C4=CC=C(c5ccc6c(c5)C(=O)N(C)C6=O)C(C)C4C3=O)c(C)ccc2c1,318,158,75.89,30.45,128.49,374.74,3.79,0.4244
None,238,137,0.0,0.0,0.0,0.0,0.0,0.0
None,"341,177","752,21",0.0,0.0,0.0,0.0,0.0,0.0
None,428,96,0.0,0.0,0.0,0.0,0.0,0.0
None,"424,527","974,625",0.0,0.0,0.0,0.0,0.0,0.0
None,"284,186","499,828",0.0,0.0,0.0,0.0,0.0,0.0
CC1CCCC(c2ccc(N3C(=O)c4ccc(-c5ccc6c(c5)C(=O)N(C)C6=O)cc4C3=O)cc2)C1,1,650,40.01,45.14,94.33,351.61,3.18,0.2154
None,152,588,0.0,0.0,0.0,0.0,0.0,0.0
Cc1ccc2c(N3C(=O)CC(C4CC5C(=O)N(C)C(=O)C5c5ccccc54)C3=O)c(C)ccc2c1C,"282,564,115","455,774,973",80.28,45.95,104.94,388.45,3.93,0.4061
None,"347,263","959,673",0.0,0.0,0.0,0.0,0.0,0.0
None,"121,89","16,12",0.0,0.0,0.0,0.0,0.0,0.0
None,473,108,0.0,0.0,0.0,0.0,0.0,0.0
CC1C=CC=C(Oc2ccc(N3C(=O)C4C(C3=O)C3C5CC(C6C7C(=O)N(C)C(=O)C7C56)C43)cc2)C1,"483,411","338,762",81.31,39.8,85.02,385.57,5.72,0.3576
None,286,588,0.0,0.0,0.0,0.0,0.0,0.0
None,344,104,0.0,0.0,0.0,0.0,0.0,0.0
Cc1ccc2c(c1)OCCOc1cc(N3C(=O)C4CCC(C)(c5ccc6c(c5)C(=O)N(C)C6=O)CC4C3=O)ccc1OCCOCCO2,303,389,83.71,61.03,91.09,248.2,4.52,0.3068
None,263,8,0.0,0.0,0.0,0.0,0.0,0.0
None,402,50,0.0,0.0,0.0,0.0,0.0,0.0
None,"75,183","695,778",0.0,0.0,0.0,0.0,0.0,0.0
None,367,593,0.0,0.0,0.0,0.0,0.0,0.0
None,255,314,0.0,0.0,0.0,0.0,0.0,0.0
None,"23,295","920,351",0.0,0.0,0.0,0.0,0.0,0.0
Cc1cc2c(N3C(=O)CC(C)(c4ccc5c(c4)C(=O)N(C)C5=O)C3=O)cccc2c(C)c1C,528,121,77.99,39.43,140.92,408.11,3.26,0.461
CC1=C(N2C(=O)C3=CC=C(c4ccc5c(c4)C(=O)N(C)C5=O)CC3C2=O)CCC=C1c1cccc(C)c1C,508,153,66.72,38.55,94.01,363.99,3.84,0.344
None,"371,83,260","863,880,556",0.0,0.0,0.0,0.0,0.0,0.0
None,76,946,0.0,0.0,0.0,0.0,0.0,0.0
None,312,777,0.0,0.0,0.0,0.0,0.0,0.0
None,65,287,0.0,0.0,0.0,0.0,0.0,0.0
None,255,87,0.0,0.0,0.0,0.0,0.0,0.0
None,246,735,0.0,0.0,0.0,0.0,0.0,0.0
None,386,362,0.0,0.0,0.0,0.0,0.0,0.0
None,498,156,0.0,0.0,0.0,0.0,0.0,0.0
None,261,516,0.0,0.0,0.0,0.0,0.0,0.0
None,358,371,0.0,0.0,0.0,0.0,0.0,0.0
None,278,271,0.0,0.0,0.0,0.0,0.0,0.0
None,"343,13,179","421,842,744",0.0,0.0,0.0,0.0,0.0,0.0
None,491,218,0.0,0.0,0.0,0.0,0.0,0.0
Cc1ccc(OC2=CC=CC(C)(N3C(=O)C45CCCCC46C(=O)N(C)C(=O)C64CCCCC45C3=O)C2)cc1,"556,371","403,676",83.63,51.31,84.95,282.24,6.0,0.3091
None,199,488,0.0,0.0,0.0,0.0,0.0,0.0
None,"570,86","510,358",0.0,0.0,0.0,0.0,0.0,0.0
Cc1ccc(C2=CC=C(N3C(=O)c4ccc(C#Cc5ccc6c(c5)C(=O)N(C)C6=O)cc4C3=O)C(F)(F)C2)cc1,"12,493","931,670",9.62,53.96,114.77,286.45,3.2,0.0479
None,210,834,0.0,0.0,0.0,0.0,0.0,0.0
None,443,49,0.0,0.0,0.0,0.0,0.0,0.0
None,"92,34","842,782",0.0,0.0,0.0,0.0,0.0,0.0
None,"192,400","123,708",0.0,0.0,0.0,0.0,0.0,0.0
None,394,533,0.0,0.0,0.0,0.0,0.0,0.0
None,"24,451,99,486,15","929,410,678,770,798",0.0,0.0,0.0,0.0,0.0,0.0
CC1=C2C(=O)N(c3c(C)c4ccc5cc(C)cc6c(C)c(C)c(c3C)c4c56)C(=O)C2=CC(Oc2ccc3c(c2)C(=O)N(C)C3=O)=CC1,126,614,70.34,34.79,99.88,402.68,3.66,0.3905
None,"113,416","687,775",0.0,0.0,0.0,0.0,0.0,0.0
CC1=CC=CC(c2ccc(N3C(=O)c4ccc(C(=O)C5=CC=C6C(=O)N(C)C(=O)C6C5)cc4C3=O)cc2)C=C1,336,288,65.42,45.96,91.44,332.85,4.15,0.3028
None,182,355,0.0,0.0,0.0,0.0,0.0,0.0
None,291,318,0.0,0.0,0.0,0.0,0.0,0.0
None,"437,452","178,491",0.0,0.0,0.0,0.0,0.0,0.0
None,360,831,0.0,0.0,0.0,0.0,0.0,0.0
None,274,570,0.0,0.0,0.0,0.0,0.0,0.0
None,390,425,0.0,0.0,0.0,0.0,0.0,0.0
Cc1cc(C)c2ccc(N3C(=O)C4C(C3=O)C3(F)C(=O)N(C)C(=O)C43F)cc2c1,"373,549,249","693,842,146",76.13,18.48,126.74,409.53,4.12,0.4417
None,167,22,0.0,0.0,0.0,0.0,0.0,0.0
CC1=C2C(=O)N(c3ccc4c(-c5ccc(C)cc5)c5ccccc5nc4c3)C(=O)C2=CC(Oc2ccc3c(c2)C(=O)N(C)C3=O)=CC1,126,897,8.83,39.36,106.69,332.75,3.24,0.0483
Cc1ccc2cccc3c4c(N5C(=O)c6ccc(C7C=CC(OC8=CC9C(=O)N(C)C(=O)C9C=C8)=CC7)cc6C5=O)ccc5cccc(c1c23)c54,"116,105","953,610",73.95,37.76,86.94,403.04,4.52,0.3584
None,"14,0","781,740",0.0,0.0,0.0,0.0,0.0,0.0
None,188,8,0.0,0.0,0.0,0.0,0.0,0.0
None,288,439,0.0,0.0,0.0,0.0,0.0,0.0
None,215,756,0.0,0.0,0.0,0.0,0.0,0.0
None,273,101,0.0,0.0,0.0,0.0,0.0,0.0
None,534,976,0.0,0.0,0.0,0.0,0.0,0.0
Cc1ccc(-c2ccc(N3C(=O)c4ccc(C5(c6ccc7c(c6)C(=O)N(C)C7=O)c6cc(C)ccc6-c6ccc(C)cc65)cc4C3=O)cc2C#N)cc1,"440,190","551,392",10.58,32.79,105.98,360.44,3.15,0.0614
None,182,36,0.0,0.0,0.0,0.0,0.0,0.0
None,524,333,0.0,0.0,0.0,0.0,0.0,0.0
None,42,562,0.0,0.0,0.0,0.0,0.0,0.0
Cc1ccc2cc1CCCCc1cc-2ccc1N1C(=O)c2cc3c(cc2C1=O)CC1C(=O)N(C)C(=O)C1C3,"245,510","491,937",23.5,48.81,118.0,359.56,4.97,0.0996
None,"220,345","13,354",0.0,0.0,0.0,0.0,0.0,0.0
None,"121,545","854,406",0.0,0.0,0.0,0.0,0.0,0.0
Cc1ccc2c(c1)-c1cc(N3C(=O)c4cc5c(cc4C3=O)C3CCC5C4C(=O)N(C)C(=O)C34)ccc1C21c2ccccc2Oc2ccccc21,"216,187","749,0",80.83,39.55,97.36,400.56,5.43,0.3653
Cc1cc2ccc3cc(N4C(=O)c5ccc(S(=O)c6ccc7c(c6)C(=O)N(C)C7=O)cc5C4=O)cc4ccc(c1)c2c34,403,611,8.21,44.35,100.07,352.96,3.46,0.0431
None,472,978,0.0,0.0,0.0,0.0,0.0,0.0
None,421,611,0.0,0.0,0.0,0.0,0.0,0.0
None,"204,276,141","10,151,149",0.0,0.0,0.0,0.0,0.0,0.0
None,"94,259","801,78",0.0,0.0,0.0,0.0,0.0,0.0
None,"107,255","238,149",0.0,0.0,0.0,0.0,0.0,0.0
None,144,254,0.0,0.0,0.0,0.0,0.0,0.0
None,338,629,0.0,0.0,0.0,0.0,0.0,0.0
None,163,155,0.0,0.0,0.0,0.0,0.0,0.0
None,293,967,0.0,0.0,0.0,0.0,0.0,0.0
None,25,77,0.0,0.0,0.0,0.0,0.0,0.0
None,"75,86,437","411,573,970",0.0,0.0,0.0,0.0,0.0,0.0
CC1CC(C)(C)CC(C)(c2ccc(N3C(=O)C4=CC=CC(C(c5ccc6c(c5)C(=O)N(C)C6=O)C(F)(F)F)C4C3=O)cc2)C1,"297,522","988,450",78.92,55.8,87.17,270.19,4.78,0.2914
None,252,626,0.0,0.0,0.0,0.0,0.0,0.0
None,308,353,0.0,0.0,0.0,0.0,0.0,0.0
None,522,432,0.0,0.0,0.0,0.0,0.0,0.0
None,555,309,0.0,0.0,0.0,0.0,0.0,0.0
None,511,444,0.0,0.0,0.0,0.0,0.0,0.0
None,76,107,0.0,0.0,0.0,0.0,0.0,0.0
None,454,782,0.0,0.0,0.0,0.0,0.0,0.0
None,287,51,0.0,0.0,0.0,0.0,0.0,0.0
None,"20,533","674,424",0.0,0.0,0.0,0.0,0.0,0.0
None,378,597,0.0,0.0,0.0,0.0,0.0,0.0
None,"153,512","117,559",0.0,0.0,0.0,0.0,0.0,0.0
None,170,368,0.0,0.0,0.0,0.0,0.0,0.0
None,379,74,0.0,0.0,0.0,0.0,0.0,0.0
None,488,635,0.0,0.0,0.0,0.0,0.0,0.0
None,287,278,0.0,0.0,0.0,0.0,0.0,0.0
None,"473,554,21,403","792,515,418,718",0.0,0.0,0.0,0.0,0.0,0.0
None,448,740,0.0,0.0,0.0,0.0,0.0,0.0
None,"164,284,475","232,299,663",0.0,0.0,0.0,0.0,0.0,0.0
None,337,11,0.0,0.0,0.0,0.0,0.0,0.0
None,153,861,0.0,0.0,0.0,0.0,0.0,0.0
None,36,28,0.0,0.0,0.0,0.0,0.0,0.0
None,192,75,0.0,0.0,0.0,0.0,0.0,0.0
Cc1ccc(-c2cc(C)ccc2N2C(=O)C3C(C2=O)C2C4CC(C5C6C(=O)N(C)C(=O)C6C45)C32)cc1,411,724,78.3,25.7,103.39,426.08,5.24,0.3911
None,494,885,0.0,0.0,0.0,0.0,0.0,0.0
None,"320,558","534,662",0.0,0.0,0.0,0.0,0.0,0.0
None,513,516,0.0,0.0,0.0,0.0,0.0,0.0
Cc1cc(C)c2c(N3C(=O)C4C(C3=O)C3C5C=CC(C6C(=O)N(C)C(=O)C56)C43)cccc2c1,458,181,79.71,31.14,103.6,452.04,5.16,0.3957
None,"63,456","794,573",0.0,0.0,0.0,0.0,0.0,0.0
None,"449,239","351,857",0.0,0.0,0.0,0.0,0.0,0.0
Cc1ccc2c(c1)C(c1ccc3c(c1)C(=O)N(C)C3=O)(c1ccc3c(c1)C(=O)N(c1ccc(OC4=CC=CC(C)C=C4)cc1)C3=O)c1cc(C)ccc1-2,190,289,69.84,44.47,87.56,353.36,3.9,0.342
None,96,74,0.0,0.0,0.0,0.0,0.0,0.0
None,418,588,0.0,0.0,0.0,0.0,0.0,0.0
None,350,901,0.0,0.0,0.0,0.0,0.0,0.0
Cc1cc(C)c2c(N3C(=O)CC4(CC5CC4C4C(=O)N(C)C(=O)C54)C3=O)c(C)ccc2c1,358,125,78.92,48.61,100.89,393.13,5.44,0.3377
None,174,942,0.0,0.0,0.0,0.0,0.0,0.0
None,353,703,0.0,0.0,0.0,0.0,0.0,0.0
None,498,28,0.0,0.0,0.0,0.0,0.0,0.0
Cc1cc(F)c2cc(-n3c(=O)c4cc5ccc6c7cc8c(=O)n(C)c(=O)c8cc7ccc6c5cc4c3=O)ccc2c1F,262,231,0.18,2.12,169.82,411.69,3.06,0.0013
None,149,326,0.0,0.0,0.0,0.0,0.0,0.0
None,536,638,0.0,0.0,0.0,0.0,0.0,0.0
None,460,927,0.0,0.0,0.0,0.0,0.0,0.0
None,495,584,0.0,0.0,0.0,0.0,0.0,0.0
None,530,119,0.0,0.0,0.0,0.0,0.0,0.0
None,249,880,0.0,0.0,0.0,0.0,0.0,0.0
None,"337,213","94,816",0.0,0.0,0.0,0.0,0.0,0.0
None,366,269,0.0,0.0,0.0,0.0,0.0,0.0
CC1C=CC=C(Oc2cc(F)cc(-c3cc4ccc5cc(-c6ccc(N7C(=O)C8C9CCC(C%10C(=O)N(C)C(=O)C9%10)C8C7=O)cc6)cc6ccc(c3)c4c56)c2)C1,"496,310,85","587,45,338",84.75,28.93,83.88,348.99,5.59,0.3829
Cc1ccc(-c2c(C)c(F)c(F)c(N3C(=O)c4ccc(C(C5=CCC6(C)C(=O)N(C)C(=O)C6=C5)(C(F)(F)F)C(F)(F)F)cc4C3=O)c2F)cc1,301,485,83.38,43.97,100.32,340.08,4.22,0.3919
None,66,782,0.0,0.0,0.0,0.0,0.0,0.0
None,432,658,0.0,0.0,0.0,0.0,0.0,0.0
Cc1ccc(-c2c(N3C(=O)c4ccc(C5(C)CCC6C(=O)N(C)C(=O)C6C5)cc4C3=O)ccc3cccc(C)c23)cc1,303,589,79.68,39.87,121.02,377.21,3.9,0.419
None,530,357,0.0,0.0,0.0,0.0,0.0,0.0
Cc1ccc2c(c1)C(=O)c1cc(N3C(=O)C4C=CC(c5ccc6c(c5)C(=O)N(C)C6=O)=CC4C3=O)ccc1-2,"219,521","505,501",65.92,13.63,132.97,364.19,3.67,0.4002
None,477,97,0.0,0.0,0.0,0.0,0.0,0.0
None,395,991,0.0,0.0,0.0,0.0,0.0,0.0
None,494,35,0.0,0.0,0.0,0.0,0.0,0.0
None,439,675,0.0,0.0,0.0,0.0,0.0,0.0
C=Cc1cc(N2C(=O)C3C4CCC(c5cc6c(cc54)C(=O)N(C)C6=O)C3C2=O)cc2c(C=C)cc(C)cc12,216,126,68.01,53.25,121.06,344.23,5.03,0.2761
None,470,450,0.0,0.0,0.0,0.0,0.0,0.0
None,298,648,0.0,0.0,0.0,0.0,0.0,0.0
None,180,465,0.0,0.0,0.0,0.0,0.0,0.0
None,167,606,0.0,0.0,0.0,0.0,0.0,0.0
None,"467,123","586,546",0.0,0.0,0.0,0.0,0.0,0.0
None,388,856,0.0,0.0,0.0,0.0,0.0,0.0
None,394,217,0.0,0.0,0.0,0.0,0.0,0.0
None,"28,416,71,33","158,287,369,128",0.0,0.0,0.0,0.0,0.0,0.0
None,404,610,0.0,0.0,0.0,0.0,0.0,0.0
None,533,374,0.0,0.0,0.0,0.0,0.0,0.0
None,"114,70","112,784",0.0,0.0,0.0,0.0,0.0,0.0
None,488,61,0.0,0.0,0.0,0.0,0.0,0.0
None,"573,163","886,735",0.0,0.0,0.0,0.0,0.0,0.0
None,1,745,0.0,0.0,0.0,0.0,0.0,0.0
None,14,79,0.0,0.0,0.0,0.0,0.0,0.0
None,"169,285","695,917",0.0,0.0,0.0,0.0,0.0,0.0
Cc1ccc(OC2=CC=CC(N3C(=O)c4ccc(CCCCCCCCc5c(C)c(C)c6c(c5C)C(=O)N(C)C6=O)cc4C3=O)C2C)cc1,"550,330","404,140",62.52,65.74,86.98,264.51,4.09,0.2426
None,463,101,0.0,0.0,0.0,0.0,0.0,0.0
None,510,189,0.0,0.0,0.0,0.0,0.0,0.0
CC#CC1CCC(N2C(=O)CC(c3ccc4ccc(-c5ccc(N6C(=O)c7ccc(-c8c(C)c(C)c9c(c8C)C(=O)N(C)C9=O)cc7C6=O)cc5)cc4c3)C2=O)CC1,"330,213,388","625,979,493",59.84,34.22,86.31,363.27,4.09,0.3028
None,78,632,0.0,0.0,0.0,0.0,0.0,0.0
None,388,463,0.0,0.0,0.0,0.0,0.0,0.0
None,9,337,0.0,0.0,0.0,0.0,0.0,0.0
None,67,502,0.0,0.0,0.0,0.0,0.0,0.0
None,"470,456","875,765",0.0,0.0,0.0,0.0,0.0,0.0
Cc1ccc(C2CC=CC=C2N2C(=O)c3ccc(C4CCC5(CC4)CC(=O)N(C)C5=O)cc3C2=O)cc1,332,917,74.66,58.72,88.92,384.09,4.0,0.3436
None,150,872,0.0,0.0,0.0,0.0,0.0,0.0
None,387,224,0.0,0.0,0.0,0.0,0.0,0.0
None,532,588,0.0,0.0,0.0,0.0,0.0,0.0
None,"474,420","527,322",0.0,0.0,0.0,0.0,0.0,0.0
None,"212,207,92","946,323,479",0.0,0.0,0.0,0.0,0.0,0.0
None,34,22,0.0,0.0,0.0,0.0,0.0,0.0
Cc1cccc2c1Cc1cccc(N3C(=O)C4=CCC(c5ccc6c(c5)C(=O)N(C)C6=O)C=C4C3=O)c1C2,23,118,37.84,56.94,91.69,328.75,3.74,0.1745
None,511,413,0.0,0.0,0.0,0.0,0.0,0.0
None,187,356,0.0,0.0,0.0,0.0,0.0,0.0
None,34,709,0.0,0.0,0.0,0.0,0.0,0.0
None,"22,330,287","498,824,137",0.0,0.0,0.0,0.0,0.0,0.0
None,"136,144","566,693",0.0,0.0,0.0,0.0,0.0,0.0
None,323,255,0.0,0.0,0.0,0.0,0.0,0.0
None,47,59,0.0,0.0,0.0,0.0,0.0,0.0
None,457,882,0.0,0.0,0.0,0.0,0.0,0.0
None,188,630,0.0,0.0,0.0,0.0,0.0,0.0
None,"120,13","593,470",0.0,0.0,0.0,0.0,0.0,0.0
None,"83,394","690,126",0.0,0.0,0.0,0.0,0.0,0.0
None,"153,420","845,487",0.0,0.0,0.0,0.0,0.0,0.0
None,"80,183","19,510",0.0,0.0,0.0,0.0,0.0,0.0
Cc1ccc2c(c1)OCCOc1cc(N3C(=O)C4C=CC(Oc5ccc6c(c5)C(=O)N(C)C6=O)=CC4C3=O)ccc1OCCOCCO2,8,389,82.43,60.35,84.91,258.37,4.39,0.3117
None,461,133,0.0,0.0,0.0,0.0,0.0,0.0
Cc1ccc2c(ccc3cccc(N4C(=O)C5CC6C(CC5C4=O)C4C(=O)N(C)C(=O)C64)c32)c1,"426,519","944,215",77.14,44.32,114.93,419.06,4.05,0.4002
None,319,807,0.0,0.0,0.0,0.0,0.0,0.0
None,427,773,0.0,0.0,0.0,0.0,0.0,0.0
None,404,233,0.0,0.0,0.0,0.0,0.0,0.0
None,478,60,0.0,0.0,0.0,0.0,0.0,0.0
None,293,93,0.0,0.0,0.0,0.0,0.0,0.0
None,288,624,0.0,0.0,0.0,0.0,0.0,0.0
Cc1ccc(C2=CC=C(N3C(=O)C4C5(C)C(=O)N(C)C(=O)C5(C)C4(C)C3=O)CC2(F)F)cc1,"375,276,189,461","466,462,697,946",75.58,39.06,94.17,318.5,4.72,0.3307
None,360,402,0.0,0.0,0.0,0.0,0.0,0.0
None,455,702,0.0,0.0,0.0,0.0,0.0,0.0
None,163,102,0.0,0.0,0.0,0.0,0.0,0.0
None,558,888,0.0,0.0,0.0,0.0,0.0,0.0
Cc1ccc(OC2=CC=C(N3C(=O)c4ccc(-c5cc(F)c6c(c5F)C(=O)N(C)C6=O)cc4C3=O)CC2C)cc1,327,413,66.85,40.3,94.28,296.75,3.72,0.3292
Cc1ccc2c(N3C(=O)C4C5C=CC(c6cc7c(cc65)C(=O)N(C)C7=O)C4C3=O)c(C)ccc2c1,"424,217","158,247",77.3,19.08,110.66,451.68,4.72,0.4238
Cc1ccc2ccc(N3C(=O)C4CC5C(=O)N(C)C(=O)C5CC4C3=O)c(F)c2c1,542,203,80.8,43.42,113.07,425.82,3.7,0.4413
None,453,241,0.0,0.0,0.0,0.0,0.0,0.0
None,51,553,0.0,0.0,0.0,0.0,0.0,0.0
Cc1ccc(-n2cnc3c2CC(c2ccccc2F)N(c2ccc4ccc(-n5c(=O)c6cc7c(=O)n(C)c(=O)c7c(-c7ccc8c(c7)C(=O)OC8=O)c6c5=O)cc4c2)C3)cc1,"173,215,106","858,365,597",1.63,30.21,89.92,400.02,4.24,0.0085
None,399,255,0.0,0.0,0.0,0.0,0.0,0.0
None,524,80,0.0,0.0,0.0,0.0,0.0,0.0
None,417,848,0.0,0.0,0.0,0.0,0.0,0.0
None,170,265,0.0,0.0,0.0,0.0,0.0,0.0
None,451,208,0.0,0.0,0.0,0.0,0.0,0.0
None,518,631,0.0,0.0,0.0,0.0,0.0,0.0
None,554,398,0.0,0.0,0.0,0.0,0.0,0.0
None,"44,345","788,875",0.0,0.0,0.0,0.0,0.0,0.0
Cc1ccc(C(C)(C)N2C(=O)C3C(C2=O)C2(F)C(=O)N(C)C(=O)C32F)cc1,"286,208,373","49,521,642",79.46,27.36,110.24,400.98,4.34,0.4231
Cc1cc2ccc(N3C(=O)C4(C)C5C(=O)N(C)C(=O)C5(C)C4(C)C3=O)cc2cc1C,"219,375","148,565",72.02,21.76,96.93,422.64,4.18,0.4031
None,"128,483","114,956",0.0,0.0,0.0,0.0,0.0,0.0
None,"317,448","826,999",0.0,0.0,0.0,0.0,0.0,0.0
None,445,551,0.0,0.0,0.0,0.0,0.0,0.0
None,"103,319","351,181",0.0,0.0,0.0,0.0,0.0,0.0
None,508,56,0.0,0.0,0.0,0.0,0.0,0.0
Cc1ccc(C2CCC(N3C(=O)C4CC5CC6C(=O)N(C)C(=O)C6CC5C4C3=O)C(C)C2)cc1,"102,337,351","640,383,187",82.11,58.32,85.73,358.81,4.51,0.3413
None,257,617,0.0,0.0,0.0,0.0,0.0,0.0
Cc1ccc(C2(c3ccc(N4C(=O)c5ccc(C6CCC7(CC6)CC(=O)N(C)C7=O)cc5C4=O)c(Cl)c3)c3ccccc3-c3ccccc32)cc1Cl,332,900,64.64,47.49,98.67,387.77,3.71,0.332
None,"424,139","584,218",0.0,0.0,0.0,0.0,0.0,0.0
None,274,364,0.0,0.0,0.0,0.0,0.0,0.0
None,512,597,0.0,0.0,0.0,0.0,0.0,0.0
None,285,806,0.0,0.0,0.0,0.0,0.0,0.0
None,11,74,0.0,0.0,0.0,0.0,0.0,0.0
None,421,729,0.0,0.0,0.0,0.0,0.0,0.0
None,19,43,0.0,0.0,0.0,0.0,0.0,0.0
None,350,318,0.0,0.0,0.0,0.0,0.0,0.0
None,420,1001,0.0,0.0,0.0,0.0,0.0,0.0
None,281,624,0.0,0.0,0.0,0.0,0.0,0.0
None,185,1002,0.0,0.0,0.0,0.0,0.0,0.0
None,341,563,0.0,0.0,0.0,0.0,0.0,0.0
None,147,341,0.0,0.0,0.0,0.0,0.0,0.0
None,546,731,0.0,0.0,0.0,0.0,0.0,0.0
None,167,570,0.0,0.0,0.0,0.0,0.0,0.0
Cc1ccc(C2(c3ccc(N4C(=O)C5C(C4=O)C4(F)C(=O)N(C)C(=O)C54F)cc3)OC(=O)c3ccccc32)cc1,373,902,78.97,31.21,112.12,342.27,4.35,0.3945
None,448,798,0.0,0.0,0.0,0.0,0.0,0.0
Cc1ccc(C)c(N2C(=O)C3C(C2=O)C2C4CC(C5C6C(=O)N(C)C(=O)C6C45)C32)c1,"236,411","681,978",79.29,30.07,101.58,443.69,5.27,0.3924
None,53,208,0.0,0.0,0.0,0.0,0.0,0.0
None,249,434,0.0,0.0,0.0,0.0,0.0,0.0
None,"211,92,175","869,199,761",0.0,0.0,0.0,0.0,0.0,0.0
None,"284,419","844,579",0.0,0.0,0.0,0.0,0.0,0.0
None,436,814,0.0,0.0,0.0,0.0,0.0,0.0
None,397,932,0.0,0.0,0.0,0.0,0.0,0.0
None,420,825,0.0,0.0,0.0,0.0,0.0,0.0
None,"12,449,419","445,706,135",0.0,0.0,0.0,0.0,0.0,0.0
None,"152,282","460,398",0.0,0.0,0.0,0.0,0.0,0.0
None,10,872,0.0,0.0,0.0,0.0,0.0,0.0
None,253,40,0.0,0.0,0.0,0.0,0.0,0.0
None,"26,530","636,93",0.0,0.0,0.0,0.0,0.0,0.0
None,558,710,0.0,0.0,0.0,0.0,0.0,0.0
None,82,300,0.0,0.0,0.0,0.0,0.0,0.0
None,"450,194,67","205,212,140",0.0,0.0,0.0,0.0,0.0,0.0
None,"343,462","459,146",0.0,0.0,0.0,0.0,0.0,0.0
None,240,679,0.0,0.0,0.0,0.0,0.0,0.0
Cc1cc(F)c(F)cc1N1C(=O)c2ccc(OCOCOCOc3ccc4c(c3F)C(=O)N(C)C4=O)cc2C1=O,"238,344,411","942,592,3",67.39,68.5,102.04,240.7,3.07,0.3009
None,149,999,0.0,0.0,0.0,0.0,0.0,0.0
Cc1ccc(-c2ccc(N3C(=O)C4C5CC6C(=O)N(C)C(=O)C6CC5C4C3=O)cc2)c(O)c1Cl,426,840,64.49,31.49,115.84,391.6,4.09,0.3467
None,43,27,0.0,0.0,0.0,0.0,0.0,0.0
Cc1ccc(S(=O)(=O)c2ccc(N3C(=O)C4=CC(c5ccc6c(c5)C(=O)N(C)C6=O)=CCC4C3=O)cc2)nc1,538,836,76.01,45.4,92.6,348.32,3.55,0.3884
Cc1ccc(C2C=CC(N3C(=O)c4ccc(C5(C)CC(=O)N(C)C5=O)cc4C3=O)=CC2(F)F)cc1,528,927,80.41,53.91,95.05,321.61,4.05,0.3592
None,"211,325,94","816,461,588",0.0,0.0,0.0,0.0,0.0,0.0
None,111,910,0.0,0.0,0.0,0.0,0.0,0.0
None,"142,178","717,39",0.0,0.0,0.0,0.0,0.0,0.0
Cc1ccc(-c2cc(C)c(N3C(=O)c4ccc(C5(c6ccc7c(c6)C(=O)N(C)C7=O)CCc6ccccc65)cc4C3=O)cc2C)cc1,"124,202","523,534",64.21,31.84,135.13,351.33,3.48,0.366
None,383,446,0.0,0.0,0.0,0.0,0.0,0.0
None,7,327,0.0,0.0,0.0,0.0,0.0,0.0
None,"13,281","967,700",0.0,0.0,0.0,0.0,0.0,0.0
None,555,48,0.0,0.0,0.0,0.0,0.0,0.0
Cc1ccc2c(c1)C(=O)c1cc(N3C(=O)c4ccc(C#Cc5ccc6c(c5)C(=O)N(C)C6=O)cc4C3=O)ccc1-2,493,505,1.08,38.18,163.26,318.93,2.78,0.0065
None,39,443,0.0,0.0,0.0,0.0,0.0,0.0
None,301,868,0.0,0.0,0.0,0.0,0.0,0.0
None,"449,275","760,641",0.0,0.0,0.0,0.0,0.0,0.0
None,244,417,0.0,0.0,0.0,0.0,0.0,0.0
None,"156,58","152,79",0.0,0.0,0.0,0.0,0.0,0.0
None,"52,541","640,689",0.0,0.0,0.0,0.0,0.0,0.0
None,498,911,0.0,0.0,0.0,0.0,0.0,0.0
None,"63,447","828,224",0.0,0.0,0.0,0.0,0.0,0.0
None,545,323,0.0,0.0,0.0,0.0,0.0,0.0
None,320,369,0.0,0.0,0.0,0.0,0.0,0.0
None,"212,92,156,312,452","856,149,155,291,594",0.0,0.0,0.0,0.0,0.0,0.0
Cc1ccc2ccc3cc(N4C(=O)C5C(C4=O)C4C6CC(C7C8C(=O)N(C)C(=O)C8C67)C54)cc4ccc1c2c34,411,604,78.06,22.89,107.66,462.3,5.46,0.4082
None,"133,3,559","93,551,738",0.0,0.0,0.0,0.0,0.0,0.0
None,434,917,0.0,0.0,0.0,0.0,0.0,0.0
None,79,999,0.0,0.0,0.0,0.0,0.0,0.0
CCN1C(=O)C2=CC(C(=O)c3ccc4c(c3)C(=O)N(C)C4=O)=CCC2C1=O,"172,171","628,989",34.21,41.9,97.78,349.92,3.49,0.1802
None,"92,30,333","399,925,719",0.0,0.0,0.0,0.0,0.0,0.0
None,427,159,0.0,0.0,0.0,0.0,0.0,0.0
None,200,17,0.0,0.0,0.0,0.0,0.0,0.0
None,422,982,0.0,0.0,0.0,0.0,0.0,0.0
Cc1ccc(N2C(=O)c3cc4c(cc3C2=O)C2CCC4C3C(=O)N(C)C(=O)C23)s1,"216,94,160,396","609,644,675,537",74.69,41.48,91.28,375.21,4.75,0.3368
Cc1ccc(CC(C)(C)N2C(=O)c3ccc(S(=O)(=O)c4ccc5c(c4)C(=O)N(C)C5=O)cc3C2=O)cc1,562,924,75.79,56.7,99.46,277.21,2.75,0.3871
Cc1cc2cc3ccc(N4C(=O)c5cc6c(cc5C4=O)=CC4C(=O)N(C)C(=O)C4C=6)cc3cc2cc1F,551,615,59.96,11.6,126.57,388.57,3.92,0.3612
None,113,349,0.0,0.0,0.0,0.0,0.0,0.0
None,184,294,0.0,0.0,0.0,0.0,0.0,0.0
None,"270,569","149,381",0.0,0.0,0.0,0.0,0.0,0.0
None,263,410,0.0,0.0,0.0,0.0,0.0,0.0
None,3,704,0.0,0.0,0.0,0.0,0.0,0.0
None,"406,248","88,134",0.0,0.0,0.0,0.0,0.0,0.0
None,470,985,0.0,0.0,0.0,0.0,0.0,0.0
None,424,877,0.0,0.0,0.0,0.0,0.0,0.0
None,123,102,0.0,0.0,0.0,0.0,0.0,0.0
None,261,452,0.0,0.0,0.0,0.0,0.0,0.0
Cc1cc2c(N3C(=O)C4C(C3=O)C3C5CC(C6C7C(=O)N(C)C(=O)C7C56)C43)cccc2c(C)c1C,"553,411","163,672",80.44,30.87,98.69,456.09,5.41,0.3994
None,340,142,0.0,0.0,0.0,0.0,0.0,0.0
None,492,696,0.0,0.0,0.0,0.0,0.0,0.0
None,263,971,0.0,0.0,0.0,0.0,0.0,0.0
None,"63,386","397,747",0.0,0.0,0.0,0.0,0.0,0.0
None,433,265,0.0,0.0,0.0,0.0,0.0,0.0
None,"358,354","765,966",0.0,0.0,0.0,0.0,0.0,0.0
None,280,659,0.0,0.0,0.0,0.0,0.0,0.0
Cc1cc(F)c(-c2ccc(N3C(=O)C4=CC(C(=O)c5ccc6c(c5)C(=O)N(C)C6=O)=CCC4C3=O)cc2)c(F)c1F,172,763,21.16,20.47,95.37,348.0,3.66,0.12
None,123,207,0.0,0.0,0.0,0.0,0.0,0.0
None,"91,20,149","251,617,114",0.0,0.0,0.0,0.0,0.0,0.0
Cc1ccc(-c2ccc(N3C(=O)C4Cc5cc6c(cc5CC4C3=O)C(=O)N(C)C6=O)cc2)s1,245,526,69.2,48.87,96.33,295.23,3.38,0.3419
None,272,673,0.0,0.0,0.0,0.0,0.0,0.0
None,300,561,0.0,0.0,0.0,0.0,0.0,0.0
None,413,84,0.0,0.0,0.0,0.0,0.0,0.0
None,428,434,0.0,0.0,0.0,0.0,0.0,0.0
None,488,331,0.0,0.0,0.0,0.0,0.0,0.0
Cc1ccc2cc3c(F)c(N4C(=O)C5C(C4=O)C4C6CC(C7C8CC(C67)C6C7C(=O)N(C)C(=O)C7C86)C54)ccc3cc2c1F,"563,409","726,616",83.56,34.36,92.48,473.03,6.36,0.4109
None,491,378,0.0,0.0,0.0,0.0,0.0,0.0
None,"142,211,419","846,41,669",0.0,0.0,0.0,0.0,0.0,0.0
Cc1ccc2c3c(ccc(N4C(=O)CC(C5CC(=O)N(C)C5=O)C4=O)c13)CC=C2,543,151,73.15,49.78,108.61,314.9,3.7,0.354
None,419,257,0.0,0.0,0.0,0.0,0.0,0.0
None,460,883,0.0,0.0,0.0,0.0,0.0,0.0
None,528,311,0.0,0.0,0.0,0.0,0.0,0.0
CC1C=CC(Cc2ccc(N3C(=O)c4ccc(C5C=CC(OC6=CC7C(=O)N(C)C(=O)C7C=C6)=CC5)cc4C3=O)cc2)=CC1(Cl)Cl,116,841,81.65,50.29,83.42,304.88,4.93,0.3145
None,513,464,0.0,0.0,0.0,0.0,0.0,0.0
Cc1ccc(C2=CC=C(N3C(=O)c4ccc([Si](C)(C)c5ccc6c(c5)C(=O)N(C)C6=O)cc4C3=O)C(C)(C)C2)cc1,571,933,76.67,31.38,111.45,296.19,3.33,0.4204
None,171,378,0.0,0.0,0.0,0.0,0.0,0.0
Cc1ccc2c(c1)C(c1ccc3c(c1)C(=O)N(C)C3=O)(c1ccc3c(c1)C(=O)N(c1cc(C)cc4cc(C)ccc14)C3=O)c1cc(C)ccc1-2,"190,193,498","1000,980,86",43.47,31.1,112.14,363.55,3.05,0.2586
None,469,530,0.0,0.0,0.0,0.0,0.0,0.0
None,6,941,0.0,0.0,0.0,0.0,0.0,0.0
None,127,872,0.0,0.0,0.0,0.0,0.0,0.0
None,"249,482","749,255",0.0,0.0,0.0,0.0,0.0,0.0
None,"38,220","68,647",0.0,0.0,0.0,0.0,0.0,0.0
None,155,528,0.0,0.0,0.0,0.0,0.0,0.0
None,361,959,0.0,0.0,0.0,0.0,0.0,0.0
None,147,929,0.0,0.0,0.0,0.0,0.0,0.0
None,552,734,0.0,0.0,0.0,0.0,0.0,0.0
None,441,635,0.0,0.0,0.0,0.0,0.0,0.0
Cc1ccc2c(N3C(=O)c4ccc(OC5=CCC6C(=O)N(C)C(=O)C6=C5)cc4C3=O)cccc2c1C,22,569,68.04,50.13,95.6,334.58,3.5,0.3391
None,421,89,0.0,0.0,0.0,0.0,0.0,0.0
None,474,909,0.0,0.0,0.0,0.0,0.0,0.0
None,413,985,0.0,0.0,0.0,0.0,0.0,0.0
None,506,52,0.0,0.0,0.0,0.0,0.0,0.0
None,"133,463","718,65",0.0,0.0,0.0,0.0,0.0,0.0
None,546,752,0.0,0.0,0.0,0.0,0.0,0.0
Cc1ccc2c(c1)S(=O)(=O)c1cc(N3C(=O)C4C=CC(Sc5ccc6c(c5)C(=O)N(C)C6=O)=CC4C3=O)ccc1O2,574,655,81.06,49.17,87.68,347.57,4.21,0.3688
None,318,868,0.0,0.0,0.0,0.0,0.0,0.0
None,"60,434","976,566",0.0,0.0,0.0,0.0,0.0,0.0
None,209,452,0.0,0.0,0.0,0.0,0.0,0.0
Cc1ccc2cc3c(F)c(N4C(=O)c5ccc(S(=O)c6ccc7c(c6)C(=O)N(C)C7=O)cc5C4=O)ccc3cc2c1F,403,616,15.15,41.13,96.45,349.25,3.61,0.0787
None,220,74,0.0,0.0,0.0,0.0,0.0,0.0
None,460,330,0.0,0.0,0.0,0.0,0.0,0.0
None,207,342,0.0,0.0,0.0,0.0,0.0,0.0
Cc1ccc(C)c(N2C(=O)c3ccc(C4=C5C(=O)N(C)C(=O)C5=CCC4)cc3C2=O)c1,517,978,8.21,18.52,146.07,367.9,2.82,0.0541
Cc1cccc2c(N3C(=O)c4cc5cc6ccccc6c(-c6ccc7c(c6)C(=O)N(C)C7=O)c5cc4C3=O)cc(F)cc12,74,236,0.89,33.3,179.75,346.76,2.83,0.0056
None,"62,472","975,165",0.0,0.0,0.0,0.0,0.0,0.0
None,460,381,0.0,0.0,0.0,0.0,0.0,0.0
None,56,546,0.0,0.0,0.0,0.0,0.0,0.0
None,387,114,0.0,0.0,0.0,0.0,0.0,0.0
None,"251,266","589,21",0.0,0.0,0.0,0.0,0.0,0.0
None,319,928,0.0,0.0,0.0,0.0,0.0,0.0
None,259,343,0.0,0.0,0.0,0.0,0.0,0.0
Cc1cccc(-c2ccc(N3C(=O)CC4(CC5CC4C4C(=O)N(C)C(=O)C54)C3=O)cc2)c1C,358,96,77.02,43.97,102.96,387.86,5.14,0.3376
None,305,54,0.0,0.0,0.0,0.0,0.0,0.0
None,443,581,0.0,0.0,0.0,0.0,0.0,0.0
None,"136,440","912,346",0.0,0.0,0.0,0.0,0.0,0.0
None,518,664,0.0,0.0,0.0,0.0,0.0,0.0
None,242,958,0.0,0.0,0.0,0.0,0.0,0.0
None,572,638,0.0,0.0,0.0,0.0,0.0,0.0
None,480,846,0.0,0.0,0.0,0.0,0.0,0.0
Cc1c2cccc3ccc4c(N5C(=O)C6C7C(=O)N(C)C(=O)C7(F)C6(C)C5=O)c5cccc6ccc1c(c65)c4c32,"35,83,364","873,926,601",82.34,32.58,134.19,441.89,4.37,0.4485
Cc1ccc(N2C(=O)c3cc4cc5ccccc5c(-c5ccc6c(c5)C(=O)N(C)C6=O)c4cc3C2=O)c2c1C=CCC2,"74,444,178","672,514,161",0.51,32.8,157.99,363.49,3.03,0.0031
None,427,146,0.0,0.0,0.0,0.0,0.0,0.0
Cc1ccc(C2(c3ccc4c5ccc(N6C(=O)C7C8(F)C(=O)N(C)C(=O)C8C7(F)C6=O)cc5c5ccccc5c4c3)C(F)(F)C(F)(F)C(F)(F)C2(F)F)cc1,"374,264","732,549",85.32,52.64,88.87,430.24,5.04,0.3645
Cc1ccc2c(N3C(=O)C4CCC5C(=O)N(C)C(=O)C5C4C3=O)cc(C)c(C)c2c1,"573,356,423,265","957,584,736,82",79.66,32.56,110.46,440.89,3.75,0.4579
None,"550,247","298,24",0.0,0.0,0.0,0.0,0.0,0.0
None,"130,119,112","110,944,56",0.0,0.0,0.0,0.0,0.0,0.0
None,191,380,0.0,0.0,0.0,0.0,0.0,0.0
None,260,661,0.0,0.0,0.0,0.0,0.0,0.0
Cc1ccc(-n2c(=O)c3cc(-c4ccc5c(c4)C(=O)N(C)C5=O)c4c(c(C)cc5c(=O)oc(=O)c54)c3c2=O)cc1,182,996,1.27,5.48,183.67,377.69,2.97,0.0089
None,172,878,0.0,0.0,0.0,0.0,0.0,0.0
None,532,814,0.0,0.0,0.0,0.0,0.0,0.0
CC1=CC2(C)C3C(=O)N(C)C(=O)C3C1C1C(=O)N(C3=CC4Nc5cc(C)ccc5C(=O)C4C=C3)C(=O)C12,376,660,83.19,18.96,90.19,461.04,5.83,0.4362
None,96,576,0.0,0.0,0.0,0.0,0.0,0.0
None,423,936,0.0,0.0,0.0,0.0,0.0,0.0
None,"38,301","101,260",0.0,0.0,0.0,0.0,0.0,0.0
CCC(CC)(c1ccc(C)cc1)N1C(=O)c2cc3c(cc2C1=O)C1CCC3C2C(=O)N(C)C(=O)C12,"311,21,216","17,346,425",80.52,56.15,97.57,371.29,4.87,0.3281
CC1=CC=C(Oc2ccc(N3C(=O)C45CCCCC46C(=O)N(C)C(=O)C64CCCCC45C3=O)cc2)CC1,371,272,85.15,49.51,83.09,296.82,5.71,0.3228
Cc1cc2nc3cc(C)c(N4C(=O)c5ccc(CCCCCCc6cc(-c7c(C)c8c(c9ccccc79)C(=O)N(C)C8=O)cc7cc8c(cc67)C(=O)OC8=O)cc5C4=O)cc3nc2cc1C,"226,289,213","657,729,426",8.19,39.25,96.44,375.5,3.84,0.0426
None,"62,504","801,626",0.0,0.0,0.0,0.0,0.0,0.0
None,90,468,0.0,0.0,0.0,0.0,0.0,0.0
None,380,292,0.0,0.0,0.0,0.0,0.0,0.0
Cc1ccc2c(N3C(=O)c4ccc(-c5ccc6c(c5)C(=O)N(C)C6=O)c(C)c4C3=O)c(C)ccc2c1C,314,973,19.17,10.15,144.11,450.85,2.78,0.137
Cc1cccc(C(F)(C2(F)C=CC=C(Oc3ccc(N4C(=O)c5ccc(C#Cc6ccc(C#Cc7ccc8c(c7)C(=O)N(C)C8=O)cc6)cc5C4=O)cc3)C2)C(F)(F)C(F)(F)F)c1,"249,104,75","397,458,95",73.44,61.99,98.83,217.11,4.67,0.2535
None,"103,238","471,669",0.0,0.0,0.0,0.0,0.0,0.0
CCc1ccc(-n2c(=O)c3c4ccccc4c4c(ccc5c6c(=O)n(C)c(=O)c6c6ccccc6c54)c3c2=O)cc1,"134,283","10,540",0.24,42.43,144.28,420.05,2.67,0.0015
Cc1cc(C)c2ccc(N3C(=O)c4ccc(C5(c6ccc7c(c6)C(=O)N(C)C7=O)CCc6ccccc65)cc4C3=O)cc2c1,202,146,38.81,34.35,142.26,341.36,3.46,0.219
None,141,299,0.0,0.0,0.0,0.0,0.0,0.0
None,307,177,0.0,0.0,0.0,0.0,0.0,0.0
Cc1c(F)cc(-c2ccc(-n3c(=O)c4cc(C)c5c(c(C(C)(c6ccc7c(c6)C(=O)OC7=O)C(F)(F)F)cc6c(=O)n(C)c(=O)c65)c4c3=O)cc2)cc1F,"331,182","319,589",38.33,14.16,102.31,382.1,4.1,0.2186
None,478,212,0.0,0.0,0.0,0.0,0.0,0.0
None,267,949,0.0,0.0,0.0,0.0,0.0,0.0
None,"35,66","232,596",0.0,0.0,0.0,0.0,0.0,0.0
Cc1ccc2c(c1)N(C)c1cc(N3C(=O)c4ccc(C5(c6ccc7c(c6)C(=O)N(C)C7=O)c6ccccc6-c6ccccc65)cc4C3=O)ccc1C2,570,893,11.23,41.68,104.54,364.8,3.21,0.0623
Cc1ccc2c(c1)C(C)(C)CC2(C)c1ccc(N2C(=O)C3=CC(C(=O)c4ccc5c(c4)C(=O)N(C)C5=O)=CCC3C2=O)cc1,172,899,79.49,39.39,96.1,323.93,4.08,0.3835
CC1=CC=C(Oc2ccc(N3C(=O)c4cc5c(cc4C3=O)C3CCC5C4C(=O)N(C)C(=O)C34)cc2)CC=C1,"30,216","345,124",78.88,45.56,93.78,327.59,4.99,0.3209
None,"553,125","127,723",0.0,0.0,0.0,0.0,0.0,0.0
None,172,43,0.0,0.0,0.0,0.0,0.0,0.0
None,296,647,0.0,0.0,0.0,0.0,0.0,0.0
None,491,722,0.0,0.0,0.0,0.0,0.0,0.0
None,"556,467,277","679,267,390",0.0,0.0,0.0,0.0,0.0,0.0
None,195,218,0.0,0.0,0.0,0.0,0.0,0.0
None,"9,111","622,292",0.0,0.0,0.0,0.0,0.0,0.0
Cc1cccc(-c2ccc(N3C(=O)C4CCC5CC6C(=O)N(C)C(=O)C6CC5C4C3=O)cc2)c1,86,95,79.38,51.28,107.61,377.6,3.92,0.3891
None,448,861,0.0,0.0,0.0,0.0,0.0,0.0
None,"193,231","688,802",0.0,0.0,0.0,0.0,0.0,0.0
None,"194,388","546,942",0.0,0.0,0.0,0.0,0.0,0.0
CC1CC(C2CC(C)C(N3C(=O)c4cc5cc6ccccc6c(-c6ccc7c(c6)C(=O)N(C)C7=O)c5cc4C3=O)C(C)C2)CC(C)C1C,74,508,76.12,50.42,86.88,372.37,4.38,0.3426
None,"336,85","405,297",0.0,0.0,0.0,0.0,0.0,0.0
None,99,476,0.0,0.0,0.0,0.0,0.0,0.0
None,360,934,0.0,0.0,0.0,0.0,0.0,0.0
Cc1ccc(-c2cc(F)ccc2N2C(=O)C3(F)C4(F)C(=O)N(C)C(=O)C4(F)C3(F)C2=O)cc1,"87,74,362","472,115,775",76.82,17.72,118.76,319.02,4.34,0.4053
None,414,358,0.0,0.0,0.0,0.0,0.0,0.0
None,14,377,0.0,0.0,0.0,0.0,0.0,0.0
Cc1cc(C)c2ccc(N3C(=O)C4C=CC(Sc5ccc6c(c5)C(=O)N(C)C6=O)=CC4C3=O)cc2c1C,"574,506","780,190",82.17,46.07,92.68,372.98,3.91,0.4069
None,268,894,0.0,0.0,0.0,0.0,0.0,0.0
None,414,48,0.0,0.0,0.0,0.0,0.0,0.0
None,172,436,0.0,0.0,0.0,0.0,0.0,0.0
None,"110,505","785,357",0.0,0.0,0.0,0.0,0.0,0.0
None,21,387,0.0,0.0,0.0,0.0,0.0,0.0
None,"218,60,385","411,693,363",0.0,0.0,0.0,0.0,0.0,0.0
None,157,997,0.0,0.0,0.0,0.0,0.0,0.0
None,90,464,0.0,0.0,0.0,0.0,0.0,0.0
None,"508,74","458,337",0.0,0.0,0.0,0.0,0.0,0.0
None,156,552,0.0,0.0,0.0,0.0,0.0,0.0
None,149,663,0.0,0.0,0.0,0.0,0.0,0.0
None,265,364,0.0,0.0,0.0,0.0,0.0,0.0
None,48,201,0.0,0.0,0.0,0.0,0.0,0.0
None,72,318,0.0,0.0,0.0,0.0,0.0,0.0
None,361,701,0.0,0.0,0.0,0.0,0.0,0.0
None,65,610,0.0,0.0,0.0,0.0,0.0,0.0
None,333,350,0.0,0.0,0.0,0.0,0.0,0.0
None,"32,175","519,657",0.0,0.0,0.0,0.0,0.0,0.0
None,249,336,0.0,0.0,0.0,0.0,0.0,0.0
None,373,433,0.0,0.0,0.0,0.0,0.0,0.0
None,305,774,0.0,0.0,0.0,0.0,0.0,0.0
CC1CC(C)(C)CC(C)(c2ccc(N3C(=O)c4ccc(C5(C6=CC7C(=O)N(C)C(=O)C7C=C6)c6ccccc6-c6ccccc65)cc4C3=O)cc2)C1,47,988,79.61,44.89,85.18,360.31,4.62,0.3521
None,64,375,0.0,0.0,0.0,0.0,0.0,0.0
None,310,289,0.0,0.0,0.0,0.0,0.0,0.0
None,260,751,0.0,0.0,0.0,0.0,0.0,0.0
Cc1ccc(N2C(=O)c3ccc(-c4c5c(cc6ccccc46)C(=O)N(C)C5=O)cc3C2=O)c2ccccc12,161,261,1.47,34.93,197.37,360.44,2.59,0.0096
None,188,311,0.0,0.0,0.0,0.0,0.0,0.0
None,"142,525","817,635",0.0,0.0,0.0,0.0,0.0,0.0
None,"227,185","115,167",0.0,0.0,0.0,0.0,0.0,0.0
None,4,363,0.0,0.0,0.0,0.0,0.0,0.0
None,"124,152","262,109",0.0,0.0,0.0,0.0,0.0,0.0
None,558,448,0.0,0.0,0.0,0.0,0.0,0.0
None,"368,155","695,74",0.0,0.0,0.0,0.0,0.0,0.0
None,278,490,0.0,0.0,0.0,0.0,0.0,0.0
None,34,153,0.0,0.0,0.0,0.0,0.0,0.0
None,"526,452","942,902",0.0,0.0,0.0,0.0,0.0,0.0
None,266,899,0.0,0.0,0.0,0.0,0.0,0.0
None,447,188,0.0,0.0,0.0,0.0,0.0,0.0
None,322,883,0.0,0.0,0.0,0.0,0.0,0.0
None,447,796,0.0,0.0,0.0,0.0,0.0,0.0
None,430,453,0.0,0.0,0.0,0.0,0.0,0.0
None,287,793,0.0,0.0,0.0,0.0,0.0,0.0
CC1=C2C(=O)N(C)C(=O)C2=CC(OC2CCC3C4CC=C5CC(c6ccc7c(c6)C(=O)N(c6ccc(-c8ncc(C)cn8)cc6)C7=O)(c6ccccc6F)CCC5(C)C4CCC23C)=CC1,"563,126,138","535,189,105",75.49,60.88,82.51,303.9,5.48,0.2667
None,310,402,0.0,0.0,0.0,0.0,0.0,0.0
None,"30,414","604,808",0.0,0.0,0.0,0.0,0.0,0.0
Cc1ccc2c(ccc3cc(N4C(=O)C5(F)C6(F)C(=O)N(C)C(=O)C6(F)C5(F)C4=O)ccc32)c1,362,977,74.56,15.39,127.12,310.7,4.35,0.3976
None,143,835,0.0,0.0,0.0,0.0,0.0,0.0
None,371,753,0.0,0.0,0.0,0.0,0.0,0.0
None,265,797,0.0,0.0,0.0,0.0,0.0,0.0
None,549,516,0.0,0.0,0.0,0.0,0.0,0.0
None,"24,122,181","602,787,446",0.0,0.0,0.0,0.0,0.0,0.0
None,432,256,0.0,0.0,0.0,0.0,0.0,0.0
None,45,746,0.0,0.0,0.0,0.0,0.0,0.0
None,199,526,0.0,0.0,0.0,0.0,0.0,0.0
None,178,137,0.0,0.0,0.0,0.0,0.0,0.0
Cc1c(F)c(F)c(F)c2c(N3C(=O)C4C(C)(C3=O)C3C(=O)N(C)C(=O)C34F)cccc12,365,248,77.44,41.34,94.22,409.15,4.44,0.377
None,31,270,0.0,0.0,0.0,0.0,0.0,0.0
None,478,152,0.0,0.0,0.0,0.0,0.0,0.0
None,247,166,0.0,0.0,0.0,0.0,0.0,0.0
None,49,601,0.0,0.0,0.0,0.0,0.0,0.0
None,239,904,0.0,0.0,0.0,0.0,0.0,0.0
None,298,824,0.0,0.0,0.0,0.0,0.0,0.0
CCC(C)c1ccc(N2C(=O)C3CC(C4CC(=O)N(C)C4=O)c4ccccc4C3C2=O)cc1,564,29,75.89,48.08,90.44,280.33,3.81,0.3481
None,243,509,0.0,0.0,0.0,0.0,0.0,0.0
None,6,938,0.0,0.0,0.0,0.0,0.0,0.0
None,"211,281","739,718",0.0,0.0,0.0,0.0,0.0,0.0
None,245,503,0.0,0.0,0.0,0.0,0.0,0.0
None,309,168,0.0,0.0,0.0,0.0,0.0,0.0
CCN1C(=O)C2=CC=C(OC(=O)CC3CCC=CC3c3ccc4c(c3)C(=O)N(C)C4=O)C(C)C2C1=O,"84,54,2","760,989,645",76.87,63.39,85.3,277.52,4.6,0.2801
None,"92,388","367,821",0.0,0.0,0.0,0.0,0.0,0.0
None,"135,178","940,48",0.0,0.0,0.0,0.0,0.0,0.0
None,"99,325","711,454",0.0,0.0,0.0,0.0,0.0,0.0
None,141,208,0.0,0.0,0.0,0.0,0.0,0.0
None,"82,310","758,1003",0.0,0.0,0.0,0.0,0.0,0.0
None,139,23,0.0,0.0,0.0,0.0,0.0,0.0
None,123,839,0.0,0.0,0.0,0.0,0.0,0.0
None,501,419,0.0,0.0,0.0,0.0,0.0,0.0
None,396,988,0.0,0.0,0.0,0.0,0.0,0.0
Cc1cccc2cc(N3C(=O)C4(C)C5(C)C(=O)N(C)C(=O)C5(C)C4(C)C3=O)c3ccccc3c12,377,192,71.77,46.1,148.65,360.53,4.18,0.3571
None,383,662,0.0,0.0,0.0,0.0,0.0,0.0
None,457,761,0.0,0.0,0.0,0.0,0.0,0.0
None,77,742,0.0,0.0,0.0,0.0,0.0,0.0
Cc1ccc(-c2ccc(F)cc2N2C(=O)C3CC4C(=O)N(C)C(=O)C4C3C2=O)cc1,566,474,79.55,26.02,117.42,406.67,3.51,0.4747
None,242,159,0.0,0.0,0.0,0.0,0.0,0.0
None,428,197,0.0,0.0,0.0,0.0,0.0,0.0
None,552,437,0.0,0.0,0.0,0.0,0.0,0.0
None,527,645,0.0,0.0,0.0,0.0,0.0,0.0
Cc1ccc(CC(F)(F)N2C(=O)c3ccc(C#Cc4ccc(C#Cc5ccc6c(c5)C(=O)N(C)C6=O)cc4)cc3C2=O)cc1,"12,136,249","963,905,640",12.72,60.37,109.54,235.81,3.13,0.059
None,178,877,0.0,0.0,0.0,0.0,0.0,0.0
None,532,686,0.0,0.0,0.0,0.0,0.0,0.0
None,82,316,0.0,0.0,0.0,0.0,0.0,0.0
Cc1ccc2c(c1)C1c3ccccc3C2c2cc(-n3c(=O)c4cc5ccc6cc7c(=O)n(C)c(=O)c7cc6ccc5cc4c3=O)ccc21,223,1001,5.16,30.18,90.51,455.09,4.35,0.0277
None,"304,341","717,601",0.0,0.0,0.0,0.0,0.0,0.0
None,"333,448","555,515",0.0,0.0,0.0,0.0,0.0,0.0
Cc1ccc2cc3cccc(N4C(=O)c5ccc([Si](C)(C)O[Si](C)(C)c6ccc7c(c6)C(=O)N(C)C7=O)cc5C4=O)c3cc2c1,499,217,81.4,46.8,143.37,285.28,3.25,0.4276
None,"344,242","783,79",0.0,0.0,0.0,0.0,0.0,0.0
None,0,174,0.0,0.0,0.0,0.0,0.0,0.0
None,237,291,0.0,0.0,0.0,0.0,0.0,0.0
None,"186,492","696,929",0.0,0.0,0.0,0.0,0.0,0.0
Cc1ccc(-c2ccc(F)cc2N2C(=O)C3=CCCC(c4ccc5c(c4)C(=O)N(C)C5=O)=C3C2=O)cc1,517,474,2.54,16.96,143.94,369.47,2.9,0.0167
Cc1ccc(C#CC#Cc2ccc(-n3c(=O)c4cc5ccc6cc7c(=O)n(C)c(=O)c7cc6ccc5cc4c3=O)cc2)cc1,"13,223","922,969",0.25,35.12,178.94,337.37,2.88,0.0015
None,95,993,0.0,0.0,0.0,0.0,0.0,0.0
Cc1ccc(-c2ccc(N3C(=O)c4ccc(C5C=CC(OC6=CC7C(=O)N(C)C(=O)C7C=C6)=CC5)cc4C3=O)c(C)c2)cc1,116,424,82.82,31.43,87.24,348.54,4.22,0.4132
None,435,336,0.0,0.0,0.0,0.0,0.0,0.0
None,183,715,0.0,0.0,0.0,0.0,0.0,0.0
Cc1ccc(-c2ccccc2N2C(=O)c3ccc([Si](c4ccccc4)(c4ccccc4)c4ccc5c(c4)C(=O)N(C)C5=O)cc3C2=O)cc1,382,93,22.04,40.73,132.62,261.98,2.91,0.121
None,463,333,0.0,0.0,0.0,0.0,0.0,0.0
None,95,44,0.0,0.0,0.0,0.0,0.0,0.0
Cc1c(F)c(F)cc2c(N3C(=O)c4ccc(C#Cc5ccc6c(c5)C(=O)N(C)C6=O)cc4C3=O)cccc12,"493,2,15","592,169,244",4.6,45.1,137.24,313.97,2.84,0.026
None,338,411,0.0,0.0,0.0,0.0,0.0,0.0
None,451,249,0.0,0.0,0.0,0.0,0.0,0.0
None,359,681,0.0,0.0,0.0,0.0,0.0,0.0
Cc1cccc2c(N3C(=O)C4C5C=CC(C6C(=O)N(C)C(=O)C56)C4C3=O)c(C#N)ccc12,575,130,75.65,33.36,102.48,428.87,4.9,0.369
None,52,880,0.0,0.0,0.0,0.0,0.0,0.0
None,149,569,0.0,0.0,0.0,0.0,0.0,0.0
Cc1ccc2cc3c(cc2c1)Cc1cc2cc(N4C(=O)CC(C)(c5ccc6c(c5)C(=O)N(C)C6=O)C4=O)ccc2cc1O3,528,440,57.22,47.44,104.7,306.04,3.58,0.2818
None,"153,518","235,499",0.0,0.0,0.0,0.0,0.0,0.0
None,432,224,0.0,0.0,0.0,0.0,0.0,0.0
C=Cc1cc(-c2ccc3c(c2)C(=O)N(c2ccc4ccc5c(C)ccc6ccc2c4c65)C3=O)cc2c1C(=O)N(C)C2=O,"479,93","884,637",0.38,17.03,190.31,355.03,3.0,0.0025
None,284,265,0.0,0.0,0.0,0.0,0.0,0.0
None,487,877,0.0,0.0,0.0,0.0,0.0,0.0
None,"565,336,449,326","656,463,435,887",0.0,0.0,0.0,0.0,0.0,0.0
None,418,761,0.0,0.0,0.0,0.0,0.0,0.0
None,"97,323","568,48",0.0,0.0,0.0,0.0,0.0,0.0
None,480,416,0.0,0.0,0.0,0.0,0.0,0.0
None,548,828,0.0,0.0,0.0,0.0,0.0,0.0
Cc1ccc2c3ccc(N4C(=O)c5ccc(C6(c7ccc8c(c7)C(=O)N(C)C8=O)CCc7ccccc76)cc5C4=O)c4cccc(c5cccc1c52)c43,202,643,11.36,37.55,152.63,396.03,3.72,0.0643
Cc1ccc(-n2cc(N3C(=O)c4ccc(-c5cccc6c(C7OC7c7ccc8c(c7)C(=O)N(C)C8=O)cccc56)c(C)c4C3=O)cn2)cc1,"227,286,314","518,437,585",54.91,54.48,132.06,393.5,3.89,0.2754
Cc1ccc(-c2cccc(F)c2N2C(=O)c3ccc([Si](C)(C)O[Si](C)(C)c4ccc5c(c4)C(=O)N(C)C5=O)cc3C2=O)cc1,499,471,79.56,47.68,132.83,268.26,3.21,0.4091
None,456,199,0.0,0.0,0.0,0.0,0.0,0.0
None,"12,494","481,716",0.0,0.0,0.0,0.0,0.0,0.0
None,364,335,0.0,0.0,0.0,0.0,0.0,0.0
None,338,706,0.0,0.0,0.0,0.0,0.0,0.0
None,442,206,0.0,0.0,0.0,0.0,0.0,0.0
None,"251,182","156,449",0.0,0.0,0.0,0.0,0.0,0.0
None,492,463,0.0,0.0,0.0,0.0,0.0,0.0
None,259,567,0.0,0.0,0.0,0.0,0.0,0.0
None,42,268,0.0,0.0,0.0,0.0,0.0,0.0
None,"270,292","865,633",0.0,0.0,0.0,0.0,0.0,0.0
None,264,466,0.0,0.0,0.0,0.0,0.0,0.0
None,270,857,0.0,0.0,0.0,0.0,0.0,0.0
None,"21,359","683,636",0.0,0.0,0.0,0.0,0.0,0.0
None,397,336,0.0,0.0,0.0,0.0,0.0,0.0
Cc1cc2ccccc2cc1-n1c(=O)c2cc3ccc4c5cc6c(=O)n(C)c(=O)c6cc5ccc4c3cc2c1=O,262,259,0.19,19.24,268.87,424.75,2.74,0.0014
None,399,510,0.0,0.0,0.0,0.0,0.0,0.0
Cc1cc(C)c2ccc(-c3ccc(N4C(=O)c5ccc(C(=O)C6=CCC7(C)C(=O)N(C)C(=O)C7=C6)cc5C4=O)cc3)cc2c1,295,579,38.05,15.54,142.64,326.66,3.65,0.2256
None,"19,364","425,603",0.0,0.0,0.0,0.0,0.0,0.0
Cc1ccc2[nH]c3ccc(N4C(=O)c5ccc(-c6cc(C)c7c(c6)C(=O)N(C)C7=O)cc5C4=O)cc3c(=O)c2c1,536,663,1.15,10.12,179.96,381.66,2.77,0.0081
Cc1cccc2c(C#N)ccc(N3C(=O)C4=CCC(c5ccc6c(c5)C(=O)N(C)C6=O)C=C4C3=O)c12,23,120,15.54,53.17,96.5,332.45,3.64,0.0747
None,442,114,0.0,0.0,0.0,0.0,0.0,0.0
None,"165,287","674,335",0.0,0.0,0.0,0.0,0.0,0.0
Cc1ccc(-c2ccc(N3C(=O)C4=CCC=C(c5ccc6c(c5)C(=O)N(C)C6=O)C=C4C3=O)cc2)cc1,"424,514","266,994",2.16,12.08,121.59,357.4,2.92,0.0141
Cc1c(Cl)cc(-c2ccc(N3C(=O)CC(c4ccc5c(c4)C(=O)N(C)C5=O)C3=O)cc2)cc1Cl,69,519,52.04,22.97,102.07,377.36,3.01,0.3221
None,414,518,0.0,0.0,0.0,0.0,0.0,0.0
None,560,533,0.0,0.0,0.0,0.0,0.0,0.0
None,257,200,0.0,0.0,0.0,0.0,0.0,0.0
Cc1c(-c2ccc(N3C(=O)c4ccc(C#Cc5ccc6c(c5)C(=O)N(C)C6=O)cc4C3=O)cc2)cccc1-c1cc2ccccc2c2ccccc12,"493,429","479,576",0.38,41.85,181.77,330.18,3.0,0.0022
None,"557,431","296,650",0.0,0.0,0.0,0.0,0.0,0.0
None,305,986,0.0,0.0,0.0,0.0,0.0,0.0
None,537,853,0.0,0.0,0.0,0.0,0.0,0.0
None,310,68,0.0,0.0,0.0,0.0,0.0,0.0
None,347,578,0.0,0.0,0.0,0.0,0.0,0.0
None,480,401,0.0,0.0,0.0,0.0,0.0,0.0
None,31,911,0.0,0.0,0.0,0.0,0.0,0.0
None,495,480,0.0,0.0,0.0,0.0,0.0,0.0
Cc1ccc2c(c1)Nc1cc(N3C(=O)c4cc(Nc5ccc6c(c5)C(=O)N(C)C6=O)cc(F)c4C3=O)ccc1C2,"416,345","669,80",1.1,25.33,116.92,387.16,2.92,0.0069
None,432,872,0.0,0.0,0.0,0.0,0.0,0.0
None,495,90,0.0,0.0,0.0,0.0,0.0,0.0
None,24,437,0.0,0.0,0.0,0.0,0.0,0.0
None,"128,350,300","547,533,444",0.0,0.0,0.0,0.0,0.0,0.0
None,84,76,0.0,0.0,0.0,0.0,0.0,0.0
None,233,310,0.0,0.0,0.0,0.0,0.0,0.0
None,0,999,0.0,0.0,0.0,0.0,0.0,0.0
Cc1ccc(F)c2c(N3C(=O)c4ccc([Si](c5ccccc5)(c5ccccc5)c5ccc6c(c5)C(=O)N(C)C6=O)cc4C3=O)cc(F)cc12,"119,297,121,454,382","237,818,982,758,797",41.65,39.48,115.23,276.24,3.24,0.2199
None,356,369,0.0,0.0,0.0,0.0,0.0,0.0
None,287,271,0.0,0.0,0.0,0.0,0.0,0.0
None,450,128,0.0,0.0,0.0,0.0,0.0,0.0
Cc1ccc(S(=O)(=O)c2ccc(N3C(=O)c4ccc(S(=O)c5ccc6c(c5)C(=O)N(C)C6=O)cc4C3=O)cn2)nc1,"194,403","828,416",75.89,53.39,96.47,348.19,3.64,0.3693
None,305,23,0.0,0.0,0.0,0.0,0.0,0.0
None,113,339,0.0,0.0,0.0,0.0,0.0,0.0
None,435,296,0.0,0.0,0.0,0.0,0.0,0.0
None,381,150,0.0,0.0,0.0,0.0,0.0,0.0
None,"211,465","96,24",0.0,0.0,0.0,0.0,0.0,0.0
Cc1ccc(-c2cc(C)c(N3C(=O)CC(C4CC(=O)N(C)C4=O)C3=O)c(C)c2)cc1,543,524,80.66,36.56,124.13,353.91,3.21,0.4616
None,"516,334","951,721",0.0,0.0,0.0,0.0,0.0,0.0
None,470,901,0.0,0.0,0.0,0.0,0.0,0.0
None,180,714,0.0,0.0,0.0,0.0,0.0,0.0
Cc1ccc(-c2c(F)cc(-c3ccc(N4C(=O)c5ccc(C6(c7ccc8c(c7)C(=O)N(C)C8=O)CCc7ccccc76)cc5C4=O)c(C#N)c3)c(F)c2F)cc1,"202,79","464,806",17.42,32.87,109.6,373.45,3.9,0.0935
Cc1ccc(S(=O)c2ccc(N3C(=O)c4ccc(S(=O)(=O)c5ccc6c(c5)C(=O)N(C)C6=O)cc4C3=O)cc2)cc1,"406,562","838,198",75.73,54.36,96.47,320.01,3.24,0.3784
None,261,992,0.0,0.0,0.0,0.0,0.0,0.0
None,"101,168","691,974",0.0,0.0,0.0,0.0,0.0,0.0
None,443,358,0.0,0.0,0.0,0.0,0.0,0.0
None,"71,427","798,901",0.0,0.0,0.0,0.0,0.0,0.0
None,476,95,0.0,0.0,0.0,0.0,0.0,0.0
None,117,432,0.0,0.0,0.0,0.0,0.0,0.0
None,"133,554","976,250",0.0,0.0,0.0,0.0,0.0,0.0
None,446,315,0.0,0.0,0.0,0.0,0.0,0.0
None,268,765,0.0,0.0,0.0,0.0,0.0,0.0
None,"54,25","182,755",0.0,0.0,0.0,0.0,0.0,0.0
None,370,307,0.0,0.0,0.0,0.0,0.0,0.0
Cc1cc(N2C(=O)C3C(=O)N(C)C(=O)C3C2=O)c2ccccc2c1C,355,202,81.43,28.48,131.33,443.2,3.34,0.5072
None,260,715,0.0,0.0,0.0,0.0,0.0,0.0
None,451,469,0.0,0.0,0.0,0.0,0.0,0.0
None,359,488,0.0,0.0,0.0,0.0,0.0,0.0
C=Cc1ccc2c(c1)C(c1ccc3c(c1)C(=O)N(C)C3=O)(c1ccc3c(c1)C(=O)N(c1ccc4cc5ccc(C)cc5nc4c1)C3=O)c1cc(C=C)ccc1-2,"117,105,150","905,781,2",1.64,54.03,130.64,362.85,3.44,0.0085
CC1=C2C(=O)N(C3=C(C)CC(C)(c4ccc(C)cc4)C=C3)C(=O)C2=CC(Oc2ccc3c(c2)C(=O)N(C)C3=O)=CC1,126,719,79.67,56.17,100.69,297.71,4.08,0.3443
None,"63,425","972,767",0.0,0.0,0.0,0.0,0.0,0.0
None,372,488,0.0,0.0,0.0,0.0,0.0,0.0
Cc1c#ccc2c(N3C(=O)c4ccc(C5(C6=CC7C(=O)N(C)C(=O)C7C=C6)c6ccccc6-c6ccccc65)cc4C3=O)cccc12,47,191,74.61,36.21,106.33,400.55,4.48,0.3723
None,104,44,0.0,0.0,0.0,0.0,0.0,0.0
None,"74,370","682,696",0.0,0.0,0.0,0.0,0.0,0.0
Cc1ccc2ccc3cc(N4C(=O)c5c(F)c(F)c(-c6ccc7c(c6)C(=O)N(C)C7=O)c(F)c5C4=O)cc4ccc1c2c34,100,604,1.35,9.53,139.05,363.3,3.1,0.0089
None,498,604,0.0,0.0,0.0,0.0,0.0,0.0
None,89,375,0.0,0.0,0.0,0.0,0.0,0.0
Cc1ccc2c(N3C(=O)c4ccc(C5=CC=C6C(=O)N(C)C(=O)C6C5C)cc4C3=O)cc3ccccc3c2c1,"119,318","800,194",71.67,43.53,135.23,339.61,3.77,0.3704
None,176,432,0.0,0.0,0.0,0.0,0.0,0.0
None,127,490,0.0,0.0,0.0,0.0,0.0,0.0
None,228,746,0.0,0.0,0.0,0.0,0.0,0.0
None,235,232,0.0,0.0,0.0,0.0,0.0,0.0
Cc1ccc(C2=C(c3ccc(N4C(=O)C5C=CC(C6(c7ccc8c(c7)C(=O)N(C)C8=O)c7ccccc7-c7ccccc76)=CC5C4=O)cc3)C(F)(F)C(F)(F)C2(F)F)cc1,47,938,77.08,33.4,97.72,440.07,4.57,0.3946
None,"164,35","830,195",0.0,0.0,0.0,0.0,0.0,0.0
None,346,360,0.0,0.0,0.0,0.0,0.0,0.0
None,387,419,0.0,0.0,0.0,0.0,0.0,0.0
None,519,797,0.0,0.0,0.0,0.0,0.0,0.0
None,"238,459","966,252",0.0,0.0,0.0,0.0,0.0,0.0
None,90,209,0.0,0.0,0.0,0.0,0.0,0.0
None,38,278,0.0,0.0,0.0,0.0,0.0,0.0
None,431,598,0.0,0.0,0.0,0.0,0.0,0.0
None,"119,420","572,555",0.0,0.0,0.0,0.0,0.0,0.0
None,575,553,0.0,0.0,0.0,0.0,0.0,0.0
None,206,197,0.0,0.0,0.0,0.0,0.0,0.0
None,299,1002,0.0,0.0,0.0,0.0,0.0,0.0
None,"290,72","111,465",0.0,0.0,0.0,0.0,0.0,0.0
None,"553,434","179,413",0.0,0.0,0.0,0.0,0.0,0.0
None,"126,425","702,109",0.0,0.0,0.0,0.0,0.0,0.0
None,178,710,0.0,0.0,0.0,0.0,0.0,0.0
None,453,921,0.0,0.0,0.0,0.0,0.0,0.0
None,571,461,0.0,0.0,0.0,0.0,0.0,0.0
Cc1ccc2c(c1)Cc1c-2cc(Cl)c(N2C(=O)c3ccc(OC4=CC5C(=O)N(C)C(=O)C5C=C4)cc3C2=O)c1Cl,8,500,80.07,31.94,96.93,323.82,4.04,0.4036
None,155,16,0.0,0.0,0.0,0.0,0.0,0.0
None,552,554,0.0,0.0,0.0,0.0,0.0,0.0
None,378,432,0.0,0.0,0.0,0.0,0.0,0.0
None,390,432,0.0,0.0,0.0,0.0,0.0,0.0
None,560,662,0.0,0.0,0.0,0.0,0.0,0.0
None,"60,445","976,956",0.0,0.0,0.0,0.0,0.0,0.0
None,"302,487","823,947",0.0,0.0,0.0,0.0,0.0,0.0
Cc1ccc(N2C(=O)c3ccc(C#Cc4ccc(C#Cc5ccc6c(c5)C(=O)N(C)C6=O)cc4)cc3C2=O)c2c1CCC=C2,249,161,1.3,49.01,133.91,284.88,3.22,0.0067
None,436,754,0.0,0.0,0.0,0.0,0.0,0.0
None,162,449,0.0,0.0,0.0,0.0,0.0,0.0
None,67,327,0.0,0.0,0.0,0.0,0.0,0.0
None,163,380,0.0,0.0,0.0,0.0,0.0,0.0
None,274,130,0.0,0.0,0.0,0.0,0.0,0.0
None,"186,242","765,998",0.0,0.0,0.0,0.0,0.0,0.0
None,"101,187","467,321",0.0,0.0,0.0,0.0,0.0,0.0
None,396,89,0.0,0.0,0.0,0.0,0.0,0.0
None,189,738,0.0,0.0,0.0,0.0,0.0,0.0
None,562,341,0.0,0.0,0.0,0.0,0.0,0.0
None,188,17,0.0,0.0,0.0,0.0,0.0,0.0
None,"131,222,164","279,975,266",0.0,0.0,0.0,0.0,0.0,0.0
None,"169,60","594,890",0.0,0.0,0.0,0.0,0.0,0.0
Cc1ccc(-c2ccc(C)c(-c3csc(N4C(=O)c5cc6c(cc5C4=O)C4C=CC6C5C(=O)N(C)C(=O)C45)n3)c2)cc1,"217,165","64,810",79.73,37.01,84.78,379.65,4.81,0.3643
None,307,526,0.0,0.0,0.0,0.0,0.0,0.0
None,145,855,0.0,0.0,0.0,0.0,0.0,0.0
None,296,517,0.0,0.0,0.0,0.0,0.0,0.0
None,110,463,0.0,0.0,0.0,0.0,0.0,0.0
None,224,67,0.0,0.0,0.0,0.0,0.0,0.0
Cc1c(N2C(=O)c3ccc(C(=O)C4=CCC5C(=O)N(C)C(=O)C5=C4)cc3C2=O)cc2ccccc2c1C,"172,441","755,605",33.32,32.89,100.07,333.78,3.59,0.179
None,334,769,0.0,0.0,0.0,0.0,0.0,0.0
None,"201,419","208,924",0.0,0.0,0.0,0.0,0.0,0.0
None,549,799,0.0,0.0,0.0,0.0,0.0,0.0
None,235,384,0.0,0.0,0.0,0.0,0.0,0.0
Cc1ccc2nc(-c3ccc(N4C(=O)C5C6(C)C(=O)N(C)C(=O)C6C5(C)C4=O)cc3)[nH]c2c1,555,997,75.14,20.72,96.02,451.98,4.02,0.4391
None,"113,431,489","17,705,1",0.0,0.0,0.0,0.0,0.0,0.0
None,"94,203","776,17",0.0,0.0,0.0,0.0,0.0,0.0
None,428,755,0.0,0.0,0.0,0.0,0.0,0.0
None,"105,57","807,413",0.0,0.0,0.0,0.0,0.0,0.0
None,217,871,0.0,0.0,0.0,0.0,0.0,0.0
CC1=CC2(C)C3C(=O)N(C)C(=O)C3C1C1C(=O)N(c3ccc4c(C)cc(C)c(C)c4c3)C(=O)C12,"124,289,376","190,586,428",80.04,16.52,100.49,446.15,5.05,0.4236
None,"30,417,569","530,278,365",0.0,0.0,0.0,0.0,0.0,0.0
None,"205,223,131","410,542,873",0.0,0.0,0.0,0.0,0.0,0.0
None,419,920,0.0,0.0,0.0,0.0,0.0,0.0
None,"117,291","599,348",0.0,0.0,0.0,0.0,0.0,0.0
None,494,389,0.0,0.0,0.0,0.0,0.0,0.0
None,5,647,0.0,0.0,0.0,0.0,0.0,0.0
None,451,936,0.0,0.0,0.0,0.0,0.0,0.0
None,162,114,0.0,0.0,0.0,0.0,0.0,0.0
None,"315,427","815,166",0.0,0.0,0.0,0.0,0.0,0.0
Cc1ccc(-c2cccc3c(N4C(=O)c5ccc(S(=O)c6ccc7c(c6)C(=O)N(C)C7=O)cc5C4=O)cccc23)cc1,403,98,21.73,52.54,100.02,343.18,3.25,0.1118
Cc1ccc(C(C)(C)n2c(=O)c3c(C)c4c(=O)n(C)c(=O)c4c(-c4ccc5c(c4)C(=O)OC5=O)c3c2=O)cc1,502,49,11.51,11.94,109.72,411.93,3.27,0.0744
None,43,962,0.0,0.0,0.0,0.0,0.0,0.0
None,218,744,0.0,0.0,0.0,0.0,0.0,0.0
None,568,67,0.0,0.0,0.0,0.0,0.0,0.0
None,"329,61,334","885,306,140",0.0,0.0,0.0,0.0,0.0,0.0
None,387,23,0.0,0.0,0.0,0.0,0.0,0.0
None,395,273,0.0,0.0,0.0,0.0,0.0,0.0
None,"79,421","793,279",0.0,0.0,0.0,0.0,0.0,0.0
None,"111,487","123,209",0.0,0.0,0.0,0.0,0.0,0.0
None,"41,10","415,100",0.0,0.0,0.0,0.0,0.0,0.0
Cc1ccc(C2CCCC(c3c4ccccc4cc4c(N5C(=O)C6C(C5=O)C5C7C=CC(C8C(=O)N(C)C(=O)C78)C65)cccc34)C2)cc1,"458,241","423,426",78.1,41.83,82.71,458.81,5.51,0.3615
Cc1ccc(-c2cc(C)cc(N3C(=O)C4C5CC(C4C3=O)C3(CCC4(CC6CC4C4C(=O)N(C)C(=O)C64)C3=O)C5)c2)cc1,"127,473","407,440",86.09,34.38,93.07,336.26,6.64,0.3764
None,"416,150","689,383",0.0,0.0,0.0,0.0,0.0,0.0
None,285,496,0.0,0.0,0.0,0.0,0.0,0.0
None,"417,126","801,328",0.0,0.0,0.0,0.0,0.0,0.0
Cc1ccc2c(c1)OCCOCCOCCOc1cc(N3C(=O)C4C(C3=O)C3C5CC(C6C7CC(C56)C5C6C(=O)N(C)C(=O)C6C75)C43)ccc1OCCO2,"45,409","390,502",83.94,57.79,76.79,393.97,6.75,0.331
None,97,866,0.0,0.0,0.0,0.0,0.0,0.0
None,310,536,0.0,0.0,0.0,0.0,0.0,0.0
None,448,497,0.0,0.0,0.0,0.0,0.0,0.0
None,250,276,0.0,0.0,0.0,0.0,0.0,0.0
None,288,848,0.0,0.0,0.0,0.0,0.0,0.0
None,258,811,0.0,0.0,0.0,0.0,0.0,0.0
None,255,717,0.0,0.0,0.0,0.0,0.0,0.0
Cc1cccc2c(N3C(=O)C4C5CC(C4C3=O)C3(CCC4(CC6CC4C4C(=O)N(C)C(=O)C64)C3=O)C5)c3ccccc3cc12,473,195,86.05,45.08,93.94,408.43,6.75,0.3784
None,"99,189","612,216",0.0,0.0,0.0,0.0,0.0,0.0
None,"571,366","747,768",0.0,0.0,0.0,0.0,0.0,0.0
None,547,646,0.0,0.0,0.0,0.0,0.0,0.0
None,267,964,0.0,0.0,0.0,0.0,0.0,0.0
None,400,254,0.0,0.0,0.0,0.0,0.0,0.0
None,554,652,0.0,0.0,0.0,0.0,0.0,0.0
None,73,572,0.0,0.0,0.0,0.0,0.0,0.0
None,421,640,0.0,0.0,0.0,0.0,0.0,0.0
None,533,605,0.0,0.0,0.0,0.0,0.0,0.0
None,144,229,0.0,0.0,0.0,0.0,0.0,0.0
None,429,106,0.0,0.0,0.0,0.0,0.0,0.0
None,224,840,0.0,0.0,0.0,0.0,0.0,0.0
None,10,903,0.0,0.0,0.0,0.0,0.0,0.0
None,507,357,0.0,0.0,0.0,0.0,0.0,0.0
None,15,352,0.0,0.0,0.0,0.0,0.0,0.0
Cc1ccc(-c2ccc(-n3c(=O)c4cc5ccc6c7cc8c(=O)n(C)c(=O)c8cc7ccc6c5cc4c3=O)cc2)c(F)c1F,"103,262","492,440",0.16,-0.75,172.11,417.86,2.92,0.0012
None,"197,5","45,478",0.0,0.0,0.0,0.0,0.0,0.0
None,571,66,0.0,0.0,0.0,0.0,0.0,0.0
None,545,586,0.0,0.0,0.0,0.0,0.0,0.0
CC1CCC(C2CCC(N3C(=O)c4ccc(-c5ccc6c(c5)C(=O)N(C)C6=O)c(F)c4C3=O)CC2)CC1,344,533,67.51,61.34,123.88,399.01,2.85,0.3728
None,512,530,0.0,0.0,0.0,0.0,0.0,0.0
None,"333,240","846,831",0.0,0.0,0.0,0.0,0.0,0.0
None,"125,406","930,557",0.0,0.0,0.0,0.0,0.0,0.0
Cc1ccc2c(c1)C(F)(F)C(F)(F)c1cc(N3C(=O)C4C5C(=O)N(C)C(=O)C5C4C3=O)ccc1-2,544,620,81.57,17.74,117.1,412.88,4.2,0.468
None,491,875,0.0,0.0,0.0,0.0,0.0,0.0
None,257,292,0.0,0.0,0.0,0.0,0.0,0.0
None,"306,299","547,177",0.0,0.0,0.0,0.0,0.0,0.0
None,"321,367","180,96",0.0,0.0,0.0,0.0,0.0,0.0
None,394,513,0.0,0.0,0.0,0.0,0.0,0.0
None,"356,503,44","867,787,783",0.0,0.0,0.0,0.0,0.0,0.0
None,394,414,0.0,0.0,0.0,0.0,0.0,0.0
None,180,912,0.0,0.0,0.0,0.0,0.0,0.0
Cc1cc(C)c2c(C)cccc2c1N1C(=O)c2ccc(C3(C)CC(=O)N(C)C3=O)cc2C1=O,528,164,78.25,44.04,139.76,396.58,3.32,0.4464
None,"82,170","818,45",0.0,0.0,0.0,0.0,0.0,0.0
None,478,324,0.0,0.0,0.0,0.0,0.0,0.0
None,"83,530","87,754",0.0,0.0,0.0,0.0,0.0,0.0
None,293,546,0.0,0.0,0.0,0.0,0.0,0.0
None,469,714,0.0,0.0,0.0,0.0,0.0,0.0
None,78,84,0.0,0.0,0.0,0.0,0.0,0.0
None,"18,170","952,691",0.0,0.0,0.0,0.0,0.0,0.0
None,60,327,0.0,0.0,0.0,0.0,0.0,0.0
None,"86,448","725,277",0.0,0.0,0.0,0.0,0.0,0.0
CC1CCC(N2C(=O)c3ccc(C#Cc4ccc(C#Cc5ccc6c(c5)C(=O)N(C)C6=O)cc4)cc3C2=O)=N1,"249,47","716,538",49.61,59.77,94.11,252.33,3.61,0.215
None,"220,369","732,343",0.0,0.0,0.0,0.0,0.0,0.0
None,"60,186","847,488",0.0,0.0,0.0,0.0,0.0,0.0
None,175,762,0.0,0.0,0.0,0.0,0.0,0.0
None,525,579,0.0,0.0,0.0,0.0,0.0,0.0
None,491,943,0.0,0.0,0.0,0.0,0.0,0.0
None,299,322,0.0,0.0,0.0,0.0,0.0,0.0
None,116,503,0.0,0.0,0.0,0.0,0.0,0.0
None,"136,185","825,231",0.0,0.0,0.0,0.0,0.0,0.0
Cc1ccc2cc(N3C(=O)c4ccc(S(=O)c5ccc6c(c5)C(=O)N(C)C6=O)cc4C3=O)c(C)cc2c1,"403,11","953,147",39.58,50.77,99.67,326.12,3.3,0.2013
None,406,901,0.0,0.0,0.0,0.0,0.0,0.0
Cc1c2ccccc2cc2cccc(-n3c(=O)c4cc5ccc6c7cc8c(=O)n(C)c(=O)c8cc7ccc6c5cc4c3=O)c12,"118,262","220,683",0.15,27.89,256.58,439.01,2.97,0.0011
None,"201,281","242,411",0.0,0.0,0.0,0.0,0.0,0.0
None,371,868,0.0,0.0,0.0,0.0,0.0,0.0
Cc1ccc2c(c1)OCCOCCOc1cc(N3C(=O)c4c(C)c(C)c(-c5ccc6c(c5)C(=O)N(C)C6=O)c(C)c4C3=O)ccc1OCCOCCOCCO2,330,393,71.86,64.02,87.01,287.94,3.82,0.3016
None,273,71,0.0,0.0,0.0,0.0,0.0,0.0
Cc1cc2ccc3cc(N4C(=O)c5ccc(-c6ccc7c(c6)C(=O)N(C)C7=O)cc5C4=O)cc4ccc(c1)c2c34,1,611,0.4,11.53,195.58,371.93,2.65,0.0028
Cc1ccc2cc(N3C(=O)CC4(CC5CC4C4C6C(=O)N(C)C(=O)C6C54)C3=O)cc(C)c2c1,"256,410","85,662",75.87,43.45,99.21,359.89,5.67,0.3238
None,76,912,0.0,0.0,0.0,0.0,0.0,0.0
None,369,829,0.0,0.0,0.0,0.0,0.0,0.0
None,228,507,0.0,0.0,0.0,0.0,0.0,0.0
None,503,221,0.0,0.0,0.0,0.0,0.0,0.0
None,"368,467","24,959",0.0,0.0,0.0,0.0,0.0,0.0
None,"160,206","51,616",0.0,0.0,0.0,0.0,0.0,0.0
None,"117,118,257","15,369,893",0.0,0.0,0.0,0.0,0.0,0.0
Cc1ccc2cc3ccc(N4C(=O)c5ccc(C(F)(C(F)(F)F)C(F)(F)c6cc7ccccc7cc6C(=O)C6=CCC7(C)C(=O)N(C)C(=O)C7=C6)cc5C4=O)cc3nc2c1,"342,284,295","584,905,576",74.5,43.49,119.38,320.47,4.65,0.3304
None,518,471,0.0,0.0,0.0,0.0,0.0,0.0
None,"16,483","894,53",0.0,0.0,0.0,0.0,0.0,0.0
None,229,381,0.0,0.0,0.0,0.0,0.0,0.0
None,250,301,0.0,0.0,0.0,0.0,0.0,0.0
Cc1ccc2c(c1)sc1cc(N3C(=O)c4ccc(C5(c6ccc7c(c6)C(=O)N(C)C7=O)c6ccccc6C6CCCCC65)cc4C3=O)ccc12,"450,152","529,1",72.82,46.65,93.07,355.5,4.17,0.3419
None,310,372,0.0,0.0,0.0,0.0,0.0,0.0
None,518,453,0.0,0.0,0.0,0.0,0.0,0.0
None,"186,163","548,541",0.0,0.0,0.0,0.0,0.0,0.0
None,"12,170","997,336",0.0,0.0,0.0,0.0,0.0,0.0
None,490,593,0.0,0.0,0.0,0.0,0.0,0.0
None,"218,109","726,104",0.0,0.0,0.0,0.0,0.0,0.0
None,"45,317","529,797",0.0,0.0,0.0,0.0,0.0,0.0
None,519,140,0.0,0.0,0.0,0.0,0.0,0.0
None,70,258,0.0,0.0,0.0,0.0,0.0,0.0
None,418,137,0.0,0.0,0.0,0.0,0.0,0.0
None,76,610,0.0,0.0,0.0,0.0,0.0,0.0
None,421,948,0.0,0.0,0.0,0.0,0.0,0.0
None,"125,481","92,451",0.0,0.0,0.0,0.0,0.0,0.0
None,304,44,0.0,0.0,0.0,0.0,0.0,0.0
Cc1ccc2ccc3ccc(N4C(=O)c5ccc(C#Cc6ccc7c(c6)C(=O)N(C)C7=O)cc5C4=O)c4ccc1c2c34,"28,114,493","632,606,296",0.54,33.56,173.14,336.69,2.88,0.0033
None,"341,140","147,497",0.0,0.0,0.0,0.0,0.0,0.0
None,316,58,0.0,0.0,0.0,0.0,0.0,0.0
None,498,611,0.0,0.0,0.0,0.0,0.0,0.0
None,"173,366","692,313",0.0,0.0,0.0,0.0,0.0,0.0
None,"317,5","944,571",0.0,0.0,0.0,0.0,0.0,0.0
None,490,768,0.0,0.0,0.0,0.0,0.0,0.0
None,217,38,0.0,0.0,0.0,0.0,0.0,0.0
None,491,849,0.0,0.0,0.0,0.0,0.0,0.0
None,444,441,0.0,0.0,0.0,0.0,0.0,0.0
Cc1ccc(N2C(=O)CC3(CC4CC3C3C(=O)N(C)C(=O)C43)C2=O)c2cc3ccccc3cc12,"122,467,358","606,54,721",77.43,44.09,105.16,350.06,5.28,0.3283
None,269,412,0.0,0.0,0.0,0.0,0.0,0.0
None,"337,347","726,857",0.0,0.0,0.0,0.0,0.0,0.0
None,"350,107","64,648",0.0,0.0,0.0,0.0,0.0,0.0
None,229,252,0.0,0.0,0.0,0.0,0.0,0.0
None,463,290,0.0,0.0,0.0,0.0,0.0,0.0
None,171,303,0.0,0.0,0.0,0.0,0.0,0.0
Cc1ccc(OC2=CCC=CC(N3C(=O)c4ccc(-c5ccc6c(c5)C(=O)N(C)C6=O)cc4C3=O)=CC2)cc1,1,346,4.6,41.27,100.5,318.05,3.08,0.025
Cc1ccc(-c2ccc(N3C(=O)C4CC5C(=O)N(C)C(=O)C5C4C3=O)cc2O)cc1,566,819,61.38,23.89,126.0,415.62,3.53,0.3733
None,319,828,0.0,0.0,0.0,0.0,0.0,0.0
None,1,274,0.0,0.0,0.0,0.0,0.0,0.0
None,"311,546","603,116",0.0,0.0,0.0,0.0,0.0,0.0
None,27,764,0.0,0.0,0.0,0.0,0.0,0.0
None,466,341,0.0,0.0,0.0,0.0,0.0,0.0
None,2,23,0.0,0.0,0.0,0.0,0.0,0.0
None,252,851,0.0,0.0,0.0,0.0,0.0,0.0
None,"133,518","5,802",0.0,0.0,0.0,0.0,0.0,0.0
None,279,438,0.0,0.0,0.0,0.0,0.0,0.0
None,"304,233,342,334,160","556,253,344,65,523",0.0,0.0,0.0,0.0,0.0,0.0
None,423,606,0.0,0.0,0.0,0.0,0.0,0.0
None,52,627,0.0,0.0,0.0,0.0,0.0,0.0
None,85,315,0.0,0.0,0.0,0.0,0.0,0.0
None,"256,13,433","238,569,307",0.0,0.0,0.0,0.0,0.0,0.0
None,43,270,0.0,0.0,0.0,0.0,0.0,0.0
None,518,612,0.0,0.0,0.0,0.0,0.0,0.0
None,322,391,0.0,0.0,0.0,0.0,0.0,0.0
None,405,484,0.0,0.0,0.0,0.0,0.0,0.0
None,191,893,0.0,0.0,0.0,0.0,0.0,0.0
None,48,243,0.0,0.0,0.0,0.0,0.0,0.0
None,"71,437","946,899",0.0,0.0,0.0,0.0,0.0,0.0
None,"165,520","400,349",0.0,0.0,0.0,0.0,0.0,0.0
None,"97,155","849,565",0.0,0.0,0.0,0.0,0.0,0.0
None,397,666,0.0,0.0,0.0,0.0,0.0,0.0
None,59,543,0.0,0.0,0.0,0.0,0.0,0.0
None,285,718,0.0,0.0,0.0,0.0,0.0,0.0
Cc1ccc2c(C)c3ccc(N4C(=O)c5ccc([Si](c6ccccc6)(c6ccccc6)c6ccc7c(c6)C(=O)N(C)C7=O)cc5C4=O)cc3nc2c1,"54,382","856,661",27.66,34.52,123.14,319.78,3.21,0.1558
None,11,298,0.0,0.0,0.0,0.0,0.0,0.0
None,180,286,0.0,0.0,0.0,0.0,0.0,0.0
None,"28,180","702,672",0.0,0.0,0.0,0.0,0.0,0.0
Cc1ccc2c(C(c3ccc(N4C(=O)c5ccc(S(=O)(=O)c6ccc7c(c6)C(=O)N(C)C7=O)cc5C4=O)cc3)[Si](C)(C)C)c3cc(C)ccc3nc2c1,"562,502","930,886",85.11,54.91,89.84,356.76,3.73,0.4062
None,487,452,0.0,0.0,0.0,0.0,0.0,0.0
None,"120,518","983,32",0.0,0.0,0.0,0.0,0.0,0.0
None,"553,210","121,492",0.0,0.0,0.0,0.0,0.0,0.0
None,"12,276,82","523,994,640",0.0,0.0,0.0,0.0,0.0,0.0
None,55,330,0.0,0.0,0.0,0.0,0.0,0.0
None,123,210,0.0,0.0,0.0,0.0,0.0,0.0
Cc1cccc2c1CCC=C2N1C(=O)C2C3(C)C(=O)N(C)C(=O)C3C2(C)C1=O,"555,564","697,117",71.57,52.9,94.64,394.12,4.46,0.3226
None,247,599,0.0,0.0,0.0,0.0,0.0,0.0
None,399,381,0.0,0.0,0.0,0.0,0.0,0.0
None,557,756,0.0,0.0,0.0,0.0,0.0,0.0
None,242,540,0.0,0.0,0.0,0.0,0.0,0.0
None,"158,62","239,388",0.0,0.0,0.0,0.0,0.0,0.0
None,178,657,0.0,0.0,0.0,0.0,0.0,0.0
None,"159,477","695,777",0.0,0.0,0.0,0.0,0.0,0.0
None,210,757,0.0,0.0,0.0,0.0,0.0,0.0
None,"297,56","389,667",0.0,0.0,0.0,0.0,0.0,0.0
None,412,1003,0.0,0.0,0.0,0.0,0.0,0.0
None,334,665,0.0,0.0,0.0,0.0,0.0,0.0
Cc1ccc(C2CCC(N3C(=O)C4=CCC(c5ccc6c(c5)C(=O)N(C)C6=O)C=C4C3=O)C(C)C2)cc1,23,640,77.85,59.42,90.04,323.91,4.2,0.3282
None,147,36,0.0,0.0,0.0,0.0,0.0,0.0
None,449,143,0.0,0.0,0.0,0.0,0.0,0.0
None,439,6,0.0,0.0,0.0,0.0,0.0,0.0
None,"311,432","754,227",0.0,0.0,0.0,0.0,0.0,0.0
None,309,672,0.0,0.0,0.0,0.0,0.0,0.0
None,"4,242","386,75",0.0,0.0,0.0,0.0,0.0,0.0
None,"416,568","852,299",0.0,0.0,0.0,0.0,0.0,0.0
None,548,988,0.0,0.0,0.0,0.0,0.0,0.0
Cc1cc2c(N3C(=O)C4CC5C(=O)N(C)C(=O)C5CC4C3=O)cccc2c(C)c1C,"542,266","676,121",81.16,46.47,108.96,459.51,3.72,0.4454
None,399,786,0.0,0.0,0.0,0.0,0.0,0.0
None,552,74,0.0,0.0,0.0,0.0,0.0,0.0
None,391,205,0.0,0.0,0.0,0.0,0.0,0.0
None,300,212,0.0,0.0,0.0,0.0,0.0,0.0
None,383,80,0.0,0.0,0.0,0.0,0.0,0.0
None,250,474,0.0,0.0,0.0,0.0,0.0,0.0
None,241,226,0.0,0.0,0.0,0.0,0.0,0.0
None,274,209,0.0,0.0,0.0,0.0,0.0,0.0
Cc1ccc(OC2=CC(N3C(=O)C4C5CC(C4C3=O)C3(CC(=O)N(C)C3=O)C5)=CCC2)cc1,358,416,77.92,54.31,89.85,295.66,5.65,0.2881
None,215,531,0.0,0.0,0.0,0.0,0.0,0.0
None,390,276,0.0,0.0,0.0,0.0,0.0,0.0
None,124,888,0.0,0.0,0.0,0.0,0.0,0.0
None,429,488,0.0,0.0,0.0,0.0,0.0,0.0
Cc1cccc2c(N3C(=O)c4ccc([Si](c5ccccc5)(c5ccccc5)c5ccc6c(c5)C(=O)N(C)C6=O)cc4C3=O)c(F)c(F)c(F)c12,"382,337,172","789,424,248",47.31,40.49,109.73,300.54,3.31,0.2497
None,334,170,0.0,0.0,0.0,0.0,0.0,0.0
None,120,375,0.0,0.0,0.0,0.0,0.0,0.0
None,7,356,0.0,0.0,0.0,0.0,0.0,0.0
None,525,520,0.0,0.0,0.0,0.0,0.0,0.0
None,387,804,0.0,0.0,0.0,0.0,0.0,0.0
None,"555,274","765,913",0.0,0.0,0.0,0.0,0.0,0.0
None,267,134,0.0,0.0,0.0,0.0,0.0,0.0
None,"19,546","701,182",0.0,0.0,0.0,0.0,0.0,0.0
None,402,527,0.0,0.0,0.0,0.0,0.0,0.0
None,"535,337","591,218",0.0,0.0,0.0,0.0,0.0,0.0
None,404,488,0.0,0.0,0.0,0.0,0.0,0.0
C=Cc1cc2cccc(N3C(=O)C4(C)C(C)(C3=O)C3(F)C(=O)N(C)C(=O)C43F)c2cc1C(=C)C,"35,363","160,301",71.99,48.12,140.75,304.75,4.72,0.31
None,472,974,0.0,0.0,0.0,0.0,0.0,0.0
None,144,958,0.0,0.0,0.0,0.0,0.0,0.0
None,463,975,0.0,0.0,0.0,0.0,0.0,0.0
None,518,841,0.0,0.0,0.0,0.0,0.0,0.0
None,143,902,0.0,0.0,0.0,0.0,0.0,0.0
None,537,630,0.0,0.0,0.0,0.0,0.0,0.0
None,215,655,0.0,0.0,0.0,0.0,0.0,0.0
None,"20,17,438","192,685,770",0.0,0.0,0.0,0.0,0.0,0.0
None,397,671,0.0,0.0,0.0,0.0,0.0,0.0
None,188,799,0.0,0.0,0.0,0.0,0.0,0.0
None,259,3,0.0,0.0,0.0,0.0,0.0,0.0
None,383,289,0.0,0.0,0.0,0.0,0.0,0.0
None,"417,416,309","580,616,916",0.0,0.0,0.0,0.0,0.0,0.0
None,"35,498","99,284",0.0,0.0,0.0,0.0,0.0,0.0
None,334,550,0.0,0.0,0.0,0.0,0.0,0.0
None,76,101,0.0,0.0,0.0,0.0,0.0,0.0
None,16,371,0.0,0.0,0.0,0.0,0.0,0.0
None,438,594,0.0,0.0,0.0,0.0,0.0,0.0
None,204,56,0.0,0.0,0.0,0.0,0.0,0.0
None,"75,136","779,50",0.0,0.0,0.0,0.0,0.0,0.0
None,255,713,0.0,0.0,0.0,0.0,0.0,0.0
None,552,309,0.0,0.0,0.0,0.0,0.0,0.0
None,322,110,0.0,0.0,0.0,0.0,0.0,0.0
None,276,136,0.0,0.0,0.0,0.0,0.0,0.0
None,263,581,0.0,0.0,0.0,0.0,0.0,0.0
Cc1c(F)ccc2c(N3C(=O)c4ccc(C#Cc5ccc6c(c5)C(=O)N(C)C6=O)cc4C3=O)c(F)ccc12,493,242,3.49,40.8,137.24,333.54,2.9,0.0202
None,141,343,0.0,0.0,0.0,0.0,0.0,0.0
None,161,352,0.0,0.0,0.0,0.0,0.0,0.0
None,177,585,0.0,0.0,0.0,0.0,0.0,0.0
None,"130,43","430,617",0.0,0.0,0.0,0.0,0.0,0.0
None,549,419,0.0,0.0,0.0,0.0,0.0,0.0
None,367,602,0.0,0.0,0.0,0.0,0.0,0.0
None,148,51,0.0,0.0,0.0,0.0,0.0,0.0
Cc1ccc2cc(N3C(=O)C4=CC(C(=O)c5ccc6c(c5)C(=O)N(C)C6=O)=CCC4C3=O)c(F)cc2c1F,172,227,18.01,20.1,96.87,332.32,3.68,0.101
None,523,532,0.0,0.0,0.0,0.0,0.0,0.0
None,78,304,0.0,0.0,0.0,0.0,0.0,0.0
Cc1ccc2cccc(C)c2c1-c1ccc(N2C(=O)C3C4CCC(C5C(=O)N(C)C(=O)C45)C3C2=O)cc1,"35,496","589,908",77.14,31.1,111.94,403.54,4.68,0.3874
None,384,108,0.0,0.0,0.0,0.0,0.0,0.0
None,390,395,0.0,0.0,0.0,0.0,0.0,0.0
None,27,712,0.0,0.0,0.0,0.0,0.0,0.0
None,309,105,0.0,0.0,0.0,0.0,0.0,0.0
None,498,348,0.0,0.0,0.0,0.0,0.0,0.0
None,542,57,0.0,0.0,0.0,0.0,0.0,0.0
Cc1c(F)cc(F)c2c(-n3c(=O)c4cc5ccc6c7cc8c(=O)n(C)c(=O)c8cc7ccc6c5cc4c3=O)cccc12,262,243,0.28,20.52,169.8,411.48,3.07,0.0019
None,"176,546","681,170",0.0,0.0,0.0,0.0,0.0,0.0
None,335,295,0.0,0.0,0.0,0.0,0.0,0.0
None,"251,114","654,688",0.0,0.0,0.0,0.0,0.0,0.0
None,148,168,0.0,0.0,0.0,0.0,0.0,0.0
None,269,414,0.0,0.0,0.0,0.0,0.0,0.0
None,175,56,0.0,0.0,0.0,0.0,0.0,0.0
None,195,705,0.0,0.0,0.0,0.0,0.0,0.0
None,134,354,0.0,0.0,0.0,0.0,0.0,0.0
None,224,688,0.0,0.0,0.0,0.0,0.0,0.0
None,"214,522","850,730",0.0,0.0,0.0,0.0,0.0,0.0
CCCCCCc1c2c(c3ccccc3c1-c1ccc3c(c1)C(=O)N(c1cccc4c(C)ccc(C#N)c14)C3=O)C(=O)N(C)C2=O,"214,140","965,132",1.43,46.12,123.08,289.91,3.06,0.0076
None,308,906,0.0,0.0,0.0,0.0,0.0,0.0
None,"514,86","60,433",0.0,0.0,0.0,0.0,0.0,0.0
None,55,488,0.0,0.0,0.0,0.0,0.0,0.0
None,299,811,0.0,0.0,0.0,0.0,0.0,0.0
None,47,381,0.0,0.0,0.0,0.0,0.0,0.0
None,"58,320,326,1","792,975,678,183",0.0,0.0,0.0,0.0,0.0,0.0
None,146,42,0.0,0.0,0.0,0.0,0.0,0.0
Cc1cc(C)c2c(N3C(=O)c4ccc(C5(c6ccc7c(c6)C(=O)N(C)C7=O)CCc6ccccc65)cc4C3=O)cc(C)cc2c1,202,182,65.52,39.05,135.62,346.95,3.59,0.3559
None,215,508,0.0,0.0,0.0,0.0,0.0,0.0
None,202,75,0.0,0.0,0.0,0.0,0.0,0.0
None,59,229,0.0,0.0,0.0,0.0,0.0,0.0
None,67,374,0.0,0.0,0.0,0.0,0.0,0.0
None,464,568,0.0,0.0,0.0,0.0,0.0,0.0
None,498,893,0.0,0.0,0.0,0.0,0.0,0.0
None,"105,124","912,547",0.0,0.0,0.0,0.0,0.0,0.0
None,"35,221","881,507",0.0,0.0,0.0,0.0,0.0,0.0
None,473,308,0.0,0.0,0.0,0.0,0.0,0.0
None,570,11,0.0,0.0,0.0,0.0,0.0,0.0
None,429,167,0.0,0.0,0.0,0.0,0.0,0.0
None,"101,488","535,224",0.0,0.0,0.0,0.0,0.0,0.0
None,"410,451","914,549",0.0,0.0,0.0,0.0,0.0,0.0
None,"134,336","852,860",0.0,0.0,0.0,0.0,0.0,0.0
None,281,225,0.0,0.0,0.0,0.0,0.0,0.0
None,269,398,0.0,0.0,0.0,0.0,0.0,0.0
None,130,821,0.0,0.0,0.0,0.0,0.0,0.0
Cc1ccc(-c2cc(N3C(=O)c4ccc(OC5=CC=CC6C(=O)N(C)C(=O)C56)cc4C3=O)ccc2C)cc1,7,769,78.19,35.07,106.59,317.81,3.62,0.4115
None,"407,441","875,181",0.0,0.0,0.0,0.0,0.0,0.0
None,"208,414","839,43",0.0,0.0,0.0,0.0,0.0,0.0
None,287,543,0.0,0.0,0.0,0.0,0.0,0.0
None,110,264,0.0,0.0,0.0,0.0,0.0,0.0
None,416,560,0.0,0.0,0.0,0.0,0.0,0.0
None,"573,57,553","126,523,968",0.0,0.0,0.0,0.0,0.0,0.0
None,305,951,0.0,0.0,0.0,0.0,0.0,0.0
None,247,342,0.0,0.0,0.0,0.0,0.0,0.0
None,463,747,0.0,0.0,0.0,0.0,0.0,0.0
None,"297,26","916,632",0.0,0.0,0.0,0.0,0.0,0.0
Cc1ccc(-c2ccc(N3C(=O)c4ccc(C#CCCCCC#Cc5ccc6c(c5)C(=O)N(C)C6=O)cc4C3=O)cc2F)cc1,218,295,1.14,57.76,123.66,219.66,2.98,0.0055
None,432,244,0.0,0.0,0.0,0.0,0.0,0.0
None,461,843,0.0,0.0,0.0,0.0,0.0,0.0
Cc1ccc(C2(c3ccc(N4C(=O)c5ccc(-c6ccc7c(c6C)C(=O)N(C)C7=O)cc5C4=O)c(Cl)c3)c3ccccc3-c3ccccc32)cc1Cl,314,900,41.01,30.05,123.06,372.03,3.16,0.2455
None,560,249,0.0,0.0,0.0,0.0,0.0,0.0
None,"366,422","155,854",0.0,0.0,0.0,0.0,0.0,0.0
None,357,292,0.0,0.0,0.0,0.0,0.0,0.0
None,59,422,0.0,0.0,0.0,0.0,0.0,0.0
None,447,105,0.0,0.0,0.0,0.0,0.0,0.0
None,"320,194,214","68,815,241",0.0,0.0,0.0,0.0,0.0,0.0
None,"81,492","396,799",0.0,0.0,0.0,0.0,0.0,0.0
Cc1c2ccccc2cc2cc(N3C(=O)C4CC5C(=O)N(C)C(=O)C5CC4C3=O)ccc12,"417,542","208,302",81.01,43.74,120.94,406.97,3.66,0.4408
None,260,389,0.0,0.0,0.0,0.0,0.0,0.0
None,"520,212","913,754",0.0,0.0,0.0,0.0,0.0,0.0
None,255,493,0.0,0.0,0.0,0.0,0.0,0.0
None,129,575,0.0,0.0,0.0,0.0,0.0,0.0
None,"449,15,350","199,718,798",0.0,0.0,0.0,0.0,0.0,0.0
None,269,573,0.0,0.0,0.0,0.0,0.0,0.0
None,"409,438","707,847",0.0,0.0,0.0,0.0,0.0,0.0
None,513,469,0.0,0.0,0.0,0.0,0.0,0.0
None,"515,29","221,114",0.0,0.0,0.0,0.0,0.0,0.0
None,137,573,0.0,0.0,0.0,0.0,0.0,0.0
None,"437,340","414,927",0.0,0.0,0.0,0.0,0.0,0.0
CC1=CC=C(Oc2ccc(N3C(=O)C4CC5CC6C(=O)N(C)C(=O)C6CC5C4C3=O)cc2)CC1,351,272,81.64,57.2,92.78,310.34,4.42,0.3334
None,458,291,0.0,0.0,0.0,0.0,0.0,0.0
None,"284,390","203,351",0.0,0.0,0.0,0.0,0.0,0.0
None,412,587,0.0,0.0,0.0,0.0,0.0,0.0
None,168,570,0.0,0.0,0.0,0.0,0.0,0.0
None,"499,456","281,929",0.0,0.0,0.0,0.0,0.0,0.0
None,149,729,0.0,0.0,0.0,0.0,0.0,0.0
None,21,350,0.0,0.0,0.0,0.0,0.0,0.0
None,253,565,0.0,0.0,0.0,0.0,0.0,0.0
None,488,779,0.0,0.0,0.0,0.0,0.0,0.0
None,281,762,0.0,0.0,0.0,0.0,0.0,0.0
None,"363,271","425,343",0.0,0.0,0.0,0.0,0.0,0.0
None,"508,379,43","733,129,310",0.0,0.0,0.0,0.0,0.0,0.0
None,273,386,0.0,0.0,0.0,0.0,0.0,0.0
Cc1cc(C)c2cc(N3C(=O)C4=CCCC(c5ccc6c(c5)C(=O)N(C)C6=O)=C4C3=O)ccc2c1C,"517,541","306,183",8.68,16.55,138.68,356.99,3.03,0.0557
Cc1ccc2c(=O)c3ccc(N4C(=O)c5ccc(C(C6=CC=C7C(=O)N(C)C(=O)C7(C)C6)(C(F)(F)F)C(F)(F)F)cc5C4=O)cc3oc2c1,316,665,76.46,49.42,112.1,324.06,4.08,0.3553
None,527,353,0.0,0.0,0.0,0.0,0.0,0.0
None,534,373,0.0,0.0,0.0,0.0,0.0,0.0
C=Cc1cc(-c2ccc(C)cc2)ccc1N1C(=O)C2OC3C(=O)N(C)C(=O)C3C2C1=O,471,776,69.7,21.52,125.92,394.19,3.93,0.4034
None,204,463,0.0,0.0,0.0,0.0,0.0,0.0
None,171,442,0.0,0.0,0.0,0.0,0.0,0.0
Cc1ccc2c(c1)=c1cc(N3C(=O)c4ccc(S(=O)c5ccc6c(c5)C(=O)N(C)C6=O)cc4C3=O)ccc1=2,"277,403","656,324",11.06,45.01,100.88,345.23,3.62,0.0564
None,"526,494","837,754",0.0,0.0,0.0,0.0,0.0,0.0
None,418,618,0.0,0.0,0.0,0.0,0.0,0.0
None,137,762,0.0,0.0,0.0,0.0,0.0,0.0
None,33,427,0.0,0.0,0.0,0.0,0.0,0.0
None,380,131,0.0,0.0,0.0,0.0,0.0,0.0
None,382,782,0.0,0.0,0.0,0.0,0.0,0.0
None,393,987,0.0,0.0,0.0,0.0,0.0,0.0
None,36,354,0.0,0.0,0.0,0.0,0.0,0.0
None,"262,554","708,628",0.0,0.0,0.0,0.0,0.0,0.0
None,"82,62,488","69,935,955",0.0,0.0,0.0,0.0,0.0,0.0
None,421,958,0.0,0.0,0.0,0.0,0.0,0.0
None,184,933,0.0,0.0,0.0,0.0,0.0,0.0
None,308,490,0.0,0.0,0.0,0.0,0.0,0.0
None,558,345,0.0,0.0,0.0,0.0,0.0,0.0
None,447,815,0.0,0.0,0.0,0.0,0.0,0.0
Cc1ccc(-c2cc(C)c(N3C(=O)CC(C4CC(=O)N(C)C4=O)C3=O)c(Br)c2)cc1,543,513,80.26,37.33,123.15,326.29,3.32,0.4427
None,163,483,0.0,0.0,0.0,0.0,0.0,0.0
Cc1ccc(-c2ccc3ccc4c(N5C(=O)c6ccc(C#CCCCCC#Cc7ccc8c(c7)C(=O)N(C)C8=O)cc6C5=O)ccc5ccc2c3c54)cc1,218,447,0.11,50.92,129.44,264.51,3.29,0.0005
None,246,864,0.0,0.0,0.0,0.0,0.0,0.0
None,203,783,0.0,0.0,0.0,0.0,0.0,0.0
None,273,689,0.0,0.0,0.0,0.0,0.0,0.0
None,322,18,0.0,0.0,0.0,0.0,0.0,0.0
None,"135,502","791,278",0.0,0.0,0.0,0.0,0.0,0.0
None,480,750,0.0,0.0,0.0,0.0,0.0,0.0
None,127,357,0.0,0.0,0.0,0.0,0.0,0.0
None,400,538,0.0,0.0,0.0,0.0,0.0,0.0
None,527,362,0.0,0.0,0.0,0.0,0.0,0.0
None,"295,503","809,516",0.0,0.0,0.0,0.0,0.0,0.0
None,258,235,0.0,0.0,0.0,0.0,0.0,0.0
None,274,728,0.0,0.0,0.0,0.0,0.0,0.0
None,67,23,0.0,0.0,0.0,0.0,0.0,0.0
Cc1ccc(S(=O)(=O)c2ccc(N3C(=O)c4ccc(C5=CC=C6C(=O)N(C)C(=O)C6C5C)cc4C3=O)nc2)cc1,318,844,75.7,51.95,95.91,334.35,3.83,0.3572
None,456,893,0.0,0.0,0.0,0.0,0.0,0.0
None,266,892,0.0,0.0,0.0,0.0,0.0,0.0
None,"169,264","280,463",0.0,0.0,0.0,0.0,0.0,0.0
Cc1ccc(-c2cccc(N3C(=O)C4C(C)(C3=O)C3C(=O)N(C)C(=O)C34F)c2C)cc1,"302,365","96,181",75.56,40.25,95.95,433.53,4.02,0.399
None,305,468,0.0,0.0,0.0,0.0,0.0,0.0
Cc1ccc(-c2cc3cccc(N4C(=O)C5CCCC(C6CCC7C(=O)N(C)C(=O)C7C6)C5C4=O)c3cc2C)cc1,352,167,81.33,51.06,94.58,288.24,4.13,0.3538
None,138,755,0.0,0.0,0.0,0.0,0.0,0.0
None,"238,187","529,720",0.0,0.0,0.0,0.0,0.0,0.0
None,"304,191","261,321",0.0,0.0,0.0,0.0,0.0,0.0
None,"337,308","409,765",0.0,0.0,0.0,0.0,0.0,0.0
None,"315,156","546,284",0.0,0.0,0.0,0.0,0.0,0.0
None,463,512,0.0,0.0,0.0,0.0,0.0,0.0
None,558,65,0.0,0.0,0.0,0.0,0.0,0.0
Cc1ccc2cc(-n3c(=O)c4c5c(=O)n(C)c(=O)c5c5c6c(=O)oc(=O)c6c6c(=O)oc(=O)c6c5c4c3=O)cc(F)c2c1F,384,226,0.27,0.86,154.03,424.05,3.55,0.0018
Cc1ccc2c(c1)C1C(=O)N(C)C(=O)C1CC2C1CC(=O)N(c2cc(C)c(C)c3ccccc23)C1=O,547,630,80.66,47.05,104.94,373.71,3.91,0.4022
None,"416,159","998,801",0.0,0.0,0.0,0.0,0.0,0.0
Cc1ccc(C2(C3=CC=C(N4C(=O)c5ccc(OC6=CC=CC7C(=O)N(C)C(=O)C67)cc5C4=O)CC3)CCCCC2)cc1,7,712,66.38,48.19,87.42,297.51,4.23,0.2894
None,94,646,0.0,0.0,0.0,0.0,0.0,0.0
None,182,821,0.0,0.0,0.0,0.0,0.0,0.0
None,412,93,0.0,0.0,0.0,0.0,0.0,0.0
None,340,992,0.0,0.0,0.0,0.0,0.0,0.0
None,421,552,0.0,0.0,0.0,0.0,0.0,0.0
None,254,797,0.0,0.0,0.0,0.0,0.0,0.0
CC1=CC=CCC1c1ccc(N2C(=O)C3C(=O)N(C)C(=O)C3C2=O)cc1,355,917,82.53,46.01,94.59,411.91,3.83,0.4268
None,"19,6","402,312",0.0,0.0,0.0,0.0,0.0,0.0
None,"72,140","729,227",0.0,0.0,0.0,0.0,0.0,0.0
None,11,302,0.0,0.0,0.0,0.0,0.0,0.0
None,307,545,0.0,0.0,0.0,0.0,0.0,0.0
None,6,31,0.0,0.0,0.0,0.0,0.0,0.0
None,114,910,0.0,0.0,0.0,0.0,0.0,0.0
None,"342,118,233","477,461,33",0.0,0.0,0.0,0.0,0.0,0.0
Cc1cccc2c(N3C(=O)C4CCCC(C5CCC6C(=O)N(C)C(=O)C6C5)C4C3=O)cc(F)c(F)c12,352,238,82.08,53.94,92.3,309.2,4.26,0.3501
CCCC(CCC)(c1ccc(C)cc1)N1C(=O)c2ccc(C3=CC=C4C(=O)N(C)C(=O)C4C3)cc2C1=O,"286,508","16,743",76.22,39.1,93.3,271.55,3.8,0.3656
None,"91,70","183,180",0.0,0.0,0.0,0.0,0.0,0.0
None,457,642,0.0,0.0,0.0,0.0,0.0,0.0
None,225,119,0.0,0.0,0.0,0.0,0.0,0.0
Cc1ccc(-c2cc(-n3c(=O)c4cc5c(=O)oc(=O)c5c(-c5ccc(C(=C(Cl)Cl)c6ccc(-c7ccc8c(c7)C(=O)N(C)C8=O)cc6)cc5)c4c3=O)ccc2P(=O)(c2ccccc2)c2ccccc2)cc1,"101,173","406,412",68.35,26.49,141.06,400.78,3.99,0.3909
None,"35,291","963,959",0.0,0.0,0.0,0.0,0.0,0.0
None,50,360,0.0,0.0,0.0,0.0,0.0,0.0
Cc1ccc(-c2ccc(N3C(=O)C4C5CCC(C6C(=O)N(C)C(=O)C56)C4C3=O)cc2)c(O)c1Cl,496,840,66.29,19.48,119.08,388.17,4.69,0.3498
Cc1cc(C)c(-c2ccc(N3C(=O)CC4(CC5CC4C4C(=O)N(C)C(=O)C54)C3=O)cc2)c(C)c1,358,565,77.95,45.58,100.72,374.62,5.2,0.3337
Cc1ccc(F)c2c(N3C(=O)C4C(C3=O)C3C5CC(C6C7CC(C56)C5C6C(=O)N(C)C(=O)C6C75)C43)ccc(F)c12,409,235,81.76,42.19,91.87,450.88,6.26,0.3785
None,"535,525","931,672",0.0,0.0,0.0,0.0,0.0,0.0
None,408,993,0.0,0.0,0.0,0.0,0.0,0.0
None,545,847,0.0,0.0,0.0,0.0,0.0,0.0
None,213,776,0.0,0.0,0.0,0.0,0.0,0.0
None,"278,406","948,496",0.0,0.0,0.0,0.0,0.0,0.0
None,478,228,0.0,0.0,0.0,0.0,0.0,0.0
None,525,398,0.0,0.0,0.0,0.0,0.0,0.0
None,"68,118","313,515",0.0,0.0,0.0,0.0,0.0,0.0
Cc1cc(N2C(=O)C3C(=O)N(C)C(=O)C3C2=O)c2ccccc2c1,355,257,79.97,35.21,139.05,409.7,3.24,0.482
None,404,857,0.0,0.0,0.0,0.0,0.0,0.0
None,"55,451","499,539",0.0,0.0,0.0,0.0,0.0,0.0
None,"324,248,22","2,399,328",0.0,0.0,0.0,0.0,0.0,0.0
None,298,199,0.0,0.0,0.0,0.0,0.0,0.0
None,"84,41","508,924",0.0,0.0,0.0,0.0,0.0,0.0
None,95,216,0.0,0.0,0.0,0.0,0.0,0.0
Cc1ccc2cc(N3C(=O)C4C5C=CC(C6C(=O)N(C)C(=O)C56)C4C3=O)c(F)c(F)c2c1,"575,420,413","568,628,228",78.01,19.54,102.4,428.38,4.89,0.4078
None,291,618,0.0,0.0,0.0,0.0,0.0,0.0
Cc1cnc2cc3ncc(N4C(=O)c5ccc(C6CCC7(CC6)CC(=O)N(C)C7=O)cc5C4=O)cc3cc2c1,332,670,16.84,54.38,115.07,371.92,3.54,0.0857
None,"410,91,464","498,734,345",0.0,0.0,0.0,0.0,0.0,0.0
None,"282,414","402,498",0.0,0.0,0.0,0.0,0.0,0.0
None,216,753,0.0,0.0,0.0,0.0,0.0,0.0
None,383,168,0.0,0.0,0.0,0.0,0.0,0.0
None,524,739,0.0,0.0,0.0,0.0,0.0,0.0
None,332,387,0.0,0.0,0.0,0.0,0.0,0.0
None,312,956,0.0,0.0,0.0,0.0,0.0,0.0
None,560,213,0.0,0.0,0.0,0.0,0.0,0.0
None,541,148,0.0,0.0,0.0,0.0,0.0,0.0
None,"145,122,308","208,628,114",0.0,0.0,0.0,0.0,0.0,0.0
Cc1cc(N2C(=O)c3ccc(C4(c5ccc6c(c5)C(=O)N(C)C6=O)c5ccccc5-c5ccccc54)cc3C2=O)c2ccc3cccc4ccc1c2c43,570,633,2.62,39.39,130.95,386.75,3.19,0.0153
None,29,956,0.0,0.0,0.0,0.0,0.0,0.0
None,122,330,0.0,0.0,0.0,0.0,0.0,0.0
None,489,1000,0.0,0.0,0.0,0.0,0.0,0.0
None,14,486,0.0,0.0,0.0,0.0,0.0,0.0
None,266,215,0.0,0.0,0.0,0.0,0.0,0.0
None,"154,371","482,383",0.0,0.0,0.0,0.0,0.0,0.0
Cc1c(Cl)cc2c(c1Cl)Cc1cc(N3C(=O)C4CC5CCC6C(=O)N(C)C(=O)C6C5CC4C3=O)ccc1-2,86,500,80.31,45.02,94.89,367.46,4.45,0.3699
None,174,706,0.0,0.0,0.0,0.0,0.0,0.0
None,545,894,0.0,0.0,0.0,0.0,0.0,0.0
C=Cc1cccc(N2C(=O)C3CC4C(CC3C2=O)C2C(=O)N(C)C(=O)C42)c1C(=C)C,"535,81,426","173,72,616",75.21,53.17,115.88,391.21,4.39,0.3484
CC1=CC2(C)C3C(=O)N(C)C(=O)C3C1C1C(=O)N(c3ccc4c(c3)OCCOCCOCCOc3ccc(C)cc3OCCOCCO4)C(=O)C12,"376,95","408,392",83.33,64.11,73.62,272.59,5.82,0.2738
None,"326,250","507,281",0.0,0.0,0.0,0.0,0.0,0.0
None,328,491,0.0,0.0,0.0,0.0,0.0,0.0
None,"290,504","94,237",0.0,0.0,0.0,0.0,0.0,0.0
None,177,465,0.0,0.0,0.0,0.0,0.0,0.0
None,"230,248,180","146,685,928",0.0,0.0,0.0,0.0,0.0,0.0
None,"528,537,382,145","739,696,875,726",0.0,0.0,0.0,0.0,0.0,0.0
None,188,941,0.0,0.0,0.0,0.0,0.0,0.0
Cc1ccc(S(=O)(=O)c2ccc(N3C(=O)C4=CCCC(c5ccc6c(c5)C(=O)N(C)C6=O)=C4C3=O)c(Cl)c2)cc1Cl,517,822,65.9,40.89,101.07,362.99,3.09,0.3708
None,542,38,0.0,0.0,0.0,0.0,0.0,0.0
None,453,775,0.0,0.0,0.0,0.0,0.0,0.0
None,525,401,0.0,0.0,0.0,0.0,0.0,0.0
None,76,355,0.0,0.0,0.0,0.0,0.0,0.0
Cc1ccc(C2=CCC(Br)(N3C(=O)C4(F)C5(F)C(=O)N(C)C(=O)C5(F)C4(F)C3=O)C=C2)c(F)c1,"362,523","923,494",79.75,33.58,108.58,279.53,5.2,0.3378
Cc1ccc(-c2cc(C)cc(N3C(=O)c4ccc(OCOc5ccc6c(c5)C(=O)N(C)C6=O)cc4C3=O)c2)cc1,"485,1","407,489",14.69,60.24,144.53,254.74,2.6,0.0769
None,447,653,0.0,0.0,0.0,0.0,0.0,0.0
None,549,168,0.0,0.0,0.0,0.0,0.0,0.0
None,571,308,0.0,0.0,0.0,0.0,0.0,0.0
None,552,449,0.0,0.0,0.0,0.0,0.0,0.0
None,541,72,0.0,0.0,0.0,0.0,0.0,0.0
None,42,654,0.0,0.0,0.0,0.0,0.0,0.0
None,375,880,0.0,0.0,0.0,0.0,0.0,0.0
Cc1ccc(C2=CC=C(N3C(=O)c4ccc(C5(C)CCC6C(=O)N(C)C(=O)C6C5)cc4C3=O)CC2(F)F)cc1,303,946,80.2,52.19,101.88,324.07,4.33,0.3501
None,255,391,0.0,0.0,0.0,0.0,0.0,0.0
Cc1ccc(C(c2c3ccccc3nc3cc(N4C(=O)C5(F)C6(C)C(=O)N(C)C(=O)C6(C)C5(F)C4=O)c(C)cc23)(C(F)(F)F)C(F)(F)F)cc1,"363,419","726,894",79.87,53.19,102.6,284.21,4.8,0.3091
Cc1ccc(C(C)(C)C2=CC=C(C(C)(C)c3c(C)cc(N4C(=O)c5ccc(C6CC7CC6C6C(=O)N(C)C(=O)C76)cc5C4=O)cc3C)CC2)cc1,"64,290","696,565",78.42,51.63,93.77,359.72,5.48,0.3167
None,"16,325,254","919,617,65",0.0,0.0,0.0,0.0,0.0,0.0
CC1=CC=C(c2ccc(N3C(=O)C4CCC5C(=O)N(C)C(=O)C5C4C3=O)cc2)CC1(C)C,"286,13,356","933,590,374",80.21,48.32,103.45,348.45,4.06,0.3807
None,139,258,0.0,0.0,0.0,0.0,0.0,0.0
None,367,284,0.0,0.0,0.0,0.0,0.0,0.0
None,"38,469","601,990",0.0,0.0,0.0,0.0,0.0,0.0
None,"127,146","684,601",0.0,0.0,0.0,0.0,0.0,0.0
None,435,885,0.0,0.0,0.0,0.0,0.0,0.0
None,"289,139","535,821",0.0,0.0,0.0,0.0,0.0,0.0
None,144,611,0.0,0.0,0.0,0.0,0.0,0.0
None,89,977,0.0,0.0,0.0,0.0,0.0,0.0
Cc1ccc2oc3ccc(N4C(=O)C5CCC6C(=O)N(C)C(=O)C6C5C4=O)cc3c(=O)c2c1,356,666,79.55,24.29,119.85,401.2,3.73,0.4656
None,219,316,0.0,0.0,0.0,0.0,0.0,0.0
CC1=CC2(C)C3C(=O)N(C)C(=O)C3C1C1C(=O)N(c3ccc4c(c3)C(=O)c3cc(C)c(Br)cc3-4)C(=O)C12,"19,376","506,845",77.42,15.41,103.44,430.0,5.16,0.4079
None,147,389,0.0,0.0,0.0,0.0,0.0,0.0
None,266,997,0.0,0.0,0.0,0.0,0.0,0.0
None,511,830,0.0,0.0,0.0,0.0,0.0,0.0
None,176,431,0.0,0.0,0.0,0.0,0.0,0.0
None,560,524,0.0,0.0,0.0,0.0,0.0,0.0
None,3,85,0.0,0.0,0.0,0.0,0.0,0.0
None,259,280,0.0,0.0,0.0,0.0,0.0,0.0
None,157,637,0.0,0.0,0.0,0.0,0.0,0.0
None,180,443,0.0,0.0,0.0,0.0,0.0,0.0
None,180,192,0.0,0.0,0.0,0.0,0.0,0.0
None,361,194,0.0,0.0,0.0,0.0,0.0,0.0
None,367,442,0.0,0.0,0.0,0.0,0.0,0.0
None,482,320,0.0,0.0,0.0,0.0,0.0,0.0
None,324,52,0.0,0.0,0.0,0.0,0.0,0.0
None,"343,315","456,325",0.0,0.0,0.0,0.0,0.0,0.0
None,398,278,0.0,0.0,0.0,0.0,0.0,0.0
None,226,336,0.0,0.0,0.0,0.0,0.0,0.0
None,36,252,0.0,0.0,0.0,0.0,0.0,0.0
None,368,312,0.0,0.0,0.0,0.0,0.0,0.0
None,257,3,0.0,0.0,0.0,0.0,0.0,0.0
None,346,750,0.0,0.0,0.0,0.0,0.0,0.0
None,436,849,0.0,0.0,0.0,0.0,0.0,0.0
None,"131,530","545,141",0.0,0.0,0.0,0.0,0.0,0.0
None,512,924,0.0,0.0,0.0,0.0,0.0,0.0
None,"230,472","886,157",0.0,0.0,0.0,0.0,0.0,0.0
None,454,782,0.0,0.0,0.0,0.0,0.0,0.0
C=Cc1cc(-c2ccc3c(c2)C(=O)N(C)C3=O)cc2c1C(=O)N(c1c(-c3ccc(C)cc3)ccc3ccccc13)C2=O,479,580,0.63,36.43,188.92,345.97,2.88,0.0039
None,411,417,0.0,0.0,0.0,0.0,0.0,0.0
None,310,982,0.0,0.0,0.0,0.0,0.0,0.0
None,530,853,0.0,0.0,0.0,0.0,0.0,0.0
None,"87,236,305","5,620,470",0.0,0.0,0.0,0.0,0.0,0.0
None,534,658,0.0,0.0,0.0,0.0,0.0,0.0
None,"114,248","755,981",0.0,0.0,0.0,0.0,0.0,0.0
None,"114,28,341","826,78,429",0.0,0.0,0.0,0.0,0.0,0.0
None,160,323,0.0,0.0,0.0,0.0,0.0,0.0
Cc1cc(C)c2c(C)cccc2c1N1C(=O)C2C3C(=O)N(C)C(=O)C3C2C1=O,544,164,78.4,23.53,118.42,458.63,3.83,0.4726
None,383,968,0.0,0.0,0.0,0.0,0.0,0.0
None,70,433,0.0,0.0,0.0,0.0,0.0,0.0
Cc1ccc(-c2ccc(N3C(=O)C4=CCC=C(c5ccc6c(c5)C(=O)N(C)C6=O)C=C4C3=O)c(C)c2)cc1,"58,320,474,514","424,157,48,2",6.43,12.73,116.33,351.6,3.01,0.0412
None,"103,114,164,176","393,507,220,404",0.0,0.0,0.0,0.0,0.0,0.0
None,"32,331,329","649,814,695",0.0,0.0,0.0,0.0,0.0,0.0
None,48,696,0.0,0.0,0.0,0.0,0.0,0.0
None,243,253,0.0,0.0,0.0,0.0,0.0,0.0
None,431,54,0.0,0.0,0.0,0.0,0.0,0.0
None,267,484,0.0,0.0,0.0,0.0,0.0,0.0
None,487,333,0.0,0.0,0.0,0.0,0.0,0.0
None,181,372,0.0,0.0,0.0,0.0,0.0,0.0
Cc1c(F)ccc2c(-n3c(=O)c4c(-c5ccc6c(c5)C(=O)N(C)C6=O)c5ccc6c7c(=O)oc(=O)c7c(-c7c(F)c(F)c(F)c8c7C(=O)OC8=O)c7ccc(c4c3=O)c5c76)c(F)c(F)cc12,"256,338","247,186",1.96,11.54,100.02,423.81,4.21,0.0115
None,48,1003,0.0,0.0,0.0,0.0,0.0,0.0
None,"424,53","845,779",0.0,0.0,0.0,0.0,0.0,0.0
Cc1ccc(CC2=CC=C(N3C(=O)C4CC5CC6C(=O)N(C)C(=O)C6C5CC4C3=O)C2C)cc1,351,915,81.95,62.07,85.63,324.07,4.64,0.3145
None,475,307,0.0,0.0,0.0,0.0,0.0,0.0
None,136,274,0.0,0.0,0.0,0.0,0.0,0.0
None,388,439,0.0,0.0,0.0,0.0,0.0,0.0
None,"331,383","198,841",0.0,0.0,0.0,0.0,0.0,0.0
None,138,724,0.0,0.0,0.0,0.0,0.0,0.0
None,307,98,0.0,0.0,0.0,0.0,0.0,0.0
None,146,524,0.0,0.0,0.0,0.0,0.0,0.0
None,503,850,0.0,0.0,0.0,0.0,0.0,0.0
None,"289,359","317,274",0.0,0.0,0.0,0.0,0.0,0.0
None,"286,29","46,639",0.0,0.0,0.0,0.0,0.0,0.0
None,52,844,0.0,0.0,0.0,0.0,0.0,0.0
None,328,484,0.0,0.0,0.0,0.0,0.0,0.0
None,173,143,0.0,0.0,0.0,0.0,0.0,0.0
None,"563,265","231,971",0.0,0.0,0.0,0.0,0.0,0.0
None,66,465,0.0,0.0,0.0,0.0,0.0,0.0
C=C(C)c1ccc(N2C(=O)C3OC4C(=O)N(C)C(=O)C4C3C2=O)c2c(C)cccc12,471,157,78.38,18.9,118.52,428.53,4.1,0.4581
None,"204,84,450","824,997,526",0.0,0.0,0.0,0.0,0.0,0.0
None,235,208,0.0,0.0,0.0,0.0,0.0,0.0
None,142,21,0.0,0.0,0.0,0.0,0.0,0.0
None,94,140,0.0,0.0,0.0,0.0,0.0,0.0
Cc1ccc2cc3c(cc2c1)C(C)(c1ccccc1)c1cc2cc(N4C(=O)c5cc(-c6ccc7c(c6)C(=O)N(C)C7=O)cc(C#Cc6ccccc6)c5C4=O)ccc2cc1O3,108,438,47.07,41.12,101.58,290.36,4.08,0.2199
None,259,567,0.0,0.0,0.0,0.0,0.0,0.0
None,389,9,0.0,0.0,0.0,0.0,0.0,0.0
None,412,551,0.0,0.0,0.0,0.0,0.0,0.0
Cc1ccc(-c2ccc(N3C(=O)c4ccc(C#Cc5ccc(C#Cc6ccc7c(c6)C(=O)N(C)C7=O)cc5)cc4C3=O)cc2)cc1Br,249,522,1.23,44.37,135.24,257.87,2.92,0.0066
None,"101,512","125,588",0.0,0.0,0.0,0.0,0.0,0.0
None,"337,248,492","917,821,178",0.0,0.0,0.0,0.0,0.0,0.0
None,261,481,0.0,0.0,0.0,0.0,0.0,0.0
None,435,871,0.0,0.0,0.0,0.0,0.0,0.0
Cc1ccc(C(C#Cc2ccccc2)(c2ccc(N3C(=O)C4CC(C5CC(=O)N(C)C5=O)c5ccc(C)cc5C4C3=O)nc2)C(F)(F)F)cc1,"547,396","747,536",84.16,50.98,96.23,252.92,4.63,0.327
None,"483,120,240","254,8,609",0.0,0.0,0.0,0.0,0.0,0.0
Cc1c(O)cc(-c2csc(-c3ccc(N4C(=O)c5ccc(C6(c7ccc8c(c7)C(=O)N(C)C8=O)c7ccccc7-c7ccccc76)cc5C4=O)cc3)n2)cc1Cl,"570,139","644,882",7.38,41.18,96.4,374.59,3.32,0.0405
None,"57,567","949,690",0.0,0.0,0.0,0.0,0.0,0.0
None,179,858,0.0,0.0,0.0,0.0,0.0,0.0
None,255,186,0.0,0.0,0.0,0.0,0.0,0.0
None,263,678,0.0,0.0,0.0,0.0,0.0,0.0
None,"376,16,9","803,373,789",0.0,0.0,0.0,0.0,0.0,0.0
None,29,741,0.0,0.0,0.0,0.0,0.0,0.0
None,"94,242,123","428,906,136",0.0,0.0,0.0,0.0,0.0,0.0
None,231,269,0.0,0.0,0.0,0.0,0.0,0.0
Cc1ccc(S(=O)(=O)c2ccc(N3C(=O)c4ccc(CCCc5ccc6cc(CC7=CC8C(=O)N(C)C(=O)C8C=C7)ccc6c5)cc4C3=O)cc2C)cc1,"350,121,520","831,29,86",81.26,49.93,82.52,274.28,4.03,0.3522
None,383,676,0.0,0.0,0.0,0.0,0.0,0.0
None,148,340,0.0,0.0,0.0,0.0,0.0,0.0
None,"286,476","393,575",0.0,0.0,0.0,0.0,0.0,0.0
None,524,49,0.0,0.0,0.0,0.0,0.0,0.0
None,"279,427","620,188",0.0,0.0,0.0,0.0,0.0,0.0
None,466,13,0.0,0.0,0.0,0.0,0.0,0.0
None,498,122,0.0,0.0,0.0,0.0,0.0,0.0
None,516,11,0.0,0.0,0.0,0.0,0.0,0.0
Cc1ccc2c(c1)OCCOCCOc1cc(-n3c(=O)c4c5c(=O)oc(=O)c5c5c6c(=O)oc(=O)c6c6c(=O)n(C)c(=O)c6c5c4c3=O)ccc1OCCO2,"384,118","405,391",4.51,55.75,116.37,397.44,3.99,0.0219
None,"160,472","937,900",0.0,0.0,0.0,0.0,0.0,0.0
None,466,713,0.0,0.0,0.0,0.0,0.0,0.0
None,"136,88","203,763",0.0,0.0,0.0,0.0,0.0,0.0
None,260,231,0.0,0.0,0.0,0.0,0.0,0.0
Cc1c2ccccc2cc2cccc(N3C(=O)C45CCCCC46C(=O)N(C)C(=O)C64CCCCC45C3=O)c12,"248,333,371","220,901,364",84.07,44.58,111.03,359.99,5.49,0.361
Cc1ccc2cc(N3C(=O)C4=CC=C(c5ccc6c(c5)C(=O)N(C)C6=O)C(C)C4C3=O)c3cc4ccccc4cc3c2c1,318,567,66.93,38.62,134.33,347.54,3.88,0.3511
Cc1ccc2cc(N3C(=O)C4C5CCC(C6C(=O)N(C)C(=O)C56)C4C3=O)cc(F)c2c1F,496,226,77.96,26.77,105.56,383.64,4.8,0.3853
Cc1ccc2c(c1)Cc1cc(N3C(=O)C4=CC=C(Oc5ccc6c(c5)C(=O)N(C)C6=O)CC4C3=O)c(Cl)cc1-2,"96,496","24,527",52.72,46.47,92.77,311.35,3.7,0.2549
CCCCCCCN1C(=O)c2ccc(C3CCC4(CC3)CC(=O)N(C)C4=O)cc2C1=O,332,993,13.95,63.48,96.0,250.39,3.11,0.0638
None,"63,309","592,630",0.0,0.0,0.0,0.0,0.0,0.0
None,467,981,0.0,0.0,0.0,0.0,0.0,0.0
Cc1cc(C)c2c(C)cccc2c1N1C(=O)c2ccc(C3(c4ccc5c(c4)C(=O)N(C)C5=O)c4ccccc4C4CCCCC43)cc2C1=O,"220,152","697,164",80.86,46.36,114.39,405.02,4.2,0.4025
None,508,486,0.0,0.0,0.0,0.0,0.0,0.0
None,530,990,0.0,0.0,0.0,0.0,0.0,0.0
None,332,57,0.0,0.0,0.0,0.0,0.0,0.0
None,208,576,0.0,0.0,0.0,0.0,0.0,0.0
None,138,302,0.0,0.0,0.0,0.0,0.0,0.0
None,178,408,0.0,0.0,0.0,0.0,0.0,0.0
None,242,331,0.0,0.0,0.0,0.0,0.0,0.0
CC1=Cc2cc3ccc(N4C(=O)C5CC6CC7C(=O)N(C)C(=O)C7C6CC5C4=O)cc3cc2C(C)(C)C1(C)C,"110,351","685,648",83.4,45.54,96.5,392.34,4.69,0.3786
None,477,958,0.0,0.0,0.0,0.0,0.0,0.0
None,361,183,0.0,0.0,0.0,0.0,0.0,0.0
None,250,400,0.0,0.0,0.0,0.0,0.0,0.0
None,"120,56","449,526",0.0,0.0,0.0,0.0,0.0,0.0
None,"504,32","770,666",0.0,0.0,0.0,0.0,0.0,0.0
None,354,777,0.0,0.0,0.0,0.0,0.0,0.0
Cc1c(F)ccc2c(N3C(=O)c4ccc(C(C5=CC=C6C(=O)N(C)C(=O)C6(C)C5)(C(F)(F)F)C(F)(F)F)cc4C3=O)cc(F)cc12,316,241,81.8,52.67,105.1,302.67,4.14,0.3606
None,"407,208","366,828",0.0,0.0,0.0,0.0,0.0,0.0
None,"176,154,12","837,576,436",0.0,0.0,0.0,0.0,0.0,0.0
None,418,901,0.0,0.0,0.0,0.0,0.0,0.0
Cc1c(F)ccc2c(N3C(=O)C4(F)C5(F)C(=O)N(C)C(=O)C5(F)C4(F)C3=O)c(F)c(F)cc12,362,247,77.97,20.86,107.34,319.64,4.73,0.3812
None,"17,346","971,653",0.0,0.0,0.0,0.0,0.0,0.0
None,443,685,0.0,0.0,0.0,0.0,0.0,0.0
None,327,308,0.0,0.0,0.0,0.0,0.0,0.0
None,266,225,0.0,0.0,0.0,0.0,0.0,0.0
None,31,269,0.0,0.0,0.0,0.0,0.0,0.0
Cc1cc(-c2ccc(N3C(=O)C4C5C(=O)N(C)C(=O)C5C4C3=O)cc2)cc(C)c1C,544,524,76.35,10.03,118.5,442.35,3.57,0.4943
None,327,324,0.0,0.0,0.0,0.0,0.0,0.0
None,"484,169,81,389","425,747,267,587",0.0,0.0,0.0,0.0,0.0,0.0
Cc1ccc2cc1CCCCc1cc-2ccc1N1C(=O)c2ccc(C(C3=CCC4C(=O)N(C)C(=O)C4C3)(C(F)(F)F)C(F)(F)F)cc2C1=O,348,937,66.35,52.7,95.54,329.77,5.52,0.2587
None,320,312,0.0,0.0,0.0,0.0,0.0,0.0
Cc1cc2ccc3cccc4c(N5C(=O)c6ccc(C#CCCCCC#Cc7ccc8c(c7)C(=O)N(C)C8=O)cc6C5=O)cc(c1)c2c34,218,561,0.39,58.28,130.62,248.24,3.25,0.0019
None,170,175,0.0,0.0,0.0,0.0,0.0,0.0
None,357,644,0.0,0.0,0.0,0.0,0.0,0.0
None,427,484,0.0,0.0,0.0,0.0,0.0,0.0
None,73,697,0.0,0.0,0.0,0.0,0.0,0.0
None,514,486,0.0,0.0,0.0,0.0,0.0,0.0
None,"230,378","225,661",0.0,0.0,0.0,0.0,0.0,0.0
None,170,692,0.0,0.0,0.0,0.0,0.0,0.0
Cc1ccc2c(C)cc(N3C(=O)C4C(C3=O)C3C5CC(C6C7CC(C56)C5C6C(=O)N(C)C(=O)C6C75)C43)cc2c1,409,86,81.77,41.89,92.9,440.93,6.13,0.3763
Cc1ccc2cc3ccc(N4C(=O)C5(C)C6C(=O)N(C)C(=O)C6(C)C5(C)C4=O)c(C)c3nc2c1C,375,876,72.59,14.56,95.89,441.06,4.4,0.4137
None,482,846,0.0,0.0,0.0,0.0,0.0,0.0
None,344,552,0.0,0.0,0.0,0.0,0.0,0.0
Cc1cc(C)c(N2C(=O)c3ccc(C4(c5ccc6c(c5C)C(=O)N(C)C6=O)C5CC6CC(C5)CC4C6)cc3C2=O)c(C)c1C,"83,314","510,1002",82.36,40.68,93.8,493.67,4.44,0.43
None,"270,100","733,370",0.0,0.0,0.0,0.0,0.0,0.0
None,"122,341","405,324",0.0,0.0,0.0,0.0,0.0,0.0
None,147,488,0.0,0.0,0.0,0.0,0.0,0.0
CC(C)c1ccc(N2C(=O)c3cc4cc5ccccc5c(-c5ccc6c(c5)C(=O)N(C)C6=O)c4cc3C2=O)cc1,74,54,20.66,36.58,171.94,315.86,2.61,0.1278
None,14,553,0.0,0.0,0.0,0.0,0.0,0.0
None,"352,162,39,294","918,397,716,581",0.0,0.0,0.0,0.0,0.0,0.0
None,"410,571","867,301",0.0,0.0,0.0,0.0,0.0,0.0
None,"129,341","114,346",0.0,0.0,0.0,0.0,0.0,0.0
Cc1cc2c(=O)n(C)c(=O)c2c2c(-c3ccc4c(c3)C(=O)OC4=O)cc3c(=O)n(-c4ccc(CC5=CC(C)(C)C(C)C=C5)cc4)c(=O)c3c12,182,839,33.61,51.8,91.11,392.43,4.08,0.1602
None,275,6,0.0,0.0,0.0,0.0,0.0,0.0
None,"304,70","550,633",0.0,0.0,0.0,0.0,0.0,0.0
None,346,452,0.0,0.0,0.0,0.0,0.0,0.0
None,435,803,0.0,0.0,0.0,0.0,0.0,0.0
None,272,504,0.0,0.0,0.0,0.0,0.0,0.0
Cc1ccc2cccc3c4c(N5C(=O)C6C7C(=O)N(C)C(=O)C7C6C5=O)ccc5cccc(c1c23)c54,544,610,80.98,22.76,133.06,444.24,3.86,0.4888
None,552,374,0.0,0.0,0.0,0.0,0.0,0.0
None,39,79,0.0,0.0,0.0,0.0,0.0,0.0
None,173,312,0.0,0.0,0.0,0.0,0.0,0.0
None,"276,239","971,113",0.0,0.0,0.0,0.0,0.0,0.0
None,"115,388","723,896",0.0,0.0,0.0,0.0,0.0,0.0
None,387,837,0.0,0.0,0.0,0.0,0.0,0.0
None,568,154,0.0,0.0,0.0,0.0,0.0,0.0
None,548,521,0.0,0.0,0.0,0.0,0.0,0.0
None,"154,312","783,484",0.0,0.0,0.0,0.0,0.0,0.0
None,"294,156","680,145",0.0,0.0,0.0,0.0,0.0,0.0
None,446,197,0.0,0.0,0.0,0.0,0.0,0.0
None,104,797,0.0,0.0,0.0,0.0,0.0,0.0
None,"348,473","801,866",0.0,0.0,0.0,0.0,0.0,0.0
None,29,363,0.0,0.0,0.0,0.0,0.0,0.0
Cc1ccc2c(N3C(=O)C4(C)C5(C)C(=O)N(C)C(=O)C5(C)C4(C)C3=O)cccc2c1C,377,569,73.45,33.77,142.73,417.46,4.14,0.4048
Cc1ccc(-c2ccc(N3C(=O)C4CC5CC6C(=O)N(C)C(=O)C6CC5C4C3=O)cc2C)cc1,"270,326,351","421,697,516",79.16,49.85,105.1,395.47,3.98,0.3924
None,"424,292","343,75",0.0,0.0,0.0,0.0,0.0,0.0
Cc1ccc2cc3c(C)c(C)c(N4C(=O)c5cc(C(c6ccc7c(c6)C(=O)N(C)C7=O)(C(F)(F)F)C(F)(F)F)cc(C#Cc6ccccc6)c5C4=O)c(C)c3nc2c1C,"88,108","913,652",69.58,45.29,101.54,365.01,3.84,0.3497
None,"407,110","580,740",0.0,0.0,0.0,0.0,0.0,0.0
None,265,959,0.0,0.0,0.0,0.0,0.0,0.0
Cc1ccc(-c2c3ccccc3nc3cc(N4C(=O)c5ccc(C6(c7ccc8c(c7)C(=O)N(C)C8=O)c7cc(C)ccc7-c7ccc(C)cc76)cc5C4=O)ccc23)cc1,"107,190","897,326",12.78,31.3,114.54,394.96,3.3,0.0756
None,46,298,0.0,0.0,0.0,0.0,0.0,0.0
None,"470,295","977,680",0.0,0.0,0.0,0.0,0.0,0.0
None,419,409,0.0,0.0,0.0,0.0,0.0,0.0
None,61,995,0.0,0.0,0.0,0.0,0.0,0.0
None,553,359,0.0,0.0,0.0,0.0,0.0,0.0
None,"485,531","966,514",0.0,0.0,0.0,0.0,0.0,0.0
Cc1ccc2cc(N3C(=O)c4ccc([Si](c5ccccc5)(c5ccccc5)c5ccc6c(c5)C(=O)N(C)C6=O)cc4C3=O)ccc2c1C,"129,382","759,158",35.94,36.99,124.84,289.02,3.08,0.1992
Cc1cccc2cc3cccc(N4C(=O)c5ccc(CC6=CC7C(=O)N(C)C(=O)C7C=C6)cc5C4=O)c3cc12,"520,317","344,256",70.74,48.12,104.49,347.91,3.75,0.3509
None,146,819,0.0,0.0,0.0,0.0,0.0,0.0
None,540,698,0.0,0.0,0.0,0.0,0.0,0.0
None,365,30,0.0,0.0,0.0,0.0,0.0,0.0
None,457,252,0.0,0.0,0.0,0.0,0.0,0.0
None,247,167,0.0,0.0,0.0,0.0,0.0,0.0
None,4,309,0.0,0.0,0.0,0.0,0.0,0.0
None,70,353,0.0,0.0,0.0,0.0,0.0,0.0
None,"313,117,421","236,215,954",0.0,0.0,0.0,0.0,0.0,0.0
None,34,458,0.0,0.0,0.0,0.0,0.0,0.0
None,362,109,0.0,0.0,0.0,0.0,0.0,0.0
Cc1ccc(C2(c3ccc(N4C(=O)C5CC6C(=O)N(C)C(=O)C6C5C4=O)nc3)C=CC=CC2(F)F)cc1,"566,439","693,536",81.26,35.55,100.99,380.59,4.54,0.3952
C=C(c1ccc(C)cc1)c1ccc(N2C(=O)c3ccc(OC4=CC5C(=O)N(C)C(=O)C5C=C4)cc3C2=O)cc1,8,967,60.44,29.36,108.92,305.9,3.67,0.3224
None,"156,416","304,342",0.0,0.0,0.0,0.0,0.0,0.0
Cc1ccc2c(c1)CCc1cc3c(cc1-2)CCc1cc(N2C(=O)C4C5CC6C(=O)N(C)C(=O)C6CC5C4C2=O)ccc1-3,"515,426","540,108",77.96,45.52,100.71,384.3,4.36,0.3701
None,255,903,0.0,0.0,0.0,0.0,0.0,0.0
Cc1ccc2oc3ccc(N4C(=O)C5C6C(=O)N(C)C(=O)C6(F)C5(C)C4=O)cc3c(=O)c2c1,364,666,73.86,11.48,132.39,414.66,4.1,0.4459
None,78,645,0.0,0.0,0.0,0.0,0.0,0.0
None,183,531,0.0,0.0,0.0,0.0,0.0,0.0
None,66,468,0.0,0.0,0.0,0.0,0.0,0.0
None,61,57,0.0,0.0,0.0,0.0,0.0,0.0
None,429,353,0.0,0.0,0.0,0.0,0.0,0.0
None,526,141,0.0,0.0,0.0,0.0,0.0,0.0
Cc1ccc2cc(C)c(N3C(=O)C4Cc5cc6c(cc5CC4C3=O)C(=O)N(C)C6=O)c(C)c2c1,245,91,80.47,47.5,124.17,413.06,3.56,0.4388
None,"362,108","710,725",0.0,0.0,0.0,0.0,0.0,0.0
None,405,1000,0.0,0.0,0.0,0.0,0.0,0.0
None,338,763,0.0,0.0,0.0,0.0,0.0,0.0
None,"278,459","160,308",0.0,0.0,0.0,0.0,0.0,0.0
None,519,186,0.0,0.0,0.0,0.0,0.0,0.0
None,259,989,0.0,0.0,0.0,0.0,0.0,0.0
None,453,295,0.0,0.0,0.0,0.0,0.0,0.0
Cc1ccc(C(c2ccc3c(N4C(=O)C5=CC=C(Oc6ccc7c(c6)C(=O)N(C)C7=O)CC5(C)C4=O)cccc3c2)C(C)(C(F)(F)F)C(F)(F)F)cc1,"9,109","780,218",83.68,63.9,87.85,248.71,4.45,0.3035
None,418,210,0.0,0.0,0.0,0.0,0.0,0.0
None,"79,121","172,590",0.0,0.0,0.0,0.0,0.0,0.0
Cc1ccc2cc(-c3ccc(N4C(=O)C5C6(C)C(=O)N(C)C(=O)C6C5(C)C4=O)cc3)ccc2c1,555,555,75.34,21.22,95.94,377.26,3.87,0.4243
None,43,208,0.0,0.0,0.0,0.0,0.0,0.0
None,420,325,0.0,0.0,0.0,0.0,0.0,0.0
Cc1c2cccc3ccc4c(-n5c(=O)c6cc7c(=O)n(C)c(=O)c7c(-c7ccc8c(c7)C(=O)OC8=O)c6c5=O)c5cccc6ccc1c(c65)c4c32,173,601,0.2,27.69,155.08,423.91,3.47,0.0012
None,"158,127","577,63",0.0,0.0,0.0,0.0,0.0,0.0
None,28,342,0.0,0.0,0.0,0.0,0.0,0.0
None,174,341,0.0,0.0,0.0,0.0,0.0,0.0
None,258,552,0.0,0.0,0.0,0.0,0.0,0.0
None,"72,381","511,364",0.0,0.0,0.0,0.0,0.0,0.0
None,61,307,0.0,0.0,0.0,0.0,0.0,0.0
None,"222,103","989,574",0.0,0.0,0.0,0.0,0.0,0.0
Cc1ccc(S(=O)(=O)c2ccc(N3C(=O)c4ccc(C#Cc5ccc6c(c5)C(=O)N(C)C6=O)cc4C3=O)cc2)c(Cl)c1,493,830,66.42,46.73,102.84,276.37,2.8,0.3543
None,228,5,0.0,0.0,0.0,0.0,0.0,0.0
None,415,838,0.0,0.0,0.0,0.0,0.0,0.0
None,144,196,0.0,0.0,0.0,0.0,0.0,0.0
None,215,370,0.0,0.0,0.0,0.0,0.0,0.0
None,13,128,0.0,0.0,0.0,0.0,0.0,0.0
None,139,690,0.0,0.0,0.0,0.0,0.0,0.0
Cc1cc2ccc3c4c(ccc(c1)c24)=CC(C)(N1C(=O)CC2(CCC(c4ccc5c(c4)C(=O)N(C)C5=O)CC2)C1=O)C3,332,547,70.13,54.85,107.31,365.9,4.35,0.314
None,206,149,0.0,0.0,0.0,0.0,0.0,0.0
None,442,167,0.0,0.0,0.0,0.0,0.0,0.0
None,"124,139","14,38",0.0,0.0,0.0,0.0,0.0,0.0
None,22,59,0.0,0.0,0.0,0.0,0.0,0.0
None,"417,91","184,44",0.0,0.0,0.0,0.0,0.0,0.0
None,542,308,0.0,0.0,0.0,0.0,0.0,0.0
None,240,520,0.0,0.0,0.0,0.0,0.0,0.0
Cc1ccc(C)c2c(N3C(=O)c4c(C5OC5c5c(-c6ccc7c(c6)C(=O)N(C)C7=O)ccc6c5C(=O)OC6=O)cc5ccccc5c4C3=O)ccc(C)c12,"145,227,275","823,316,115",72.68,42.27,103.27,356.43,4.25,0.349
None,448,559,0.0,0.0,0.0,0.0,0.0,0.0
CC1=C(C2CC(=O)N(C)C2=O)CCC2C(=O)N(C(C)c3ccc(C)cc3)C(=O)C12,484,54,78.35,51.76,94.09,358.73,4.05,0.3655
None,"41,284,194,272","404,530,784,553",0.0,0.0,0.0,0.0,0.0,0.0
None,"71,23","581,179",0.0,0.0,0.0,0.0,0.0,0.0
Cc1ccc(-c2cccc(N3C(=O)C4C5(C)C(=O)N(C)C(=O)C5C4(C)C3=O)c2C)cc1,555,96,73.84,40.4,96.02,444.8,3.96,0.396
None,"99,211","964,750",0.0,0.0,0.0,0.0,0.0,0.0
None,280,847,0.0,0.0,0.0,0.0,0.0,0.0
None,"115,559","508,887",0.0,0.0,0.0,0.0,0.0,0.0
None,"565,253","40,137",0.0,0.0,0.0,0.0,0.0,0.0
None,234,957,0.0,0.0,0.0,0.0,0.0,0.0
None,294,321,0.0,0.0,0.0,0.0,0.0,0.0
None,529,933,0.0,0.0,0.0,0.0,0.0,0.0
None,56,478,0.0,0.0,0.0,0.0,0.0,0.0
None,"13,268","518,142",0.0,0.0,0.0,0.0,0.0,0.0
None,490,799,0.0,0.0,0.0,0.0,0.0,0.0
CC1=CC(F)(F)C(c2ccc(N3C(=O)C4Cc5cc6c(cc5CC4C3=O)C(=O)N(C)C6=O)cc2)C=C1,245,927,82.44,58.66,93.15,346.35,4.14,0.361
None,263,995,0.0,0.0,0.0,0.0,0.0,0.0
None,148,40,0.0,0.0,0.0,0.0,0.0,0.0
Cc1ccc2oc(-c3ccc(N4C(=O)c5ccc(S(=O)(=O)c6ccc7c(c6)C(=O)N(C)C7=O)cc5C4=O)cc3)nc2c1,562,649,66.44,40.62,105.77,351.32,2.71,0.3894
Cc1ccc(C(C)N2C(=O)CC3(CC4CC3C3C5C(=O)N(C)C(=O)C5C43)C2=O)cc1,"113,410","54,493",78.65,52.73,88.53,340.79,5.76,0.3076
None,261,175,0.0,0.0,0.0,0.0,0.0,0.0
None,429,313,0.0,0.0,0.0,0.0,0.0,0.0
None,422,137,0.0,0.0,0.0,0.0,0.0,0.0
None,0,575,0.0,0.0,0.0,0.0,0.0,0.0
Cc1ccc(C(C(C)C)N2C(=O)c3ccc(-c4cc5c(=O)oc(=O)c5c5c(C)cc6c(=O)n(C)c(=O)c6c45)cc3C2=O)cc1,182,15,51.86,35.62,97.66,432.87,3.65,0.2929
CN1C(=O)C2C3CCC(C2C1=O)C1C(=O)N(c2ccc(OC4=CC=CC(C)(C)C4)cc2)C(=O)C31,496,403,81.24,55.7,96.65,322.0,5.06,0.3086
None,518,525,0.0,0.0,0.0,0.0,0.0,0.0
None,511,471,0.0,0.0,0.0,0.0,0.0,0.0
None,489,131,0.0,0.0,0.0,0.0,0.0,0.0
None,322,635,0.0,0.0,0.0,0.0,0.0,0.0
None,527,376,0.0,0.0,0.0,0.0,0.0,0.0
None,204,356,0.0,0.0,0.0,0.0,0.0,0.0
None,185,244,0.0,0.0,0.0,0.0,0.0,0.0
None,167,526,0.0,0.0,0.0,0.0,0.0,0.0
None,207,301,0.0,0.0,0.0,0.0,0.0,0.0
None,39,286,0.0,0.0,0.0,0.0,0.0,0.0
None,473,352,0.0,0.0,0.0,0.0,0.0,0.0
None,285,199,0.0,0.0,0.0,0.0,0.0,0.0
None,"131,369","667,847",0.0,0.0,0.0,0.0,0.0,0.0
Cc1ccc2cccc(C)c2c1N1C(=O)c2ccc(-c3cc(C#Cc4ccccc4)c4c(c3)C(=O)N(C)C4=O)cc2C1=O,108,254,3.99,38.92,152.33,308.38,2.99,0.023
None,130,139,0.0,0.0,0.0,0.0,0.0,0.0
Cc1ccc(-c2cccc(N3C(=O)c4cc5cc6ccccc6c(-c6ccc7c(c6)C(=O)N(C)C7=O)c5cc4C3=O)c2)cc1,74,95,0.41,32.25,186.53,345.34,2.67,0.0026
None,34,8,0.0,0.0,0.0,0.0,0.0,0.0
None,43,873,0.0,0.0,0.0,0.0,0.0,0.0
None,432,162,0.0,0.0,0.0,0.0,0.0,0.0
None,438,113,0.0,0.0,0.0,0.0,0.0,0.0
None,90,432,0.0,0.0,0.0,0.0,0.0,0.0
None,127,743,0.0,0.0,0.0,0.0,0.0,0.0
Cc1ccc2c(c1)cc(N1C(=O)C3CC4CC5C(=O)N(C)C(=O)C5C4CC3C1=O)c1ccccc12,"105,351","212,211",79.31,50.25,109.41,395.98,4.13,0.3861
Cc1c(C)c(C)c(N2C(=O)c3cc4c(cc3C2=O)C2C=CC4C3C(=O)N(C)C(=O)C23)c(C)c1C,217,991,76.47,13.43,98.45,484.89,4.88,0.4278
None,174,230,0.0,0.0,0.0,0.0,0.0,0.0
CC1=CC2(C)C3C(=O)N(C)C(=O)C3C1C1C(=O)N(c3cccc4c(C)cc#cc34)C(=O)C12,376,159,78.32,22.83,108.85,445.04,5.83,0.4047
None,"219,311,349,118","400,243,887,834",0.0,0.0,0.0,0.0,0.0,0.0
None,6,706,0.0,0.0,0.0,0.0,0.0,0.0
None,309,810,0.0,0.0,0.0,0.0,0.0,0.0
None,"538,529","444,566",0.0,0.0,0.0,0.0,0.0,0.0
None,498,162,0.0,0.0,0.0,0.0,0.0,0.0
None,36,378,0.0,0.0,0.0,0.0,0.0,0.0
None,"21,255","428,920",0.0,0.0,0.0,0.0,0.0,0.0
None,170,71,0.0,0.0,0.0,0.0,0.0,0.0
None,312,871,0.0,0.0,0.0,0.0,0.0,0.0
None,"504,213","226,974",0.0,0.0,0.0,0.0,0.0,0.0
None,566,753,0.0,0.0,0.0,0.0,0.0,0.0
None,571,608,0.0,0.0,0.0,0.0,0.0,0.0
None,432,558,0.0,0.0,0.0,0.0,0.0,0.0
None,163,246,0.0,0.0,0.0,0.0,0.0,0.0
None,76,572,0.0,0.0,0.0,0.0,0.0,0.0
Cc1cc(N2C(=O)C3C=CC(Cc4ccc5c(c4)C(=O)N(C)C5=O)=CC3C2=O)c2cccc(C)c2c1,"520,497","805,201",79.99,49.52,102.64,346.46,3.72,0.3945
None,"362,531","267,307",0.0,0.0,0.0,0.0,0.0,0.0
None,"336,306","514,328",0.0,0.0,0.0,0.0,0.0,0.0
None,365,52,0.0,0.0,0.0,0.0,0.0,0.0
None,"350,248,345","177,605,107",0.0,0.0,0.0,0.0,0.0,0.0
None,"113,95","405,292",0.0,0.0,0.0,0.0,0.0,0.0
None,"118,48","620,780",0.0,0.0,0.0,0.0,0.0,0.0
None,500,904,0.0,0.0,0.0,0.0,0.0,0.0
None,334,586,0.0,0.0,0.0,0.0,0.0,0.0
None,426,552,0.0,0.0,0.0,0.0,0.0,0.0
None,"117,313,58,405","24,243,470,173",0.0,0.0,0.0,0.0,0.0,0.0
None,235,151,0.0,0.0,0.0,0.0,0.0,0.0
None,"450,212,174","229,603,879",0.0,0.0,0.0,0.0,0.0,0.0
None,395,234,0.0,0.0,0.0,0.0,0.0,0.0
None,46,565,0.0,0.0,0.0,0.0,0.0,0.0
None,"136,244","683,658",0.0,0.0,0.0,0.0,0.0,0.0
None,324,487,0.0,0.0,0.0,0.0,0.0,0.0
Cc1cc(C(F)(F)C(F)(F)C(F)(F)C(F)(c2ccc(N3C(=O)C4C(C3=O)C3C5CC(C6C7C(=O)N(C)C(=O)C7C56)C43)cc2)C(F)(F)F)ccc1F,"411,426","965,367",84.36,51.66,93.74,365.63,6.02,0.3426
None,"164,225","927,757",0.0,0.0,0.0,0.0,0.0,0.0
None,"128,388","655,520",0.0,0.0,0.0,0.0,0.0,0.0
None,242,746,0.0,0.0,0.0,0.0,0.0,0.0
None,242,978,0.0,0.0,0.0,0.0,0.0,0.0
None,170,931,0.0,0.0,0.0,0.0,0.0,0.0
None,421,318,0.0,0.0,0.0,0.0,0.0,0.0
None,"156,205","692,532",0.0,0.0,0.0,0.0,0.0,0.0
None,15,516,0.0,0.0,0.0,0.0,0.0,0.0
CN1C(=O)C2OC3C(=O)N(c4ccc(C5(C)CCCCC5)cc4)C(=O)C3C2C1=O,471,921,70.62,29.57,100.13,396.55,3.97,0.385
None,1,582,0.0,0.0,0.0,0.0,0.0,0.0
CN1C(=O)C2C(F)(C1=O)C1C(=O)N(c3ccc(C4(C)CCCCC4)cc3)C(=O)C21F,374,921,71.54,49.53,89.67,369.09,4.38,0.3236
None,571,766,0.0,0.0,0.0,0.0,0.0,0.0
Cc1ccc(N2C(=O)C3(C)C(C)(C2=O)C2(F)C(=O)N(C)C(=O)C32F)c2ccccc12,"122,363","704,261",73.65,42.09,141.0,365.42,4.28,0.3678
Cc1c(F)ccc2c(-n3c(=O)c4cc5ccc6cc7c(=O)n(C)c(=O)c7cc6ccc5cc4c3=O)c(F)ccc12,223,242,0.35,2.41,167.83,412.9,2.82,0.0025
CC1=C(N2C(=O)C3C4C(=O)N(C)C(=O)C4(F)C3(C)C2=O)C=CC(C)(c2ccc(C)cc2)C1,364,719,79.11,30.58,116.57,330.08,4.76,0.3726
None,"454,335","946,253",0.0,0.0,0.0,0.0,0.0,0.0
None,462,569,0.0,0.0,0.0,0.0,0.0,0.0
None,"84,491","261,170",0.0,0.0,0.0,0.0,0.0,0.0
None,509,956,0.0,0.0,0.0,0.0,0.0,0.0
None,199,820,0.0,0.0,0.0,0.0,0.0,0.0
CC1=CC=C(C2(c3ccc(N4C(=O)c5ccc(-c6c(C)cc(OC7=CC8C(=O)N(C)C(=O)C8C=C7)c(C)c6C)cc5C4=O)cc3)CCCCC2)CC1,"82,8","712,362",76.57,42.98,87.34,353.5,4.43,0.3507
None,0,637,0.0,0.0,0.0,0.0,0.0,0.0
None,166,317,0.0,0.0,0.0,0.0,0.0,0.0
Cc1ccc2c(c1)-c1cc(N3C(=O)c4ccc(CCCCC5=CC6C(=O)N(C)C(=O)C6C=C5)cc4C3=O)ccc1C21c2ccccc2Oc2ccccc21,151,0,57.94,42.23,92.79,346.81,4.61,0.2594
None,"135,196","243,672",0.0,0.0,0.0,0.0,0.0,0.0
None,307,841,0.0,0.0,0.0,0.0,0.0,0.0
None,335,857,0.0,0.0,0.0,0.0,0.0,0.0
None,486,788,0.0,0.0,0.0,0.0,0.0,0.0
None,"82,492","496,980",0.0,0.0,0.0,0.0,0.0,0.0
None,"28,278,311","902,603,173",0.0,0.0,0.0,0.0,0.0,0.0
None,418,989,0.0,0.0,0.0,0.0,0.0,0.0
Cc1c2c(=O)oc(=O)c2c(-c2ccc3c(c2)C(=O)N(C2CCC(C)CC2)C3=O)c2c(=O)n(C)c(=O)c12,502,994,11.25,14.91,143.55,419.59,3.06,0.0755
Cc1ccc(C(=Nc2ccccc2)c2ccc(N3C(=O)c4ccc(C5CC(=O)N(C)C5=O)cc4C3=O)cc2)cc1,69,869,18.35,34.32,103.4,317.21,3.12,0.1027
None,345,417,0.0,0.0,0.0,0.0,0.0,0.0
None,"410,463","907,757",0.0,0.0,0.0,0.0,0.0,0.0
None,309,282,0.0,0.0,0.0,0.0,0.0,0.0
None,456,165,0.0,0.0,0.0,0.0,0.0,0.0
Cc1ccc(N2C(=O)c3ccc(C(C)(C)CCCCC(C)(C)C4CCC5(CC4)CC(=O)N(C)C5=O)cc3C2=O)c2c(C)cccc12,"321,332","979,124",78.74,63.19,96.84,308.99,3.76,0.3454
None,344,340,0.0,0.0,0.0,0.0,0.0,0.0
None,"437,491","758,602",0.0,0.0,0.0,0.0,0.0,0.0
None,"165,293","505,600",0.0,0.0,0.0,0.0,0.0,0.0
None,523,608,0.0,0.0,0.0,0.0,0.0,0.0
None,479,332,0.0,0.0,0.0,0.0,0.0,0.0
None,550,131,0.0,0.0,0.0,0.0,0.0,0.0
Cc1ccc2c(cnc3cc(N4C(=O)C5=CC(Oc6ccc7c(c6)C(=O)N(C)C7=O)=CCC5C4=O)ccc32)c1,22,512,21.07,43.12,96.23,334.72,3.58,0.1076
None,486,466,0.0,0.0,0.0,0.0,0.0,0.0
None,280,433,0.0,0.0,0.0,0.0,0.0,0.0
None,60,814,0.0,0.0,0.0,0.0,0.0,0.0
None,48,999,0.0,0.0,0.0,0.0,0.0,0.0
None,513,787,0.0,0.0,0.0,0.0,0.0,0.0
None,23,578,0.0,0.0,0.0,0.0,0.0,0.0
Cc1ccc(-c2coc(C3(N4C(=O)C5Cc6cc7c(cc6CC5C4=O)C(=O)N(C)C7=O)CC3)n2)cc1,"142,245","514,101",76.81,45.56,123.17,353.07,3.93,0.3848
None,137,400,0.0,0.0,0.0,0.0,0.0,0.0
None,"324,121,32","494,437,965",0.0,0.0,0.0,0.0,0.0,0.0
None,402,82,0.0,0.0,0.0,0.0,0.0,0.0
None,531,984,0.0,0.0,0.0,0.0,0.0,0.0
CC1=C(C2CC(=O)N(c3ccc4c(c3)S(=O)(=O)c3cc(C)ccc3C4)C2=O)CCC2C(=O)N(C)C(=O)C12,484,898,80.33,45.17,85.36,323.17,4.33,0.3584
None,"325,445","160,705",0.0,0.0,0.0,0.0,0.0,0.0
None,"136,97","259,285",0.0,0.0,0.0,0.0,0.0,0.0
None,383,0,0.0,0.0,0.0,0.0,0.0,0.0
None,272,999,0.0,0.0,0.0,0.0,0.0,0.0
Cc1ccc2c(F)c(N3C(=O)c4ccc(C5(c6ccc7c(c6)C(=O)N(C)C7=O)c6ccccc6-c6ccccc65)cc4C3=O)ccc2c1F,570,230,9.65,35.93,114.83,375.17,3.15,0.0562
CC(=O)c1ccc(-n2c(=O)c3cc4ccc5cc6c(=O)n(C)c(=O)c6cc5ccc4cc3c2=O)cc1,223,864,0.23,-0.81,273.1,401.42,2.48,0.0018
None,447,958,0.0,0.0,0.0,0.0,0.0,0.0
None,"233,282,15","250,113,975",0.0,0.0,0.0,0.0,0.0,0.0
None,"506,50","994,986",0.0,0.0,0.0,0.0,0.0,0.0
None,268,823,0.0,0.0,0.0,0.0,0.0,0.0
None,207,360,0.0,0.0,0.0,0.0,0.0,0.0
None,"347,104","306,17",0.0,0.0,0.0,0.0,0.0,0.0
None,253,717,0.0,0.0,0.0,0.0,0.0,0.0
None,"176,121","452,180",0.0,0.0,0.0,0.0,0.0,0.0
None,213,941,0.0,0.0,0.0,0.0,0.0,0.0
None,312,823,0.0,0.0,0.0,0.0,0.0,0.0
None,72,570,0.0,0.0,0.0,0.0,0.0,0.0
None,65,95,0.0,0.0,0.0,0.0,0.0,0.0
None,269,70,0.0,0.0,0.0,0.0,0.0,0.0
None,511,927,0.0,0.0,0.0,0.0,0.0,0.0
None,"142,11","811,888",0.0,0.0,0.0,0.0,0.0,0.0
None,228,930,0.0,0.0,0.0,0.0,0.0,0.0
None,390,359,0.0,0.0,0.0,0.0,0.0,0.0
Cc1cccc2c(C#N)ccc(-n3c(=O)c4cc5ccc6c7cc8c(=O)n(C)c(=O)c8cc7ccc6c5cc4c3=O)c12,262,120,0.09,28.47,175.54,422.18,3.04,0.0006
None,"101,8","953,330",0.0,0.0,0.0,0.0,0.0,0.0
Cc1ccc2c(c1)OCCOc1ccc(N3C(=O)C4Cc5cc6c(cc5CC4C3=O)C(=O)N(C)C6=O)cc1OCCOCCO2,"282,245","386,940",80.44,61.98,95.42,266.07,4.16,0.3195
None,405,891,0.0,0.0,0.0,0.0,0.0,0.0
None,"350,345","860,19",0.0,0.0,0.0,0.0,0.0,0.0
None,271,928,0.0,0.0,0.0,0.0,0.0,0.0
None,527,335,0.0,0.0,0.0,0.0,0.0,0.0
None,548,475,0.0,0.0,0.0,0.0,0.0,0.0
None,455,1002,0.0,0.0,0.0,0.0,0.0,0.0
None,"219,518","684,209",0.0,0.0,0.0,0.0,0.0,0.0
None,359,565,0.0,0.0,0.0,0.0,0.0,0.0
None,452,944,0.0,0.0,0.0,0.0,0.0,0.0
None,250,587,0.0,0.0,0.0,0.0,0.0,0.0
None,"341,487","927,672",0.0,0.0,0.0,0.0,0.0,0.0
None,421,661,0.0,0.0,0.0,0.0,0.0,0.0
Cc1ccc2c(c1)C(c1ccc3c(c1)C(=O)N(C)C3=O)(c1ccc3c(c1)C(=O)N(c1ccc(-c4cc(C)c(C)c5ccccc45)cc1)C3=O)c1cc(C)ccc1-2,"91,190","992,960",41.02,31.67,110.75,374.67,3.18,0.2415
None,"499,270","773,588",0.0,0.0,0.0,0.0,0.0,0.0
Cc1ccc(-c2cnc(N3C(=O)C4C5CC(C4C3=O)C3(CC(=O)N(C)C3=O)C5)s2)cc1,358,846,77.73,42.91,90.31,317.49,5.37,0.3165
None,539,108,0.0,0.0,0.0,0.0,0.0,0.0
None,443,791,0.0,0.0,0.0,0.0,0.0,0.0
None,"350,523","286,869",0.0,0.0,0.0,0.0,0.0,0.0
None,432,612,0.0,0.0,0.0,0.0,0.0,0.0
Cc1c(C)c(N2C(=O)C3OC4C(=O)N(C)C(=O)C4C3C2=O)c2c(C)cccc2c1F,471,113,78.63,19.87,106.69,462.43,4.2,0.4588
None,"325,360","37,33",0.0,0.0,0.0,0.0,0.0,0.0
None,519,34,0.0,0.0,0.0,0.0,0.0,0.0
None,460,107,0.0,0.0,0.0,0.0,0.0,0.0
None,420,178,0.0,0.0,0.0,0.0,0.0,0.0
None,174,606,0.0,0.0,0.0,0.0,0.0,0.0
None,213,374,0.0,0.0,0.0,0.0,0.0,0.0
None,475,363,0.0,0.0,0.0,0.0,0.0,0.0
None,"12,305","974,768",0.0,0.0,0.0,0.0,0.0,0.0
None,65,971,0.0,0.0,0.0,0.0,0.0,0.0
None,523,936,0.0,0.0,0.0,0.0,0.0,0.0
None,310,813,0.0,0.0,0.0,0.0,0.0,0.0
Cc1ccc2c(c1)sc1cc(-n3c(=O)c4c(C5=CC=CC6CC56)c5c(=O)n(C)c(=O)c5c(-c5ccc6c(c5)C(=O)OC6=O)c4c3=O)ccc12,401,529,10.63,36.42,92.73,373.9,4.34,0.0522
None,37,12,0.0,0.0,0.0,0.0,0.0,0.0
None,170,722,0.0,0.0,0.0,0.0,0.0,0.0
None,418,589,0.0,0.0,0.0,0.0,0.0,0.0
None,260,444,0.0,0.0,0.0,0.0,0.0,0.0
Cc1cc2c(cc1C)Nc1cc(C)c(N3C(=O)c4ccc(C5C=CC=C6C(=O)N(C)C(=O)C65)cc4C3=O)cc1C2,"522,558","758,658",66.66,52.97,99.96,433.13,4.02,0.3319
None,"201,132","597,620",0.0,0.0,0.0,0.0,0.0,0.0
None,503,708,0.0,0.0,0.0,0.0,0.0,0.0
None,511,144,0.0,0.0,0.0,0.0,0.0,0.0
None,541,453,0.0,0.0,0.0,0.0,0.0,0.0
None,42,808,0.0,0.0,0.0,0.0,0.0,0.0
CC#CCOC=COc1c(F)cc(C(C)(CC(C)(C)C)c2ccc(N3C(=O)C4C(C3=O)C3C5C=CC(C6C(=O)N(C)C(=O)C56)C43)cc2)cc1F,"458,375,130,2","720,469,276,301",84.41,55.64,87.68,283.41,6.16,0.3043
None,432,717,0.0,0.0,0.0,0.0,0.0,0.0
None,511,264,0.0,0.0,0.0,0.0,0.0,0.0
None,569,846,0.0,0.0,0.0,0.0,0.0,0.0
None,"92,250","185,531",0.0,0.0,0.0,0.0,0.0,0.0
None,"483,151","500,567",0.0,0.0,0.0,0.0,0.0,0.0
None,430,453,0.0,0.0,0.0,0.0,0.0,0.0
None,257,695,0.0,0.0,0.0,0.0,0.0,0.0
None,"38,428","440,534",0.0,0.0,0.0,0.0,0.0,0.0
Cc1cc(C)c2ccc3c(N4C(=O)c5cc6c(cc5C4=O)C4CCC6C5C(=O)N(C)C(=O)C45)cc(C)c4ccc1c2c43,"324,216","591,900",81.04,23.69,109.15,461.4,4.87,0.4295
Cc1ccc2nc3ccc(N4C(=O)c5ccc(C6(c7ccc8c(c7)C(=O)N(C)C8=O)CCc7ccccc76)cc5C4=O)cc3c(C)c2c1,202,662,39.01,30.95,141.09,370.15,3.58,0.2246
None,559,299,0.0,0.0,0.0,0.0,0.0,0.0
None,421,92,0.0,0.0,0.0,0.0,0.0,0.0
None,249,878,0.0,0.0,0.0,0.0,0.0,0.0
None,50,28,0.0,0.0,0.0,0.0,0.0,0.0
None,2,877,0.0,0.0,0.0,0.0,0.0,0.0
None,146,951,0.0,0.0,0.0,0.0,0.0,0.0
None,"526,460","808,896",0.0,0.0,0.0,0.0,0.0,0.0
None,534,445,0.0,0.0,0.0,0.0,0.0,0.0
None,"297,399","817,155",0.0,0.0,0.0,0.0,0.0,0.0
None,384,269,0.0,0.0,0.0,0.0,0.0,0.0
None,560,870,0.0,0.0,0.0,0.0,0.0,0.0
None,389,239,0.0,0.0,0.0,0.0,0.0,0.0
None,359,375,0.0,0.0,0.0,0.0,0.0,0.0
None,"368,96","504,40",0.0,0.0,0.0,0.0,0.0,0.0
None,"88,163","934,381",0.0,0.0,0.0,0.0,0.0,0.0
None,135,888,0.0,0.0,0.0,0.0,0.0,0.0
None,"286,421","946,177",0.0,0.0,0.0,0.0,0.0,0.0
None,312,794,0.0,0.0,0.0,0.0,0.0,0.0
Cc1ccc(C2=CC=C(N3C(=O)C4=CCC(c5ccc6c(c5)C(=O)N(C)C6=O)C=C4C3=O)C(F)(F)C2)cc1,"23,284,357","716,462,931",67.94,52.87,94.52,342.01,3.99,0.3134
None,184,564,0.0,0.0,0.0,0.0,0.0,0.0
None,285,750,0.0,0.0,0.0,0.0,0.0,0.0
C=C(c1ccc(C)cc1F)n1c(=O)c2c(C)c3c(=O)n(C)c(=O)c3c(-c3ccc4c(c3)C(=O)OC4=O)c2c1=O,502,952,1.82,8.17,123.16,384.98,3.36,0.0117
None,"520,66","965,371",0.0,0.0,0.0,0.0,0.0,0.0
None,233,761,0.0,0.0,0.0,0.0,0.0,0.0
C=Cc1ccc2c(c1)C(c1ccc3c(c1)C(=O)N(C)C3=O)(c1ccc3c(c1)C(=O)N(c1ccc(C(C)(C=C)c4ccc(C)cc4C#N)cc1)C3=O)c1cc(C=C)ccc1-2,"315,150","701,551",46.31,62.43,101.39,333.04,4.2,0.1959
None,467,189,0.0,0.0,0.0,0.0,0.0,0.0
None,414,85,0.0,0.0,0.0,0.0,0.0,0.0
None,199,594,0.0,0.0,0.0,0.0,0.0,0.0
None,383,173,0.0,0.0,0.0,0.0,0.0,0.0
None,156,28,0.0,0.0,0.0,0.0,0.0,0.0
Cc1ccc2c(c1)OCCOCCOc1cc(N3C(=O)C4CC(C5CC(=O)N(C)C5=O)c5ccccc5C4C3=O)ccc1OCCO2,"564,461,438,557","543,20,382,391",85.52,61.32,84.03,240.85,4.55,0.3058
Cc1ccc2c(c1)OCCOCCOc1ccc(N3C(=O)C4C(C3=O)C3C5CC(C6C7C(=O)N(C)C(=O)C7C56)C43)cc1OCCOCCOCCO2,"411,95","792,392",82.69,58.98,72.26,328.45,6.09,0.3003
None,558,910,0.0,0.0,0.0,0.0,0.0,0.0
None,45,570,0.0,0.0,0.0,0.0,0.0,0.0
None,"125,406,73","996,802,690",0.0,0.0,0.0,0.0,0.0,0.0
None,"58,193,250","14,57,767",0.0,0.0,0.0,0.0,0.0,0.0
None,"565,195","525,307",0.0,0.0,0.0,0.0,0.0,0.0
None,138,570,0.0,0.0,0.0,0.0,0.0,0.0
Cc1ccc(-c2ccc(N3C(=O)CC(C4CC(=O)N(C)C4=O)C3=O)cc2)c(C#N)c1,543,551,66.77,42.39,121.8,280.13,3.21,0.352
Cc1cc2ccc(-n3c(=O)c4cc5ccc6cc7c(=O)n(C)c(=O)c7cc6ccc5cc4c3=O)cc2c2ccccc12,223,216,0.17,17.97,263.24,427.13,2.68,0.0013
None,419,554,0.0,0.0,0.0,0.0,0.0,0.0
None,346,734,0.0,0.0,0.0,0.0,0.0,0.0
None,104,998,0.0,0.0,0.0,0.0,0.0,0.0
None,416,608,0.0,0.0,0.0,0.0,0.0,0.0
None,328,712,0.0,0.0,0.0,0.0,0.0,0.0
Cc1ccc(S(=O)(=O)c2ccc(N3C(=O)c4ccc(-c5ccc6cc7c(cc6c5)C(=O)N(C)C7=O)cc4C3=O)cc2)c(C#N)c1,205,813,31.74,42.56,101.48,332.33,2.86,0.1783
Cc1ccc(C#CC#Cc2ccc(N3C(=O)C4=CC=CC(c5ccc6c(c5)C(=O)N(C)C6=O)C4C3=O)c(F)c2)cc1F,522,481,78.28,58.19,107.23,285.1,4.09,0.3322
None,477,573,0.0,0.0,0.0,0.0,0.0,0.0
Cc1ccc(F)c2c(-n3c(=O)c4c5ccccccc6c7c(=O)n(C)c(=O)c7c7ccccccc(c4c3=O)c7c65)cccc12,237,234,0.89,39.11,217.91,387.21,3.29,0.0055
None,266,53,0.0,0.0,0.0,0.0,0.0,0.0
None,464,803,0.0,0.0,0.0,0.0,0.0,0.0
None,511,443,0.0,0.0,0.0,0.0,0.0,0.0
Cc1ccc(N2C(=O)c3ccc(-c4ccc5c(c4)C(=O)N(C)C5=O)cc3C2=O)c2cc3ccccc3cc12,1,606,0.86,23.95,197.36,355.63,2.56,0.0059
None,"236,269","107,165",0.0,0.0,0.0,0.0,0.0,0.0
None,477,996,0.0,0.0,0.0,0.0,0.0,0.0
None,357,707,0.0,0.0,0.0,0.0,0.0,0.0
None,"136,188","759,816",0.0,0.0,0.0,0.0,0.0,0.0
None,42,519,0.0,0.0,0.0,0.0,0.0,0.0
None,293,606,0.0,0.0,0.0,0.0,0.0,0.0
None,387,28,0.0,0.0,0.0,0.0,0.0,0.0
None,402,558,0.0,0.0,0.0,0.0,0.0,0.0
None,466,222,0.0,0.0,0.0,0.0,0.0,0.0
None,"302,298","204,770",0.0,0.0,0.0,0.0,0.0,0.0
None,"142,67","222,86",0.0,0.0,0.0,0.0,0.0,0.0
Cc1ccc2c(c1)NC(=O)C2(C)c1ccc(N2C(=O)C3C4(F)C(=O)N(C)C(=O)C4C3(F)C2=O)cc1,"207,374","802,7",76.66,24.06,92.72,408.69,4.64,0.3954
Cc1ccc(S(=O)(=O)c2ccc(N3C(=O)c4ccc(S(C)(C)c5ccc6c(c5)C(=O)N(C)C6=O)cc4C3=O)cc2Cl)c(Cl)c1,380,815,79.13,49.51,93.7,278.11,3.06,0.4002
None,348,750,0.0,0.0,0.0,0.0,0.0,0.0
None,263,396,0.0,0.0,0.0,0.0,0.0,0.0
None,434,279,0.0,0.0,0.0,0.0,0.0,0.0
None,244,346,0.0,0.0,0.0,0.0,0.0,0.0
None,173,743,0.0,0.0,0.0,0.0,0.0,0.0
None,1,369,0.0,0.0,0.0,0.0,0.0,0.0
None,574,349,0.0,0.0,0.0,0.0,0.0,0.0
None,163,317,0.0,0.0,0.0,0.0,0.0,0.0
None,"550,132","440,839",0.0,0.0,0.0,0.0,0.0,0.0
None,168,983,0.0,0.0,0.0,0.0,0.0,0.0
None,15,700,0.0,0.0,0.0,0.0,0.0,0.0
None,271,308,0.0,0.0,0.0,0.0,0.0,0.0
None,560,343,0.0,0.0,0.0,0.0,0.0,0.0
None,383,882,0.0,0.0,0.0,0.0,0.0,0.0
None,"19,54","581,397",0.0,0.0,0.0,0.0,0.0,0.0
None,59,174,0.0,0.0,0.0,0.0,0.0,0.0
Cc1ccc2cccc3c2c1C(N1C(=O)c2c(F)cc(-c4ccc5c(c4)C(=O)N(C)C5=O)c(F)c2C1=O)=C3,327,111,4.11,24.03,149.72,348.48,3.15,0.0254
Cc1ccc2c(c1)S(=O)(=O)c1cc(-n3c(=O)c4c(C)c5c(=O)oc(=O)c5c(-c5cc6c(cc5-c5ccc7c(c5)C(=O)N(C)C7=O)C(=O)OC6=O)c4c3=O)ccc1C2,"60,502","898,170",28.68,29.74,91.16,360.03,3.93,0.1517
None,247,359,0.0,0.0,0.0,0.0,0.0,0.0
None,242,727,0.0,0.0,0.0,0.0,0.0,0.0
None,113,269,0.0,0.0,0.0,0.0,0.0,0.0
None,244,389,0.0,0.0,0.0,0.0,0.0,0.0
Cc1ccc2c(N3C(=O)CC(C4CC5C(=O)N(C)C(=O)C5c5ccccc54)C3=O)cc(C)c(C)c2c1,"564,501","913,82",79.99,46.58,104.94,373.71,3.91,0.3998
None,"368,259","513,626",0.0,0.0,0.0,0.0,0.0,0.0
None,"424,452","178,785",0.0,0.0,0.0,0.0,0.0,0.0
None,429,563,0.0,0.0,0.0,0.0,0.0,0.0
None,269,34,0.0,0.0,0.0,0.0,0.0,0.0
None,98,766,0.0,0.0,0.0,0.0,0.0,0.0
None,569,464,0.0,0.0,0.0,0.0,0.0,0.0
None,459,816,0.0,0.0,0.0,0.0,0.0,0.0
Cc1c(O)cc(-c2ccc(N3C(=O)C4=C(c5ccc6c(c5)C(=O)N(C)C6=O)C=CCC4C3=O)cc2)cc1Cl,516,882,11.35,21.73,103.09,353.28,3.51,0.0658
None,264,491,0.0,0.0,0.0,0.0,0.0,0.0
None,"26,254","548,558",0.0,0.0,0.0,0.0,0.0,0.0
None,49,174,0.0,0.0,0.0,0.0,0.0,0.0
None,72,560,0.0,0.0,0.0,0.0,0.0,0.0
None,252,731,0.0,0.0,0.0,0.0,0.0,0.0
None,412,686,0.0,0.0,0.0,0.0,0.0,0.0
None,224,576,0.0,0.0,0.0,0.0,0.0,0.0
None,431,975,0.0,0.0,0.0,0.0,0.0,0.0
None,571,444,0.0,0.0,0.0,0.0,0.0,0.0
None,"94,391,17,292","972,333,822,279",0.0,0.0,0.0,0.0,0.0,0.0
None,"358,483","469,78",0.0,0.0,0.0,0.0,0.0,0.0
None,73,458,0.0,0.0,0.0,0.0,0.0,0.0
None,413,929,0.0,0.0,0.0,0.0,0.0,0.0
None,491,756,0.0,0.0,0.0,0.0,0.0,0.0
None,128,392,0.0,0.0,0.0,0.0,0.0,0.0
None,397,970,0.0,0.0,0.0,0.0,0.0,0.0
None,167,842,0.0,0.0,0.0,0.0,0.0,0.0
Cc1cc2ccc(N3C(=O)C4C=CC(Cc5ccc6c(c5)C(=O)N(C)C6=O)=CC4C3=O)cc2c2cc3ccccc3cc12,520,567,63.07,41.79,103.79,353.02,3.81,0.3214
None,95,743,0.0,0.0,0.0,0.0,0.0,0.0
Cc1ccc2c(c1)sc1cc(N3C(=O)c4ccc(-c5cc(COF)cc6c5C(=O)N(C)C6=O)cc4C3=O)ccc12,"165,71,328","529,933,573",4.82,49.15,100.99,282.76,3.06,0.0247
None,412,134,0.0,0.0,0.0,0.0,0.0,0.0
None,259,965,0.0,0.0,0.0,0.0,0.0,0.0
None,305,201,0.0,0.0,0.0,0.0,0.0,0.0
None,135,909,0.0,0.0,0.0,0.0,0.0,0.0
None,49,124,0.0,0.0,0.0,0.0,0.0,0.0
None,357,202,0.0,0.0,0.0,0.0,0.0,0.0
None,279,265,0.0,0.0,0.0,0.0,0.0,0.0
None,396,677,0.0,0.0,0.0,0.0,0.0,0.0
None,61,473,0.0,0.0,0.0,0.0,0.0,0.0
None,361,206,0.0,0.0,0.0,0.0,0.0,0.0
None,271,423,0.0,0.0,0.0,0.0,0.0,0.0
None,408,154,0.0,0.0,0.0,0.0,0.0,0.0
None,281,162,0.0,0.0,0.0,0.0,0.0,0.0
Cc1cc(F)c2c(F)c(N3C(=O)c4ccc(C5=C6C(=O)N(C)C(=O)C6CC=C5)cc4C3=O)ccc2c1,516,226,26.25,34.99,97.01,333.04,3.64,0.1383
None,395,80,0.0,0.0,0.0,0.0,0.0,0.0
None,385,523,0.0,0.0,0.0,0.0,0.0,0.0
None,"573,569","788,717",0.0,0.0,0.0,0.0,0.0,0.0
None,310,435,0.0,0.0,0.0,0.0,0.0,0.0
None,"262,392,172,574","31,854,733,910",0.0,0.0,0.0,0.0,0.0,0.0
None,533,784,0.0,0.0,0.0,0.0,0.0,0.0
None,224,750,0.0,0.0,0.0,0.0,0.0,0.0
Cc1ccc(-c2ccc(N3C(=O)c4ccc(C5(c6ccc7c(c6)C(=O)N(C)C7=O)c6cc(C)ccc6-c6ccc(C)cc65)cc4C3=O)cc2)nc1,190,534,18.58,28.17,116.69,365.68,3.07,0.1122
None,"221,284","704,134",0.0,0.0,0.0,0.0,0.0,0.0
None,0,212,0.0,0.0,0.0,0.0,0.0,0.0
None,196,81,0.0,0.0,0.0,0.0,0.0,0.0
None,549,312,0.0,0.0,0.0,0.0,0.0,0.0
None,428,58,0.0,0.0,0.0,0.0,0.0,0.0
None,477,341,0.0,0.0,0.0,0.0,0.0,0.0
None,264,600,0.0,0.0,0.0,0.0,0.0,0.0
None,394,220,0.0,0.0,0.0,0.0,0.0,0.0
None,236,857,0.0,0.0,0.0,0.0,0.0,0.0
None,403,310,0.0,0.0,0.0,0.0,0.0,0.0
None,456,249,0.0,0.0,0.0,0.0,0.0,0.0
None,170,858,0.0,0.0,0.0,0.0,0.0,0.0
None,359,956,0.0,0.0,0.0,0.0,0.0,0.0
None,"341,110","252,109",0.0,0.0,0.0,0.0,0.0,0.0
None,"321,391","928,855",0.0,0.0,0.0,0.0,0.0,0.0
None,283,375,0.0,0.0,0.0,0.0,0.0,0.0
None,468,508,0.0,0.0,0.0,0.0,0.0,0.0
None,"54,524","762,558",0.0,0.0,0.0,0.0,0.0,0.0
None,274,344,0.0,0.0,0.0,0.0,0.0,0.0
None,"515,545","741,790",0.0,0.0,0.0,0.0,0.0,0.0
None,"510,57","129,266",0.0,0.0,0.0,0.0,0.0,0.0
None,"80,554","765,596",0.0,0.0,0.0,0.0,0.0,0.0
Cc1ccc(F)c2c(-n3c(=O)c4cc5ccc6cc7c(=O)n(C)c(=O)c7cc6ccc5cc4c3=O)ccc(F)c12,223,235,0.41,2.93,167.84,395.2,2.86,0.0029
None,"63,405","165,184",0.0,0.0,0.0,0.0,0.0,0.0
Cc1ccc2nc3ccc(N4C(=O)c5ccc(C(=O)C6=CC=C7C(=O)N(C)C(=O)C7C6)cc5C4=O)cc3nc2c1,"336,470","936,668",9.1,15.64,103.3,358.97,3.59,0.0539
None,"134,170","64,809",0.0,0.0,0.0,0.0,0.0,0.0
None,"256,337","709,857",0.0,0.0,0.0,0.0,0.0,0.0
None,"251,510","33,897",0.0,0.0,0.0,0.0,0.0,0.0
None,344,750,0.0,0.0,0.0,0.0,0.0,0.0
None,346,889,0.0,0.0,0.0,0.0,0.0,0.0
None,252,509,0.0,0.0,0.0,0.0,0.0,0.0
None,"40,473","405,302",0.0,0.0,0.0,0.0,0.0,0.0
None,80,360,0.0,0.0,0.0,0.0,0.0,0.0
Cc1cc(C)c2c(N3C(=O)c4cc5c(cc4C3=O)C3CCC5C4C(=O)N(C)C(=O)C34)cc(C)cc2c1,"216,128","941,182",79.4,36.65,109.66,420.25,4.73,0.3896
None,44,290,0.0,0.0,0.0,0.0,0.0,0.0
None,513,682,0.0,0.0,0.0,0.0,0.0,0.0
None,"192,83","224,547",0.0,0.0,0.0,0.0,0.0,0.0
None,559,120,0.0,0.0,0.0,0.0,0.0,0.0
None,447,359,0.0,0.0,0.0,0.0,0.0,0.0
Cc1cccc2c1ccc1cccc(N3C(=O)C4C5C(=O)N(C)C(=O)C5C4C3=O)c12,544,209,76.92,27.55,133.45,429.09,3.66,0.4608
None,"186,306,469","995,389,291",0.0,0.0,0.0,0.0,0.0,0.0
None,50,884,0.0,0.0,0.0,0.0,0.0,0.0
Cc1ccc2c(c1)Oc1ccc(N3C(=O)C4C5C(=O)N(C)C(=O)C5C4C3=O)cc1O2,544,396,78.94,45.13,100.6,335.21,3.85,0.3868
None,413,4,0.0,0.0,0.0,0.0,0.0,0.0
None,"102,61,92,432","850,902,858,992",0.0,0.0,0.0,0.0,0.0,0.0
None,135,142,0.0,0.0,0.0,0.0,0.0,0.0
None,398,949,0.0,0.0,0.0,0.0,0.0,0.0
None,298,471,0.0,0.0,0.0,0.0,0.0,0.0
Cc1cc2c(cc1Br)-c1ccc(N3C(=O)C4C5CCC(C6C(=O)N(C)C(=O)C56)C4C3=O)cc1C2=O,496,506,77.08,25.61,111.14,399.85,4.82,0.3891
None,264,340,0.0,0.0,0.0,0.0,0.0,0.0
None,430,186,0.0,0.0,0.0,0.0,0.0,0.0
Cc1cc2c(C)cccc2cc1-c1ccc(N2C(=O)c3ccc(C4(c5ccc6c(c5)C(=O)N(C)C6=O)c5ccccc5-c5ccccc54)cc3C2=O)cc1,"114,570","167,161",10.55,39.3,121.54,373.18,3.12,0.061
None,524,714,0.0,0.0,0.0,0.0,0.0,0.0
None,80,892,0.0,0.0,0.0,0.0,0.0,0.0
None,"115,490","722,754",0.0,0.0,0.0,0.0,0.0,0.0
Cc1ccc2nc3ccc(N4C(=O)C5C(=O)N(C)C(=O)C5C4=O)cc3cc2c1,"573,355","671,760",76.44,10.23,138.73,407.26,3.32,0.5035
None,"282,467,45","724,618,662",0.0,0.0,0.0,0.0,0.0,0.0
None,"201,97","10,464",0.0,0.0,0.0,0.0,0.0,0.0
None,"219,525","298,411",0.0,0.0,0.0,0.0,0.0,0.0
None,"22,35","965,276",0.0,0.0,0.0,0.0,0.0,0.0
None,"182,443","276,365",0.0,0.0,0.0,0.0,0.0,0.0
None,394,60,0.0,0.0,0.0,0.0,0.0,0.0
None,125,134,0.0,0.0,0.0,0.0,0.0,0.0
None,250,173,0.0,0.0,0.0,0.0,0.0,0.0
None,73,165,0.0,0.0,0.0,0.0,0.0,0.0
None,66,45,0.0,0.0,0.0,0.0,0.0,0.0
None,405,626,0.0,0.0,0.0,0.0,0.0,0.0
None,48,880,0.0,0.0,0.0,0.0,0.0,0.0
Cc1ccc(OC2=CC=C(N3C(=O)c4c(C)c(C)c(-c5ccc6c(c5)C(=O)N(C)C6=O)c(C)c4C3=O)CC=C2)cc1,330,353,56.95,35.94,103.52,339.13,3.33,0.3135
None,464,374,0.0,0.0,0.0,0.0,0.0,0.0
None,257,747,0.0,0.0,0.0,0.0,0.0,0.0
None,423,74,0.0,0.0,0.0,0.0,0.0,0.0
None,229,890,0.0,0.0,0.0,0.0,0.0,0.0
None,"153,241","926,622",0.0,0.0,0.0,0.0,0.0,0.0
None,"102,136","491,350",0.0,0.0,0.0,0.0,0.0,0.0
Cc1ccc2ccc3c(N4C(=O)C5(F)C6(F)C(=O)N(C)C(=O)C6(F)C5(F)C4=O)ccc4ccc1c2c43,"81,362","637,629",76.09,12.28,126.93,348.28,4.49,0.416
None,49,934,0.0,0.0,0.0,0.0,0.0,0.0
None,523,318,0.0,0.0,0.0,0.0,0.0,0.0
None,39,87,0.0,0.0,0.0,0.0,0.0,0.0
None,253,309,0.0,0.0,0.0,0.0,0.0,0.0
CCCN1C(=O)C2(F)C3(F)C(=O)N(C)C(=O)C3(F)C2(F)C1=O,"362,348","733,983",80.52,54.47,126.74,301.34,4.76,0.3256
None,"315,441","740,816",0.0,0.0,0.0,0.0,0.0,0.0
Cc1c(C)c(-c2ccc3c(c2)C(=O)N(c2ccc(-c4cc(C)c5ccccc5c4)cc2)C3=O)c(C)c2c1C(=O)N(C)C2=O,330,83,15.29,22.36,144.91,389.66,2.84,0.1003
None,225,812,0.0,0.0,0.0,0.0,0.0,0.0
None,458,782,0.0,0.0,0.0,0.0,0.0,0.0
None,148,994,0.0,0.0,0.0,0.0,0.0,0.0
None,312,422,0.0,0.0,0.0,0.0,0.0,0.0
None,"236,66","940,235",0.0,0.0,0.0,0.0,0.0,0.0
None,271,816,0.0,0.0,0.0,0.0,0.0,0.0
None,66,470,0.0,0.0,0.0,0.0,0.0,0.0
None,"118,343","442,212",0.0,0.0,0.0,0.0,0.0,0.0
None,383,736,0.0,0.0,0.0,0.0,0.0,0.0
None,280,557,0.0,0.0,0.0,0.0,0.0,0.0
Cc1cc(N2C(=O)C3C=CC(c4ccc5c(c4)C(=O)N(C)C5=O)=CC3C2=O)c2ccc3cccc4ccc1c2c43,521,633,62.66,23.39,133.43,379.81,3.79,0.3641
None,390,964,0.0,0.0,0.0,0.0,0.0,0.0
C=C(C)c1ccc(N2C(=O)c3cc(-c4ccc5c(c4)C(=O)N(C)C5=O)cc(C#Cc4ccccc4)c3C2=O)cc1F,"108,118","331,952",1.73,33.47,149.47,272.86,2.98,0.0099
None,364,65,0.0,0.0,0.0,0.0,0.0,0.0
Cc1ccc(-n2c(=O)c3c4ccccccc5c6c(=O)n(C)c(=O)c6c6ccccccc(c3c2=O)c6c54)c2c1ccc1ccccc12,237,196,0.46,37.34,241.24,408.11,3.29,0.0029
None,257,728,0.0,0.0,0.0,0.0,0.0,0.0
None,545,927,0.0,0.0,0.0,0.0,0.0,0.0
None,244,305,0.0,0.0,0.0,0.0,0.0,0.0
Cc1ccc2cc(N3C(=O)c4ccc(C5C=C6C(=O)N(C)C(=O)C6=CC5)cc4C3=O)cc(F)c2c1,"23,441","402,453",27.89,42.88,97.66,330.35,3.52,0.1435
None,"330,34","556,721",0.0,0.0,0.0,0.0,0.0,0.0
None,"528,60,427","791,779,490",0.0,0.0,0.0,0.0,0.0,0.0
None,328,564,0.0,0.0,0.0,0.0,0.0,0.0
None,167,165,0.0,0.0,0.0,0.0,0.0,0.0
None,6,279,0.0,0.0,0.0,0.0,0.0,0.0
None,391,694,0.0,0.0,0.0,0.0,0.0,0.0
None,"129,446","481,600",0.0,0.0,0.0,0.0,0.0,0.0
None,48,759,0.0,0.0,0.0,0.0,0.0,0.0
None,168,50,0.0,0.0,0.0,0.0,0.0,0.0
None,210,24,0.0,0.0,0.0,0.0,0.0,0.0
Cc1cc(C)c(-n2c(=O)c3c4ccccccc5c6c(=O)n(C)c(=O)c6c6ccccccc(c3c2=O)c6c54)c(C)c1C,237,1002,6.82,35.74,155.68,448.54,3.22,0.0427
Cc1cc(OC2=CC=C3C(=O)N(C)C(=O)C3C2)cc(-c2ccc3c(c2)C(=O)N(c2ccc4c(c2)OCCOCCOc2cc(C)ccc2OCCOCCO4)C3=O)c1,"474,96","394,93",67.35,66.98,76.59,242.03,4.51,0.2311
None,308,996,0.0,0.0,0.0,0.0,0.0,0.0
None,529,92,0.0,0.0,0.0,0.0,0.0,0.0
Cc1cccc2ccc3c(N4C(=O)c5cc(-c6cccc7c6C(=O)OC7=O)cc(-c6ccc7c(c6)C(=O)N(C)C7=O)c5C4=O)cccc3c12,"165,6","209,133",0.61,32.62,138.94,347.76,3.17,0.0036
None,64,814,0.0,0.0,0.0,0.0,0.0,0.0
None,259,343,0.0,0.0,0.0,0.0,0.0,0.0
None,299,52,0.0,0.0,0.0,0.0,0.0,0.0
None,195,444,0.0,0.0,0.0,0.0,0.0,0.0
None,402,607,0.0,0.0,0.0,0.0,0.0,0.0
None,"113,215","423,96",0.0,0.0,0.0,0.0,0.0,0.0
None,27,436,0.0,0.0,0.0,0.0,0.0,0.0
Cc1c(F)cccc1N1C(=O)C2=CC=C(C(=O)c3ccc4c(c3)C(=O)N(C)C4=O)CC2C1=O,336,1,40.73,34.65,99.27,346.29,3.49,0.2216
Cc1cc(-c2ccc3c(c2)C(=O)N(c2cc4ccccc4c(C)c2C)C3=O)cc2c1C(=O)N(C)C2=O,536,605,13.22,24.66,154.29,372.87,2.71,0.0868
None,329,356,0.0,0.0,0.0,0.0,0.0,0.0
None,540,395,0.0,0.0,0.0,0.0,0.0,0.0
None,203,853,0.0,0.0,0.0,0.0,0.0,0.0
None,274,406,0.0,0.0,0.0,0.0,0.0,0.0
None,261,737,0.0,0.0,0.0,0.0,0.0,0.0
None,"471,312","762,821",0.0,0.0,0.0,0.0,0.0,0.0
None,"68,226","275,717",0.0,0.0,0.0,0.0,0.0,0.0
Cc1cccc2ccc3cccc(N4C(=O)c5ccc(C#CCCCCC#Cc6ccc7c(c6)C(=O)N(C)C7=O)cc5C4=O)c3c12,"526,218,415","568,674,210",0.84,58.9,131.07,234.47,3.14,0.004
None,113,305,0.0,0.0,0.0,0.0,0.0,0.0
None,39,673,0.0,0.0,0.0,0.0,0.0,0.0
None,257,456,0.0,0.0,0.0,0.0,0.0,0.0
None,386,508,0.0,0.0,0.0,0.0,0.0,0.0
None,"573,40","288,780",0.0,0.0,0.0,0.0,0.0,0.0
None,375,332,0.0,0.0,0.0,0.0,0.0,0.0
None,360,468,0.0,0.0,0.0,0.0,0.0,0.0
None,"306,310","15,615",0.0,0.0,0.0,0.0,0.0,0.0
None,568,307,0.0,0.0,0.0,0.0,0.0,0.0
CC1=CC(C)(C)C(c2ccc(N3C(=O)C4C=CC(c5ccc6c(c5)C(=O)N(C)C6=O)=CC4C3=O)cc2)=CC1(C)C,"60,339,521","932,713,994",80.24,16.01,99.57,326.52,4.18,0.4308
None,199,396,0.0,0.0,0.0,0.0,0.0,0.0
None,513,494,0.0,0.0,0.0,0.0,0.0,0.0
Cc1ccc2c(c1)Oc1ccc(N3C(=O)C4C=CC(C(c5ccc6c(c5)C(=O)N(C)C6=O)(C(F)(F)F)C(F)(F)F)=CC4C3=O)cc1O2,294,396,84.87,55.04,94.39,303.35,4.26,0.3584
None,140,829,0.0,0.0,0.0,0.0,0.0,0.0
None,285,24,0.0,0.0,0.0,0.0,0.0,0.0
None,569,798,0.0,0.0,0.0,0.0,0.0,0.0
None,492,586,0.0,0.0,0.0,0.0,0.0,0.0
Cc1cc(F)c2cc(N3C(=O)C4OC5C(=O)N(C)C(=O)C5C4C3=O)ccc2c1,471,453,76.19,17.75,117.48,410.59,3.89,0.4523
None,501,364,0.0,0.0,0.0,0.0,0.0,0.0
Cc1cc(-c2ccc3c(c2)C(=O)N(C)C3=O)cc2c1C(=O)N(c1ccc3c(F)c(C)ccc3c1F)C2=O,"536,158,106","408,694,230",5.22,10.54,140.49,370.41,2.86,0.0352
Cc1c(F)ccc2c(N3C(=O)C4CC=C(C(c5ccc6c(c5)C(=O)N(C)C6=O)(C(F)(F)F)C(F)(F)F)CC4C3=O)c(F)c(F)cc12,348,247,85.5,53.38,99.89,312.95,4.24,0.3712
None,537,638,0.0,0.0,0.0,0.0,0.0,0.0
None,261,313,0.0,0.0,0.0,0.0,0.0,0.0
Cc1cccc2cc3c(N4C(=O)c5ccc(C#Cc6ccc7c(c6)C(=O)N(C)C7=O)cc5C4=O)cccc3cc12,"14,493","629,326",1.31,48.15,169.3,306.0,2.78,0.0075
None,"111,462","860,166",0.0,0.0,0.0,0.0,0.0,0.0
Cc1ccc(S(=O)(=O)c2ccc(N3C(=O)C4OC5C(=O)N(C)C(=O)C5C4C3=O)cc2C#N)cc1,"112,471","813,749",74.91,44.54,88.99,326.4,3.98,0.3551
Cc1cc(C)c(N2C(=O)c3ccc(C4(C)CCC5C(=O)N(C)C(=O)C5C4)cc3C2=O)c(C)c1C,303,1002,77.77,42.65,110.35,425.53,3.91,0.4143
None,"108,132","710,318",0.0,0.0,0.0,0.0,0.0,0.0
None,31,141,0.0,0.0,0.0,0.0,0.0,0.0
Cc1ccc(C2(c3ccc(N4C(=O)C5C6C(=O)N(C)C(=O)C6(C)C5(C)C4=O)cc3)c3ccccc3C(=O)c3ccccc32)cc1,"370,475,211","929,423,851",80.47,37.96,107.35,351.15,4.16,0.3997
None,"197,487","955,887",0.0,0.0,0.0,0.0,0.0,0.0
None,"87,512","100,146",0.0,0.0,0.0,0.0,0.0,0.0
CC1=CCC(c2ccc(N3C(=O)C4C5(F)C(=O)N(C)C(=O)C5C4(F)C3=O)cc2)C=C1,374,284,78.73,53.6,98.39,371.84,4.68,0.3363
None,"270,195","440,977",0.0,0.0,0.0,0.0,0.0,0.0
None,149,884,0.0,0.0,0.0,0.0,0.0,0.0
None,308,119,0.0,0.0,0.0,0.0,0.0,0.0
None,274,451,0.0,0.0,0.0,0.0,0.0,0.0
None,180,409,0.0,0.0,0.0,0.0,0.0,0.0
None,71,766,0.0,0.0,0.0,0.0,0.0,0.0
None,280,927,0.0,0.0,0.0,0.0,0.0,0.0
None,"145,232","965,552",0.0,0.0,0.0,0.0,0.0,0.0
None,98,361,0.0,0.0,0.0,0.0,0.0,0.0
None,"230,288","708,847",0.0,0.0,0.0,0.0,0.0,0.0
None,502,136,0.0,0.0,0.0,0.0,0.0,0.0
None,569,600,0.0,0.0,0.0,0.0,0.0,0.0
None,33,909,0.0,0.0,0.0,0.0,0.0,0.0
Cc1cc(F)ccc1N1C(=O)c2ccc(-c3ccc4c(c3)C(=O)N(C)C4=O)c(F)c2C1=O,344,7,6.02,13.33,150.27,383.58,2.55,0.042
None,183,719,0.0,0.0,0.0,0.0,0.0,0.0
None,359,892,0.0,0.0,0.0,0.0,0.0,0.0
None,174,734,0.0,0.0,0.0,0.0,0.0,0.0
None,281,815,0.0,0.0,0.0,0.0,0.0,0.0
None,268,345,0.0,0.0,0.0,0.0,0.0,0.0
None,383,889,0.0,0.0,0.0,0.0,0.0,0.0
None,"142,546","733,570",0.0,0.0,0.0,0.0,0.0,0.0
None,29,422,0.0,0.0,0.0,0.0,0.0,0.0
None,401,868,0.0,0.0,0.0,0.0,0.0,0.0
None,187,224,0.0,0.0,0.0,0.0,0.0,0.0
None,339,362,0.0,0.0,0.0,0.0,0.0,0.0
None,459,797,0.0,0.0,0.0,0.0,0.0,0.0
None,56,515,0.0,0.0,0.0,0.0,0.0,0.0
None,534,296,0.0,0.0,0.0,0.0,0.0,0.0
None,"145,59","284,290",0.0,0.0,0.0,0.0,0.0,0.0
None,10,67,0.0,0.0,0.0,0.0,0.0,0.0
None,346,763,0.0,0.0,0.0,0.0,0.0,0.0
None,530,827,0.0,0.0,0.0,0.0,0.0,0.0
None,183,643,0.0,0.0,0.0,0.0,0.0,0.0
None,173,782,0.0,0.0,0.0,0.0,0.0,0.0
None,"251,125","616,715",0.0,0.0,0.0,0.0,0.0,0.0
None,"44,297","502,474",0.0,0.0,0.0,0.0,0.0,0.0
None,104,398,0.0,0.0,0.0,0.0,0.0,0.0
None,340,540,0.0,0.0,0.0,0.0,0.0,0.0
None,377,744,0.0,0.0,0.0,0.0,0.0,0.0
None,414,788,0.0,0.0,0.0,0.0,0.0,0.0
None,170,426,0.0,0.0,0.0,0.0,0.0,0.0
None,482,743,0.0,0.0,0.0,0.0,0.0,0.0
None,"449,36","708,892",0.0,0.0,0.0,0.0,0.0,0.0
None,234,798,0.0,0.0,0.0,0.0,0.0,0.0
Cc1ccc2c(c1)c(=O)[nH]c1cc(N3C(=O)C4C5C=CC(c6cc7c(cc65)C(=O)N(C)C7=O)C4C3=O)ccc12,217,499,77.01,15.44,116.36,477.0,4.77,0.4365
None,421,359,0.0,0.0,0.0,0.0,0.0,0.0
None,494,137,0.0,0.0,0.0,0.0,0.0,0.0
None,291,587,0.0,0.0,0.0,0.0,0.0,0.0
None,239,953,0.0,0.0,0.0,0.0,0.0,0.0
None,228,26,0.0,0.0,0.0,0.0,0.0,0.0
None,31,754,0.0,0.0,0.0,0.0,0.0,0.0
None,215,104,0.0,0.0,0.0,0.0,0.0,0.0
None,277,309,0.0,0.0,0.0,0.0,0.0,0.0
None,491,840,0.0,0.0,0.0,0.0,0.0,0.0
None,"342,132","222,493",0.0,0.0,0.0,0.0,0.0,0.0
None,475,538,0.0,0.0,0.0,0.0,0.0,0.0
None,"132,486","697,557",0.0,0.0,0.0,0.0,0.0,0.0
None,144,297,0.0,0.0,0.0,0.0,0.0,0.0
None,509,119,0.0,0.0,0.0,0.0,0.0,0.0
None,"366,494","555,248",0.0,0.0,0.0,0.0,0.0,0.0
None,65,940,0.0,0.0,0.0,0.0,0.0,0.0
None,185,836,0.0,0.0,0.0,0.0,0.0,0.0
None,66,981,0.0,0.0,0.0,0.0,0.0,0.0
Cc1c(F)c(F)c(S(=O)(=O)c2c(F)c(F)c(N3C(=O)C4C(C3=O)C3C5C=CC(C6C(=O)N(C)C(=O)C56)C43)c(F)c2F)c(F)c1F,458,793,83.36,24.3,79.35,392.88,5.79,0.3992
None,503,328,0.0,0.0,0.0,0.0,0.0,0.0
None,97,97,0.0,0.0,0.0,0.0,0.0,0.0
None,323,50,0.0,0.0,0.0,0.0,0.0,0.0
None,392,783,0.0,0.0,0.0,0.0,0.0,0.0
None,"424,276","993,823",0.0,0.0,0.0,0.0,0.0,0.0
None,195,816,0.0,0.0,0.0,0.0,0.0,0.0
Cc1c(O)cc(-c2ccc(N3C(=O)CC4(CCC(c5ccc6c(c5)C(=O)N(C)C6=O)CC4)C3=O)cc2)cc1Cl,332,882,15.51,47.84,116.52,412.65,3.38,0.0857
None,70,361,0.0,0.0,0.0,0.0,0.0,0.0
None,452,423,0.0,0.0,0.0,0.0,0.0,0.0
None,435,871,0.0,0.0,0.0,0.0,0.0,0.0
None,490,629,0.0,0.0,0.0,0.0,0.0,0.0
None,447,969,0.0,0.0,0.0,0.0,0.0,0.0
None,203,110,0.0,0.0,0.0,0.0,0.0,0.0
None,300,462,0.0,0.0,0.0,0.0,0.0,0.0
None,262,857,0.0,0.0,0.0,0.0,0.0,0.0
None,166,17,0.0,0.0,0.0,0.0,0.0,0.0
None,420,470,0.0,0.0,0.0,0.0,0.0,0.0
None,73,910,0.0,0.0,0.0,0.0,0.0,0.0
Cc1ccc2nc3ccc(N4C(=O)c5ccc(OC6=CC=C7C(=O)N(C)C(=O)C7C6)cc5C4=O)cc3cc2c1,96,671,19.56,40.35,96.18,321.86,3.57,0.1004
None,19,868,0.0,0.0,0.0,0.0,0.0,0.0
None,"119,445","276,272",0.0,0.0,0.0,0.0,0.0,0.0
Cc1ccc(-c2c3ccccc3c(N3C(=O)C4C5CC(C6C(=O)N(C)C(=O)C56)C4C3=O)c3ccccc23)cc1,"121,572","548,140",78.83,32.88,120.36,414.5,4.62,0.402
None,285,231,0.0,0.0,0.0,0.0,0.0,0.0
None,231,376,0.0,0.0,0.0,0.0,0.0,0.0
CN1C(=O)c2ccc(OC3=CC=CC4C(=O)N(c5ccc(OC6=CC=CC(C)(C)C6)cc5)C(=O)C34)cc2C1=O,7,403,81.95,58.7,96.13,265.96,4.1,0.3357
None,254,495,0.0,0.0,0.0,0.0,0.0,0.0
None,396,730,0.0,0.0,0.0,0.0,0.0,0.0
CC1=CC(C)Cc2c1cccc2N1C(=O)c2ccc(C3=CC=C4C(=O)N(C)C(=O)C4C3)cc2C1=O,508,171,74.52,44.39,93.44,330.08,4.03,0.3536
None,509,504,0.0,0.0,0.0,0.0,0.0,0.0
None,246,533,0.0,0.0,0.0,0.0,0.0,0.0
None,392,814,0.0,0.0,0.0,0.0,0.0,0.0
None,148,432,0.0,0.0,0.0,0.0,0.0,0.0
None,39,0,0.0,0.0,0.0,0.0,0.0,0.0
None,555,47,0.0,0.0,0.0,0.0,0.0,0.0
None,412,802,0.0,0.0,0.0,0.0,0.0,0.0
None,"20,478","251,93",0.0,0.0,0.0,0.0,0.0,0.0
None,"282,466","19,593",0.0,0.0,0.0,0.0,0.0,0.0
CCCCC(C)CCCc1ccc(N2C(=O)C3=CC=C(c4ccc5c(c4)C(=O)N(C)C5=O)C(C)C3C2=O)cc1,318,496,73.9,50.36,89.03,239.31,3.92,0.3168
None,"289,518","789,391",0.0,0.0,0.0,0.0,0.0,0.0
None,554,730,0.0,0.0,0.0,0.0,0.0,0.0
None,140,912,0.0,0.0,0.0,0.0,0.0,0.0
None,116,302,0.0,0.0,0.0,0.0,0.0,0.0
None,"284,333,267","845,64,237",0.0,0.0,0.0,0.0,0.0,0.0
Cc1ccc(C(C)CN2C(=O)C3C=CC(C4(c5ccc6c(c5)C(=O)N(C)C6=O)c5ccccc5-c5ccccc54)=CC3C2=O)cc1,47,29,82.2,47.34,87.71,365.62,4.12,0.3886
None,546,89,0.0,0.0,0.0,0.0,0.0,0.0
None,290,871,0.0,0.0,0.0,0.0,0.0,0.0
None,"347,462","797,376",0.0,0.0,0.0,0.0,0.0,0.0
None,567,686,0.0,0.0,0.0,0.0,0.0,0.0
None,103,761,0.0,0.0,0.0,0.0,0.0,0.0
None,"68,170","938,329",0.0,0.0,0.0,0.0,0.0,0.0
None,515,375,0.0,0.0,0.0,0.0,0.0,0.0
None,"325,32","393,740",0.0,0.0,0.0,0.0,0.0,0.0
None,455,4,0.0,0.0,0.0,0.0,0.0,0.0
None,495,701,0.0,0.0,0.0,0.0,0.0,0.0
None,275,515,0.0,0.0,0.0,0.0,0.0,0.0
None,150,888,0.0,0.0,0.0,0.0,0.0,0.0
None,162,177,0.0,0.0,0.0,0.0,0.0,0.0
None,"18,382","747,27",0.0,0.0,0.0,0.0,0.0,0.0
None,"156,369","642,898",0.0,0.0,0.0,0.0,0.0,0.0
None,548,923,0.0,0.0,0.0,0.0,0.0,0.0
Cc1ccc([Si](C)(C)c2ccc(N3C(=O)c4ccc(CCCCC5=CC6C(=O)N(C)C(=O)C6C=C5)cc4C3=O)cc2)cc1,151,808,76.58,38.07,97.36,240.32,3.95,0.3535
Cc1ccc(-n2ccc3c(N4C(=O)c5cc(-c6ccc7c(c6)C(=O)N(C)C7=O)cc(C)c5C4=O)nccc32)cc1,536,531,1.78,9.95,179.41,349.05,2.89,0.0122
None,"30,539","37,574",0.0,0.0,0.0,0.0,0.0,0.0
Cc1ccc(-c2sc(N3C(=O)C4=CC(Oc5ccc6c(c5)C(=O)N(C)C6=O)=CCC4C3=O)nc2C)cc1,22,511,69.55,46.38,90.8,307.74,3.61,0.339
Cc1ccc(OC2=CCC(N3C(=O)c4ccc(-c5c#ccc6c5C(=O)N(C)C6=O)cc4C3=O)C=C2)cc1,159,275,23.9,52.79,95.93,327.18,4.12,0.107
None,104,688,0.0,0.0,0.0,0.0,0.0,0.0
None,"99,167","61,258",0.0,0.0,0.0,0.0,0.0,0.0
None,"165,440","129,592",0.0,0.0,0.0,0.0,0.0,0.0
Cc1nnc(-c2ccc(N3C(=O)C4CCC(C5CCCC6C(=O)N(C)C(=O)C65)CC4C3=O)cc2)s1,352,504,79.78,49.83,85.3,293.72,4.14,0.3473
None,"79,218","554,711",0.0,0.0,0.0,0.0,0.0,0.0
None,171,227,0.0,0.0,0.0,0.0,0.0,0.0
Cc1ccc(-c2c(C)c(F)c(N3C(=O)c4ccc(OC5=CC=C6C(=O)N(C)C(=O)C6(C)C5)cc4C3=O)c(F)c2F)cc1,9,484,77.98,45.85,105.62,328.86,3.84,0.381
None,458,285,0.0,0.0,0.0,0.0,0.0,0.0
None,"45,208","634,464",0.0,0.0,0.0,0.0,0.0,0.0
C=Cc1cc2cccc(C)c2cc1C(=C)N1C(=O)C2=CCCC(c3ccc4c(c3)C(=O)N(C)C4=O)=C2C1=O,517,160,1.16,48.32,154.55,321.54,3.42,0.0061
None,254,691,0.0,0.0,0.0,0.0,0.0,0.0
None,"251,319","692,208",0.0,0.0,0.0,0.0,0.0,0.0
None,"94,460","895,768",0.0,0.0,0.0,0.0,0.0,0.0
Cc1ccc2cc(N3C(=O)C4C(C3=O)C3(F)C(=O)N(C)C(=O)C43F)c3cc4ccccc4cc3c2c1,373,567,78.95,32.1,133.94,388.29,4.16,0.425
None,61,880,0.0,0.0,0.0,0.0,0.0,0.0
None,180,245,0.0,0.0,0.0,0.0,0.0,0.0
None,147,479,0.0,0.0,0.0,0.0,0.0,0.0
None,"13,168","594,359",0.0,0.0,0.0,0.0,0.0,0.0
None,33,352,0.0,0.0,0.0,0.0,0.0,0.0
None,"83,197,85,122,310,34","458,838,395,938,994,458",0.0,0.0,0.0,0.0,0.0,0.0
None,90,1000,0.0,0.0,0.0,0.0,0.0,0.0
None,415,194,0.0,0.0,0.0,0.0,0.0,0.0
None,360,159,0.0,0.0,0.0,0.0,0.0,0.0
None,"454,17,284,483","825,501,231,842",0.0,0.0,0.0,0.0,0.0,0.0
None,525,404,0.0,0.0,0.0,0.0,0.0,0.0
None,252,926,0.0,0.0,0.0,0.0,0.0,0.0
None,288,236,0.0,0.0,0.0,0.0,0.0,0.0
None,457,397,0.0,0.0,0.0,0.0,0.0,0.0
None,36,190,0.0,0.0,0.0,0.0,0.0,0.0
Cc1cccc2cc3cc4cc5c(N6C(=O)C7CC8CCC9C(=O)N(C)C(=O)C9C8CC7C6=O)cccc5cc4cc3cc12,"86,117","568,572",81.35,49.3,106.57,400.29,4.42,0.3826
Cc1ccc2c(c1)sc1cc(N3C(=O)c4ccc(-c5cccc(C6(c7cccc(OC8=CC=CC9C(=O)N(C)C(=O)C89)c7)c7ccccc7-c7ccccc76)c5)cc4C3=O)ccc12,"51,7","529,477",62.06,46.33,85.02,368.13,4.39,0.2837
None,29,276,0.0,0.0,0.0,0.0,0.0,0.0
None,326,292,0.0,0.0,0.0,0.0,0.0,0.0
None,"331,170","808,15",0.0,0.0,0.0,0.0,0.0,0.0
None,"550,133","367,62",0.0,0.0,0.0,0.0,0.0,0.0
None,281,480,0.0,0.0,0.0,0.0,0.0,0.0
None,481,849,0.0,0.0,0.0,0.0,0.0,0.0
Cc1nnc(-c2ccc(N3C(=O)C4(C)C5(C)C(=O)N(C)C(=O)C5(C)C4(C)C3=O)cc2)s1,"284,377","504,860",70.58,11.54,96.95,337.14,4.19,0.3885
None,"520,574","714,312",0.0,0.0,0.0,0.0,0.0,0.0
None,"416,209","443,678",0.0,0.0,0.0,0.0,0.0,0.0
CCCCCCCN1C(=O)C2=CCCC(c3ccc4c(c3)C(=O)N(C)C4=O)=C2C1=O,"79,517","993,181",2.69,55.53,134.36,254.11,2.81,0.0139
Cc1ccc(-c2ccc3ccccc3c2-n2c(=O)c3c4ccccc4c4c(ccc5c6c(=O)n(C)c(=O)c6c6ccccc6c54)c3c2=O)cc1,283,580,0.19,32.75,228.79,428.93,2.93,0.0013
None,441,738,0.0,0.0,0.0,0.0,0.0,0.0
Cc1c(F)c(F)c(N2C(=O)C3C(C2=O)C2C4CC(C5C6CC(C45)C4C5C(=O)N(C)C(=O)C5C64)C32)c2ccccc12,"129,130,409","742,178,857",82.16,40.49,91.87,456.9,6.27,0.3859
None,149,886,0.0,0.0,0.0,0.0,0.0,0.0
None,552,226,0.0,0.0,0.0,0.0,0.0,0.0
Cc1cc2cccc(-n3c(=O)c4c5ccccc5c5c(ccc6c7c(=O)n(C)c(=O)c7c7ccccc7c65)c4c3=O)c2c(C)c1C,283,253,2.07,33.13,190.23,452.76,3.04,0.0137
None,"237,495","692,966",0.0,0.0,0.0,0.0,0.0,0.0
None,"35,100","686,369",0.0,0.0,0.0,0.0,0.0,0.0
None,"17,118","881,140",0.0,0.0,0.0,0.0,0.0,0.0
None,452,110,0.0,0.0,0.0,0.0,0.0,0.0
CCC(C)C(c1ccc(C)c(C)c1-c1ccc(C)cc1)(c1c(F)cc(-c2ccc(N3C(=O)c4cc#cc(-c5ccc6c(c5)C(=O)N(C)C6=O)c4C3=O)cc2)cc1F)C(C)CC,"159,448,206,530","469,690,568,70",79.88,28.73,87.95,392.68,4.76,0.3895
None,444,695,0.0,0.0,0.0,0.0,0.0,0.0
None,246,489,0.0,0.0,0.0,0.0,0.0,0.0
None,64,859,0.0,0.0,0.0,0.0,0.0,0.0
None,360,694,0.0,0.0,0.0,0.0,0.0,0.0
None,198,387,0.0,0.0,0.0,0.0,0.0,0.0
None,507,977,0.0,0.0,0.0,0.0,0.0,0.0
None,530,594,0.0,0.0,0.0,0.0,0.0,0.0
CC1=CC2(C)C3C(=O)N(C)C(=O)C3C1C1C(=O)N(c3cc(F)cc4c(C)ccc(F)c34)C(=O)C12,"376,575,443,295","618,272,918,237",79.73,18.49,99.68,409.46,5.2,0.406
None,416,480,0.0,0.0,0.0,0.0,0.0,0.0
None,"297,472","699,533",0.0,0.0,0.0,0.0,0.0,0.0
None,519,106,0.0,0.0,0.0,0.0,0.0,0.0
None,29,407,0.0,0.0,0.0,0.0,0.0,0.0
None,"349,479","970,554",0.0,0.0,0.0,0.0,0.0,0.0
None,"98,162","1,531",0.0,0.0,0.0,0.0,0.0,0.0
None,"92,63,404","764,189,258",0.0,0.0,0.0,0.0,0.0,0.0
None,213,150,0.0,0.0,0.0,0.0,0.0,0.0
Cc1cc(F)ccc1-n1c(=O)c2c3ccccccc4c5c(=O)n(C)c(=O)c5c5ccccccc(c2c1=O)c5c43,"237,63,325","923,46,7",1.11,37.61,217.15,369.53,3.1,0.0069
None,"111,462","817,740",0.0,0.0,0.0,0.0,0.0,0.0
None,566,879,0.0,0.0,0.0,0.0,0.0,0.0
None,"112,325","715,136",0.0,0.0,0.0,0.0,0.0,0.0
None,69,76,0.0,0.0,0.0,0.0,0.0,0.0
None,196,775,0.0,0.0,0.0,0.0,0.0,0.0
None,453,74,0.0,0.0,0.0,0.0,0.0,0.0
None,"544,479","907,65",0.0,0.0,0.0,0.0,0.0,0.0
None,421,961,0.0,0.0,0.0,0.0,0.0,0.0
None,258,106,0.0,0.0,0.0,0.0,0.0,0.0
None,412,796,0.0,0.0,0.0,0.0,0.0,0.0
None,9,909,0.0,0.0,0.0,0.0,0.0,0.0
None,177,457,0.0,0.0,0.0,0.0,0.0,0.0
None,225,649,0.0,0.0,0.0,0.0,0.0,0.0
Cc1ccc2c(c1)CCc1cc(N3C(=O)c4ccc(C5=CCC=C6C(=O)N(C)C(=O)C6=C5)cc4C3=O)ccc1CC2,514,919,1.21,39.21,107.59,329.98,3.2,0.0066
None,414,145,0.0,0.0,0.0,0.0,0.0,0.0
None,298,630,0.0,0.0,0.0,0.0,0.0,0.0
None,200,630,0.0,0.0,0.0,0.0,0.0,0.0
None,288,437,0.0,0.0,0.0,0.0,0.0,0.0
None,299,5,0.0,0.0,0.0,0.0,0.0,0.0
None,296,446,0.0,0.0,0.0,0.0,0.0,0.0
None,405,83,0.0,0.0,0.0,0.0,0.0,0.0
None,10,696,0.0,0.0,0.0,0.0,0.0,0.0
None,"417,571","554,415",0.0,0.0,0.0,0.0,0.0,0.0
None,433,935,0.0,0.0,0.0,0.0,0.0,0.0
None,335,208,0.0,0.0,0.0,0.0,0.0,0.0
Cc1ccc(C2(c3ccc(N4C(=O)c5ccc(C6C=CC(OC7=CC8C(=O)N(C)C(=O)C8C=C7)=CC6)cc5C4=O)cc3)C(=O)Nc3ccccc32)cc1,116,794,83.82,33.9,84.2,413.8,4.67,0.4085
None,"301,329","791,929",0.0,0.0,0.0,0.0,0.0,0.0
None,61,655,0.0,0.0,0.0,0.0,0.0,0.0
Cc1cccc2c(-c3ccc(N4C(=O)C5CC6C(=O)N(C)C(=O)C6C5C4=O)cc3)c3ccccc3cc12,"515,566","426,38",80.63,36.28,125.23,387.79,3.61,0.4518
None,368,389,0.0,0.0,0.0,0.0,0.0,0.0
None,512,832,0.0,0.0,0.0,0.0,0.0,0.0
None,"318,147","930,109",0.0,0.0,0.0,0.0,0.0,0.0
None,44,77,0.0,0.0,0.0,0.0,0.0,0.0
None,"19,103","722,260",0.0,0.0,0.0,0.0,0.0,0.0
None,229,48,0.0,0.0,0.0,0.0,0.0,0.0
None,513,16,0.0,0.0,0.0,0.0,0.0,0.0
None,70,170,0.0,0.0,0.0,0.0,0.0,0.0
None,"18,183","990,737",0.0,0.0,0.0,0.0,0.0,0.0
None,560,785,0.0,0.0,0.0,0.0,0.0,0.0
None,519,704,0.0,0.0,0.0,0.0,0.0,0.0
None,180,740,0.0,0.0,0.0,0.0,0.0,0.0
Cc1ccc(F)c2c(N3C(=O)c4ccc(C5C=C6C(=O)N(C)C(=O)C6=CC5)cc4C3=O)cccc12,23,234,51.3,50.35,97.66,340.75,3.54,0.2557
None,"277,279","627,295",0.0,0.0,0.0,0.0,0.0,0.0
None,487,907,0.0,0.0,0.0,0.0,0.0,0.0
None,"528,240","923,745",0.0,0.0,0.0,0.0,0.0,0.0
Cc1ccc(-c2ccc(N3C(=O)c4cc5c(cc4C3=O)C3C=CC5C4C(=O)N(C)C(=O)C34)cc2)c(C)c1,217,421,76.79,18.0,110.35,415.76,4.57,0.4197
None,71,305,0.0,0.0,0.0,0.0,0.0,0.0
CC1=C(c2ccc(N3C(=O)C4(C)C5(C)C(=O)N(C)C(=O)C5(C)C4(C)C3=O)cc2)CC(C)(C)C(C)=C1C,377,911,80.23,29.79,111.41,370.42,4.52,0.4033
None,"450,488","902,141",0.0,0.0,0.0,0.0,0.0,0.0
None,139,272,0.0,0.0,0.0,0.0,0.0,0.0
None,166,779,0.0,0.0,0.0,0.0,0.0,0.0
C#Cc1ccc(-c2ccc(N3C(=O)c4ccc([Si](C)(C)O[Si](C)(C)c5ccc6c(c5)C(=O)N(C)C6=O)cc4C3=O)c(-c3ccc(C)cc3)c2)cc1,"102,499","420,861",81.03,48.1,124.06,249.58,3.38,0.3973
None,184,306,0.0,0.0,0.0,0.0,0.0,0.0
Cc1ccc2c(F)c(N3C(=O)c4ccc(S(=O)(=O)c5ccc6c(c5)C(=O)N(C)C6=O)cc4C3=O)ccc2c1,"62,366,284,562","451,193,781,980",66.04,44.7,104.58,338.34,2.7,0.377
None,370,327,0.0,0.0,0.0,0.0,0.0,0.0
None,239,871,0.0,0.0,0.0,0.0,0.0,0.0
None,10,919,0.0,0.0,0.0,0.0,0.0,0.0
None,"356,287","448,861",0.0,0.0,0.0,0.0,0.0,0.0
None,225,325,0.0,0.0,0.0,0.0,0.0,0.0
None,569,780,0.0,0.0,0.0,0.0,0.0,0.0
None,318,892,0.0,0.0,0.0,0.0,0.0,0.0
None,146,180,0.0,0.0,0.0,0.0,0.0,0.0
Cc1cc(-c2ccc3ccccc3c2OCOCOCOc2ccc3c(c2)C(=O)N(C)C3=O)c(C)cc1-c1ccc2c(c1F)C(=O)N(c1cccc3c1C(C)CCC3)C2=O,"238,454,278,344","64,199,598,736",65.53,66.36,82.38,261.78,4.12,0.2499
None,267,58,0.0,0.0,0.0,0.0,0.0,0.0
None,338,980,0.0,0.0,0.0,0.0,0.0,0.0
None,242,130,0.0,0.0,0.0,0.0,0.0,0.0
None,443,242,0.0,0.0,0.0,0.0,0.0,0.0
None,494,530,0.0,0.0,0.0,0.0,0.0,0.0
None,393,714,0.0,0.0,0.0,0.0,0.0,0.0
None,309,670,0.0,0.0,0.0,0.0,0.0,0.0
None,"97,468","844,549",0.0,0.0,0.0,0.0,0.0,0.0
None,"26,509","650,881",0.0,0.0,0.0,0.0,0.0,0.0
None,395,493,0.0,0.0,0.0,0.0,0.0,0.0
None,204,377,0.0,0.0,0.0,0.0,0.0,0.0
None,213,27,0.0,0.0,0.0,0.0,0.0,0.0
None,380,734,0.0,0.0,0.0,0.0,0.0,0.0
None,474,590,0.0,0.0,0.0,0.0,0.0,0.0
Cc1cccc2c(N3C(=O)c4ccc(C(=O)C5=CCC6(C)C(=O)N(C)C(=O)C6=C5)cc4C3=O)cc3ccccc3c12,295,193,45.53,41.71,151.63,324.78,3.69,0.2405
None,"45,56","780,378",0.0,0.0,0.0,0.0,0.0,0.0
Cc1ccc2c(c1)OCCOCCOCCOc1ccc(N3C(=O)c4ccc(-c5ccc6c(c5)C(=O)N(C)C6=O)c(F)c4C3=O)cc1OCCOCCO2,"344,428","482,392",57.77,64.34,92.12,268.41,3.74,0.2419
Cc1ccc(-c2ccc3ccc4c(N5C(=O)C6=CC=C(C(c7ccc8c(c7)C(=O)N(C)C8=O)(C(F)(F)F)C(F)(F)F)CC6(C)C5=O)ccc5ccc2c3c54)cc1,316,447,59.59,43.44,112.27,355.53,4.18,0.2894
None,457,776,0.0,0.0,0.0,0.0,0.0,0.0
None,463,667,0.0,0.0,0.0,0.0,0.0,0.0
None,395,870,0.0,0.0,0.0,0.0,0.0,0.0
None,"107,51,80","520,671,691",0.0,0.0,0.0,0.0,0.0,0.0
Cc1ccc2cc(N3C(=O)C4(C)C5C(=O)N(C)C(=O)C5(C)C4(C)C3=O)c(C)cc2c1,"485,375","147,52",72.46,26.53,96.93,422.88,4.24,0.3941
None,514,324,0.0,0.0,0.0,0.0,0.0,0.0
None,"284,21,196","579,526,820",0.0,0.0,0.0,0.0,0.0,0.0
None,239,972,0.0,0.0,0.0,0.0,0.0,0.0
None,481,274,0.0,0.0,0.0,0.0,0.0,0.0
None,545,572,0.0,0.0,0.0,0.0,0.0,0.0
None,"62,491","566,145",0.0,0.0,0.0,0.0,0.0,0.0
None,"18,282,9","710,539,787",0.0,0.0,0.0,0.0,0.0,0.0
None,"35,421","908,133",0.0,0.0,0.0,0.0,0.0,0.0
None,27,221,0.0,0.0,0.0,0.0,0.0,0.0
None,174,132,0.0,0.0,0.0,0.0,0.0,0.0
None,"535,136","180,711",0.0,0.0,0.0,0.0,0.0,0.0
None,292,844,0.0,0.0,0.0,0.0,0.0,0.0
None,232,607,0.0,0.0,0.0,0.0,0.0,0.0
None,210,264,0.0,0.0,0.0,0.0,0.0,0.0
None,213,260,0.0,0.0,0.0,0.0,0.0,0.0
None,412,222,0.0,0.0,0.0,0.0,0.0,0.0
None,379,856,0.0,0.0,0.0,0.0,0.0,0.0
None,197,285,0.0,0.0,0.0,0.0,0.0,0.0
None,549,780,0.0,0.0,0.0,0.0,0.0,0.0
None,149,965,0.0,0.0,0.0,0.0,0.0,0.0
None,"107,7","822,413",0.0,0.0,0.0,0.0,0.0,0.0
None,281,32,0.0,0.0,0.0,0.0,0.0,0.0
Cc1ccc2c(c1)Oc1cc(N3C(=O)c4ccc(C5(c6ccc7c(c6)C(=O)N(C)C7=O)c6ccccc6-c6ccccc65)cc4C3=O)ccc1N2,"570,73","749,667",5.28,41.75,107.45,380.6,3.19,0.0298
None,438,782,0.0,0.0,0.0,0.0,0.0,0.0
None,53,638,0.0,0.0,0.0,0.0,0.0,0.0
None,518,672,0.0,0.0,0.0,0.0,0.0,0.0
None,"122,407,257","943,57,23",0.0,0.0,0.0,0.0,0.0,0.0
Cc1ccc(C2=C(c3ccc(N4C(=O)C5C6C=CC(c7cc8c(cc76)C(=O)N(C)C8=O)C5C4=O)cc3)C(F)(F)C(F)(F)C2(F)F)cc1,217,938,82.51,20.09,102.78,413.72,5.25,0.4194
None,"130,260","89,933",0.0,0.0,0.0,0.0,0.0,0.0
None,"55,272","317,223",0.0,0.0,0.0,0.0,0.0,0.0
None,31,606,0.0,0.0,0.0,0.0,0.0,0.0
None,258,165,0.0,0.0,0.0,0.0,0.0,0.0
None,"91,438","810,833",0.0,0.0,0.0,0.0,0.0,0.0
None,323,219,0.0,0.0,0.0,0.0,0.0,0.0
None,482,266,0.0,0.0,0.0,0.0,0.0,0.0
None,78,887,0.0,0.0,0.0,0.0,0.0,0.0
None,431,702,0.0,0.0,0.0,0.0,0.0,0.0
None,459,262,0.0,0.0,0.0,0.0,0.0,0.0
None,265,141,0.0,0.0,0.0,0.0,0.0,0.0
None,"156,59","882,898",0.0,0.0,0.0,0.0,0.0,0.0
None,"526,210","817,291",0.0,0.0,0.0,0.0,0.0,0.0
None,"204,185","284,133",0.0,0.0,0.0,0.0,0.0,0.0
None,483,871,0.0,0.0,0.0,0.0,0.0,0.0
None,10,868,0.0,0.0,0.0,0.0,0.0,0.0
None,266,654,0.0,0.0,0.0,0.0,0.0,0.0
None,10,232,0.0,0.0,0.0,0.0,0.0,0.0
Cc1ccc(-c2ccc(N3C(=O)C4Cc5cc6c(cc5CC4C3=O)C(=O)N(C)C6=O)cc2)c(C)c1,245,421,74.16,46.65,131.65,359.08,3.28,0.4063
None,137,676,0.0,0.0,0.0,0.0,0.0,0.0
Cc1ccc(C(C)(CC(F)(F)F)n2cc(N3C(=O)C4C5C(=O)N(C)C(=O)C5C4C3=O)cn2)cc1,"304,544","785,518",78.51,28.84,117.15,315.83,4.39,0.3882
None,147,503,0.0,0.0,0.0,0.0,0.0,0.0
None,539,509,0.0,0.0,0.0,0.0,0.0,0.0
None,288,579,0.0,0.0,0.0,0.0,0.0,0.0
None,464,55,0.0,0.0,0.0,0.0,0.0,0.0
None,191,660,0.0,0.0,0.0,0.0,0.0,0.0
None,423,242,0.0,0.0,0.0,0.0,0.0,0.0
C=CC(c1cc(C#N)cc(-c2ccc(C)cc2)c1)N1C(=O)c2ccc(-c3ccc4c(c3F)C(=O)N(C)C4=O)cc2C1=O,"344,330","34,55",16.91,53.39,93.23,310.38,3.56,0.0804
None,413,941,0.0,0.0,0.0,0.0,0.0,0.0
None,"103,467,0","617,706,374",0.0,0.0,0.0,0.0,0.0,0.0
None,369,775,0.0,0.0,0.0,0.0,0.0,0.0
None,"321,135,123","864,566,35",0.0,0.0,0.0,0.0,0.0,0.0
None,419,543,0.0,0.0,0.0,0.0,0.0,0.0
None,"526,530","115,826",0.0,0.0,0.0,0.0,0.0,0.0
None,184,963,0.0,0.0,0.0,0.0,0.0,0.0
None,77,744,0.0,0.0,0.0,0.0,0.0,0.0
None,254,352,0.0,0.0,0.0,0.0,0.0,0.0
None,252,808,0.0,0.0,0.0,0.0,0.0,0.0
None,524,834,0.0,0.0,0.0,0.0,0.0,0.0
None,241,719,0.0,0.0,0.0,0.0,0.0,0.0
None,281,500,0.0,0.0,0.0,0.0,0.0,0.0
Cc1cccc2c1C(N1C(=O)c3ccc(-c4ccc5c(c4)C(=O)N(C)C5=O)cc3C1=O)CCC2,"1,346","628,199",13.4,50.68,97.09,376.57,3.02,0.0732
None,"483,184","612,153",0.0,0.0,0.0,0.0,0.0,0.0
None,73,597,0.0,0.0,0.0,0.0,0.0,0.0
None,267,84,0.0,0.0,0.0,0.0,0.0,0.0
None,157,909,0.0,0.0,0.0,0.0,0.0,0.0
None,109,394,0.0,0.0,0.0,0.0,0.0,0.0
None,394,838,0.0,0.0,0.0,0.0,0.0,0.0
Cc1ccc2c(c1)-c1cc(N3C(=O)C4CCC5C(=O)N(C)C(=O)C5C4C3=O)ccc1C21c2ccccc2Oc2ccccc21,"133,356","0,816",83.17,41.87,97.56,372.4,4.51,0.389
None,140,517,0.0,0.0,0.0,0.0,0.0,0.0
Cc1cccc2ccc(C#N)c(-n3c(=O)c4cc5ccc6c7cc8c(=O)n(C)c(=O)c8cc7ccc6c5cc4c3=O)c12,262,81,0.1,28.92,175.54,425.11,3.05,0.0007
None,334,505,0.0,0.0,0.0,0.0,0.0,0.0
None,443,783,0.0,0.0,0.0,0.0,0.0,0.0
None,176,587,0.0,0.0,0.0,0.0,0.0,0.0
None,335,924,0.0,0.0,0.0,0.0,0.0,0.0
None,269,716,0.0,0.0,0.0,0.0,0.0,0.0
None,95,513,0.0,0.0,0.0,0.0,0.0,0.0
None,"103,416","257,34",0.0,0.0,0.0,0.0,0.0,0.0
None,442,302,0.0,0.0,0.0,0.0,0.0,0.0
Cc1cccc2ccc3cccc(N4C(=O)C5C6(F)C(=O)N(C)C(=O)C6C5(F)C4=O)c3c12,374,210,76.74,52.31,95.99,402.38,4.32,0.3572
Cc1ccc(C2(C)C=C(N3C(=O)c4ccc(-c5c6c(=O)oc(=O)c6c(C)c6c(=O)n(C)c(=O)c56)cc4C3=O)C=CC2)cc1,502,279,31.88,16.3,141.3,390.01,3.96,0.1897
None,131,737,0.0,0.0,0.0,0.0,0.0,0.0
None,186,307,0.0,0.0,0.0,0.0,0.0,0.0
None,569,555,0.0,0.0,0.0,0.0,0.0,0.0
None,"510,464","634,802",0.0,0.0,0.0,0.0,0.0,0.0
None,401,489,0.0,0.0,0.0,0.0,0.0,0.0
None,155,236,0.0,0.0,0.0,0.0,0.0,0.0
None,530,607,0.0,0.0,0.0,0.0,0.0,0.0
None,460,517,0.0,0.0,0.0,0.0,0.0,0.0
None,"25,272","858,791",0.0,0.0,0.0,0.0,0.0,0.0
None,469,667,0.0,0.0,0.0,0.0,0.0,0.0
None,78,381,0.0,0.0,0.0,0.0,0.0,0.0
None,"505,333,19","833,782,218",0.0,0.0,0.0,0.0,0.0,0.0
Cc1ccc2c(c1)OCCOCCOc1ccc(N3C(=O)c4ccc(OC5CCC6C(=O)N(C)C(=O)C6C5)cc4C3=O)cc1OCCOCCOCCO2,"4,24","392,81",84.54,70.68,74.42,240.38,4.62,0.2747
None,259,463,0.0,0.0,0.0,0.0,0.0,0.0
None,"30,503","468,930",0.0,0.0,0.0,0.0,0.0,0.0
None,359,780,0.0,0.0,0.0,0.0,0.0,0.0
None,90,182,0.0,0.0,0.0,0.0,0.0,0.0
None,"341,505","954,205",0.0,0.0,0.0,0.0,0.0,0.0
None,546,268,0.0,0.0,0.0,0.0,0.0,0.0
None,338,312,0.0,0.0,0.0,0.0,0.0,0.0
None,107,290,0.0,0.0,0.0,0.0,0.0,0.0
None,151,265,0.0,0.0,0.0,0.0,0.0,0.0
None,457,307,0.0,0.0,0.0,0.0,0.0,0.0
None,31,23,0.0,0.0,0.0,0.0,0.0,0.0
None,"416,300","955,297",0.0,0.0,0.0,0.0,0.0,0.0
None,"573,478","742,354",0.0,0.0,0.0,0.0,0.0,0.0
Cc1ccc2c(c1)Oc1cc(N3C(=O)C4CCC5C(=O)N(C)C(=O)C5C4C3=O)ccc1OCCOCCOCCO2,356,388,85.72,58.79,81.61,282.93,4.47,0.33
Cc1ccc2c(F)c(N3C(=O)C4C5CC(C4C3=O)C3(CCC4(CC6CC4C4C(=O)N(C)C(=O)C64)C3=O)C5)ccc2c1F,"165,473","230,722",86.54,32.48,92.2,401.34,6.9,0.4047
None,"550,459","146,436",0.0,0.0,0.0,0.0,0.0,0.0
None,"324,65","493,929",0.0,0.0,0.0,0.0,0.0,0.0
None,137,960,0.0,0.0,0.0,0.0,0.0,0.0
None,"113,528","304,50",0.0,0.0,0.0,0.0,0.0,0.0
None,188,170,0.0,0.0,0.0,0.0,0.0,0.0
Cc1cc2ccccc2c2ccc(N3C(=O)C4C5CCC(C6C(=O)N(C)C(=O)C56)C4C3=O)cc12,496,213,76.84,33.63,118.22,403.21,4.6,0.3873
None,163,84,0.0,0.0,0.0,0.0,0.0,0.0
None,420,945,0.0,0.0,0.0,0.0,0.0,0.0
None,"30,456","246,503",0.0,0.0,0.0,0.0,0.0,0.0
None,"284,67","426,808",0.0,0.0,0.0,0.0,0.0,0.0
Cc1ccc2c3c(ccc(N4C(=O)C5C(=O)N(C)C(=O)C5C4=O)c13)CCC2,"355,450","483,165",57.41,35.0,123.07,399.62,3.54,0.3284
None,58,433,0.0,0.0,0.0,0.0,0.0,0.0
None,"535,194","441,255",0.0,0.0,0.0,0.0,0.0,0.0
None,369,337,0.0,0.0,0.0,0.0,0.0,0.0
None,260,313,0.0,0.0,0.0,0.0,0.0,0.0
None,95,277,0.0,0.0,0.0,0.0,0.0,0.0
None,515,381,0.0,0.0,0.0,0.0,0.0,0.0
None,"160,83,531","567,409,29",0.0,0.0,0.0,0.0,0.0,0.0
None,"521,101","482,509",0.0,0.0,0.0,0.0,0.0,0.0
None,477,59,0.0,0.0,0.0,0.0,0.0,0.0
Cc1ccc(-c2cccc(-n3c(=O)c4c(C)c5c(=O)n(C)c(=O)c5c(-c5ccc6c(c5)C(=O)OC6=O)c4c3=O)c2)cc1,502,95,1.22,14.37,135.8,359.04,3.0,0.0079
None,213,685,0.0,0.0,0.0,0.0,0.0,0.0
None,"105,390","611,663",0.0,0.0,0.0,0.0,0.0,0.0
None,191,445,0.0,0.0,0.0,0.0,0.0,0.0
None,"72,434","155,337",0.0,0.0,0.0,0.0,0.0,0.0
None,383,212,0.0,0.0,0.0,0.0,0.0,0.0
Cc1ccc(S(=O)(=O)c2ccc(N3C(=O)c4ccc(-c5ccc6c(c5F)C(=O)N(C)C6=O)cc4C3=O)cn2)cc1,344,836,61.96,37.45,104.23,348.76,2.85,0.3612
None,239,214,0.0,0.0,0.0,0.0,0.0,0.0
None,240,595,0.0,0.0,0.0,0.0,0.0,0.0
None,291,985,0.0,0.0,0.0,0.0,0.0,0.0
Cc1c(C#N)ccc2cccc(-n3c(=O)c4cc(C)c5c(c(-c6ccc7c(c6)C(=O)N(C)C7=O)cc6c(=O)oc(=O)c65)c4c3=O)c12,"182,133","450,81",1.0,30.84,142.86,390.09,3.38,0.006
None,"68,241","679,448",0.0,0.0,0.0,0.0,0.0,0.0
None,380,861,0.0,0.0,0.0,0.0,0.0,0.0
None,523,783,0.0,0.0,0.0,0.0,0.0,0.0
None,259,935,0.0,0.0,0.0,0.0,0.0,0.0
None,"32,116","708,296",0.0,0.0,0.0,0.0,0.0,0.0
Cc1ccc2c(c1)-c1ccc(N3C(=O)c4c(F)cc(C(C)(c5ccc6c(c5)C(=O)N(C)C6=O)C(F)(F)C(F)F)c(F)c4C3=O)c3cccc-2c13,"201,327","645,889",74.56,45.76,107.24,339.58,3.95,0.3628
None,"87,537","389,802",0.0,0.0,0.0,0.0,0.0,0.0
None,408,118,0.0,0.0,0.0,0.0,0.0,0.0
None,391,836,0.0,0.0,0.0,0.0,0.0,0.0
None,123,805,0.0,0.0,0.0,0.0,0.0,0.0
None,"120,398","625,937",0.0,0.0,0.0,0.0,0.0,0.0
None,469,944,0.0,0.0,0.0,0.0,0.0,0.0
None,"32,423","267,838",0.0,0.0,0.0,0.0,0.0,0.0
None,"573,67","188,572",0.0,0.0,0.0,0.0,0.0,0.0
None,"238,174","555,883",0.0,0.0,0.0,0.0,0.0,0.0
None,39,700,0.0,0.0,0.0,0.0,0.0,0.0
Cc1ccc(CCCN2C(=O)C3C4CC(C5C(=O)N(C)C(=O)C45)C3C2=O)cc1,"102,572","40,281",74.7,51.3,107.13,337.38,4.42,0.329
Cc1ccc(-c2cc(C(F)(C(F)(F)F)C(F)(F)C(F)(F)C(F)(F)C3(C4=CC=C(N5C(=O)C6C7CC(C6C5=O)C5(CCC6(CC8CC6C6C(=O)N(C)C(=O)C86)C5=O)C7)C=CC4)CCCCC3)ccc2F)cc1,"473,160,451","27,965,700",87.62,52.02,83.9,344.37,8.0,0.3436
None,402,425,0.0,0.0,0.0,0.0,0.0,0.0
None,281,768,0.0,0.0,0.0,0.0,0.0,0.0
Cc1ccc2ccccc2c1-c1ccc(N2C(=O)c3ccc(C(=O)C4=CCC5C(=O)N(C)C(=O)C5=C4)cc3C2=O)cc1,172,100,8.43,31.94,103.27,349.74,3.46,0.0469
C=C(c1ccc(C)cc1)c1ccc(-n2c(=O)c3c4ccccccc5c6c(=O)n(C)c(=O)c6c6ccccccc(c3c2=O)c6c54)cc1,"212,237","967,87",0.27,30.91,231.19,365.06,3.21,0.0017
None,540,398,0.0,0.0,0.0,0.0,0.0,0.0
None,434,415,0.0,0.0,0.0,0.0,0.0,0.0
None,519,159,0.0,0.0,0.0,0.0,0.0,0.0
None,"401,540","691,677",0.0,0.0,0.0,0.0,0.0,0.0
None,461,690,0.0,0.0,0.0,0.0,0.0,0.0
None,425,239,0.0,0.0,0.0,0.0,0.0,0.0
None,519,314,0.0,0.0,0.0,0.0,0.0,0.0
None,334,119,0.0,0.0,0.0,0.0,0.0,0.0
None,49,3,0.0,0.0,0.0,0.0,0.0,0.0
None,242,337,0.0,0.0,0.0,0.0,0.0,0.0
None,421,211,0.0,0.0,0.0,0.0,0.0,0.0
None,"113,165","604,228",0.0,0.0,0.0,0.0,0.0,0.0
None,354,806,0.0,0.0,0.0,0.0,0.0,0.0
None,495,942,0.0,0.0,0.0,0.0,0.0,0.0
None,"278,319","410,663",0.0,0.0,0.0,0.0,0.0,0.0
Cc1ccc(C(CF)N2C(=O)c3ccc(C4(c5ccc6c(c5)C(=O)N(C)C6=O)c5cc(C)ccc5-c5ccc(C)cc54)cc3C2=O)cc1,"35,194,190","9,847,1001",69.6,50.72,91.98,365.32,3.54,0.3514
None,142,77,0.0,0.0,0.0,0.0,0.0,0.0
None,"349,326","685,122",0.0,0.0,0.0,0.0,0.0,0.0
None,414,112,0.0,0.0,0.0,0.0,0.0,0.0
None,388,616,0.0,0.0,0.0,0.0,0.0,0.0
None,569,726,0.0,0.0,0.0,0.0,0.0,0.0
None,"366,390","501,779",0.0,0.0,0.0,0.0,0.0,0.0
None,170,2,0.0,0.0,0.0,0.0,0.0,0.0
Cc1ccc(C2C=CC(N3C(=O)C4CCC(c5ccc6c(c5)C(=O)N(C)C6=O)CC4C3=O)=CC2(F)F)cc1,24,927,84.59,58.09,89.57,372.25,4.29,0.3706
Cc1cccc2cc3cc4cc5c(N6C(=O)C7C8C(=O)N(C)C(=O)C8C7C6=O)cccc5cc4cc3cc12,"21,544","572,602",81.08,23.4,132.73,424.36,3.92,0.4783
None,384,379,0.0,0.0,0.0,0.0,0.0,0.0
Cc1ccc(C2(c3ccc(N4C(=O)c5cc6c(cc5C4=O)CC4C(=O)N(C)C(=O)C4C6)cc3)CCCc3ccccc32)cc1,"83,245","795,471",77.35,47.57,119.9,336.23,3.91,0.3783
None,9,315,0.0,0.0,0.0,0.0,0.0,0.0
Cc1ccc(C)c(-c2ccc(N3C(=O)c4ccc(C5(C)CCC6C(=O)N(C)C(=O)C6C5)cc4C3=O)cc2)c1,303,724,78.57,34.81,121.44,379.01,3.69,0.4349
None,498,776,0.0,0.0,0.0,0.0,0.0,0.0
CC1=C(C2CC(=O)N(C)C2=O)CCC2C(=O)N(c3cc(F)c(F)cc3C)C(=O)C12,484,3,83.95,44.4,90.15,355.21,3.96,0.4095
None,93,267,0.0,0.0,0.0,0.0,0.0,0.0
C=Cc1cc(-c2ccc(C)cc2)ccc1N1C(=O)C2=CC=C(C(=O)c3ccc4c(c3)C(=O)N(C)C4=O)CC2C1=O,336,776,5.07,24.9,103.33,322.33,3.62,0.028
None,429,506,0.0,0.0,0.0,0.0,0.0,0.0
None,"80,119,268","773,776,917",0.0,0.0,0.0,0.0,0.0,0.0
None,335,233,0.0,0.0,0.0,0.0,0.0,0.0
None,3,153,0.0,0.0,0.0,0.0,0.0,0.0
None,"142,293","976,310",0.0,0.0,0.0,0.0,0.0,0.0
None,563,311,0.0,0.0,0.0,0.0,0.0,0.0
None,53,194,0.0,0.0,0.0,0.0,0.0,0.0
None,"226,533","46,439",0.0,0.0,0.0,0.0,0.0,0.0
None,259,106,0.0,0.0,0.0,0.0,0.0,0.0
None,274,81,0.0,0.0,0.0,0.0,0.0,0.0
Cc1ccc2nc3ccc(N4C(=O)c5ccc(-c6ccc7c(c6)C(=O)N(C)C7=O)c(F)c5C4=O)cc3c(C)c2c1,344,662,3.62,9.72,153.32,359.71,2.82,0.0247
Cc1ccc(-c2cc(N3C(=O)c4ccc(OC5=CC6C(=O)N(C)C(=O)C6C=C5)cc4C3=O)cc3ccccc23)cc1,8,581,70.32,33.79,108.27,325.35,3.64,0.374
None,274,882,0.0,0.0,0.0,0.0,0.0,0.0
None,448,982,0.0,0.0,0.0,0.0,0.0,0.0
None,513,811,0.0,0.0,0.0,0.0,0.0,0.0
None,299,213,0.0,0.0,0.0,0.0,0.0,0.0
Cc1cccc2c1Cc1c(cccc1N1C(=O)c3ccc(C(=O)C4=CC=C5C(=O)N(C)C(=O)C5C4)cc3C1=O)C2,336,224,15.76,45.78,91.95,314.79,3.78,0.0758
None,475,629,0.0,0.0,0.0,0.0,0.0,0.0
None,280,270,0.0,0.0,0.0,0.0,0.0,0.0
None,217,294,0.0,0.0,0.0,0.0,0.0,0.0
None,31,830,0.0,0.0,0.0,0.0,0.0,0.0
None,567,515,0.0,0.0,0.0,0.0,0.0,0.0
Cc1cc2c(c(N3C(=O)C4=CC(c5ccc6c(c5)C(=O)N(C)C6=O)=CCC4C3=O)c1)CCCC2,538,116,7.69,42.49,93.45,355.04,3.54,0.0401
None,143,56,0.0,0.0,0.0,0.0,0.0,0.0
None,139,445,0.0,0.0,0.0,0.0,0.0,0.0
Cc1ccc2cc(N3C(=O)C4C5CCC(C6C(=O)N(C)C(=O)C56)C4C3=O)ccc2c1,"496,483,352","114,690,974",76.47,26.23,118.46,410.54,4.49,0.4075
None,"506,115,398","903,254,617",0.0,0.0,0.0,0.0,0.0,0.0
None,157,596,0.0,0.0,0.0,0.0,0.0,0.0
None,27,451,0.0,0.0,0.0,0.0,0.0,0.0
None,427,999,0.0,0.0,0.0,0.0,0.0,0.0
None,"35,260","471,424",0.0,0.0,0.0,0.0,0.0,0.0
CC1CC(C)(C)CC(C)(c2ccc(N3C(=O)c4ccc(C5(C6=CC7C(=O)N(C)C(=O)C7C=C6)c6ccccc6-c6ccccc65)cc4C3=O)cc2)C1,47,988,79.61,44.89,85.18,360.31,4.62,0.3521
None,"384,491","267,417",0.0,0.0,0.0,0.0,0.0,0.0
None,429,316,0.0,0.0,0.0,0.0,0.0,0.0
None,148,668,0.0,0.0,0.0,0.0,0.0,0.0
None,364,327,0.0,0.0,0.0,0.0,0.0,0.0
None,466,612,0.0,0.0,0.0,0.0,0.0,0.0
Cc1ccc2c(c1N1C(=O)C3C=CC=C(Oc4ccc(-c5ccc6c(c5)C(=O)N(C)C6=O)cc4)C3C1=O)CCCC2,"16,7","250,748",39.05,39.98,97.71,341.98,3.82,0.1977
None,"454,122,142,321","537,195,823,654",0.0,0.0,0.0,0.0,0.0,0.0
None,46,253,0.0,0.0,0.0,0.0,0.0,0.0
None,93,135,0.0,0.0,0.0,0.0,0.0,0.0
None,302,590,0.0,0.0,0.0,0.0,0.0,0.0
None,429,977,0.0,0.0,0.0,0.0,0.0,0.0
None,"342,278,196","146,264,433",0.0,0.0,0.0,0.0,0.0,0.0
None,494,46,0.0,0.0,0.0,0.0,0.0,0.0
None,"349,398","629,947",0.0,0.0,0.0,0.0,0.0,0.0
None,260,414,0.0,0.0,0.0,0.0,0.0,0.0
None,266,961,0.0,0.0,0.0,0.0,0.0,0.0
None,151,756,0.0,0.0,0.0,0.0,0.0,0.0
None,247,902,0.0,0.0,0.0,0.0,0.0,0.0
None,"63,126","389,480",0.0,0.0,0.0,0.0,0.0,0.0
None,"111,251,206","1002,706,571",0.0,0.0,0.0,0.0,0.0,0.0
None,267,561,0.0,0.0,0.0,0.0,0.0,0.0
None,254,877,0.0,0.0,0.0,0.0,0.0,0.0
None,104,583,0.0,0.0,0.0,0.0,0.0,0.0
None,"156,268","173,737",0.0,0.0,0.0,0.0,0.0,0.0
Cc1cc(C)cc(-c2ccc(N3C(=O)C4C5C(=O)N(C)C(=O)C5(C)C4(F)C3=O)cc2)c1,"325,364","407,937",74.23,15.3,127.6,377.85,3.93,0.4369
None,"331,138","8,5",0.0,0.0,0.0,0.0,0.0,0.0
None,"52,507","810,288",0.0,0.0,0.0,0.0,0.0,0.0
None,429,505,0.0,0.0,0.0,0.0,0.0,0.0
None,"160,234","160,177",0.0,0.0,0.0,0.0,0.0,0.0
None,380,334,0.0,0.0,0.0,0.0,0.0,0.0
None,"122,109","919,497",0.0,0.0,0.0,0.0,0.0,0.0
None,399,436,0.0,0.0,0.0,0.0,0.0,0.0
None,568,618,0.0,0.0,0.0,0.0,0.0,0.0
None,498,874,0.0,0.0,0.0,0.0,0.0,0.0
None,505,323,0.0,0.0,0.0,0.0,0.0,0.0
None,"326,50","89,674",0.0,0.0,0.0,0.0,0.0,0.0
Cc1cccc2c(N3C(=O)C4CCC5C(=O)N(C)C(=O)C5C4C3=O)cc3ccccc3c12,356,193,80.56,43.54,122.38,393.37,3.71,0.4322
None,116,744,0.0,0.0,0.0,0.0,0.0,0.0
None,328,985,0.0,0.0,0.0,0.0,0.0,0.0
None,"485,439","925,146",0.0,0.0,0.0,0.0,0.0,0.0
None,374,75,0.0,0.0,0.0,0.0,0.0,0.0
None,267,380,0.0,0.0,0.0,0.0,0.0,0.0
Cc1ccc2c(c1)C(c1ccc3c(c1)C(=O)N(C)C3=O)(c1ccc3c(c1)C(=O)N(c1ccc(C#N)c4c(C)cccc14)C3=O)c1cc(C)ccc1-2,190,132,16.3,38.06,106.45,358.28,3.23,0.0914
None,142,558,0.0,0.0,0.0,0.0,0.0,0.0
None,545,428,0.0,0.0,0.0,0.0,0.0,0.0
None,"471,192","482,859",0.0,0.0,0.0,0.0,0.0,0.0
None,418,236,0.0,0.0,0.0,0.0,0.0,0.0
None,346,175,0.0,0.0,0.0,0.0,0.0,0.0
None,492,744,0.0,0.0,0.0,0.0,0.0,0.0
None,"409,151","644,766",0.0,0.0,0.0,0.0,0.0,0.0
None,192,448,0.0,0.0,0.0,0.0,0.0,0.0
Cc1ccc2c(c1)nnc1cc(N3C(=O)C4CC5C(=O)N(C)C(=O)C5CC4C3=O)ccc12,542,517,80.34,40.96,120.93,449.37,3.79,0.4494
Cc1ccc2c(c1)sc1cc(N3C(=O)C4C(=O)N(C)C(=O)C4C3=O)ccc12,"326,355,493,392","564,554,961,529",78.13,42.42,94.8,348.84,3.39,0.4143
Cc1cc2nc3cc(C)c(N4C(=O)c5ccc(-c6ccc7cc8c(cc7c6)C(=O)N(C)C8=O)cc5C4=O)cc3nc2cc1C,205,657,5.11,9.36,159.8,383.34,2.88,0.0353
None,554,568,0.0,0.0,0.0,0.0,0.0,0.0
Cc1ccc(-c2ncc(N3C(=O)c4ccc(OC5=CC=C6C(=O)N(C)C(=O)C6C5)cc4C3=O)cn2)cc1,96,535,34.54,40.06,96.4,326.55,3.56,0.1785
None,383,5,0.0,0.0,0.0,0.0,0.0,0.0
None,399,460,0.0,0.0,0.0,0.0,0.0,0.0
None,151,595,0.0,0.0,0.0,0.0,0.0,0.0
None,463,355,0.0,0.0,0.0,0.0,0.0,0.0
None,419,476,0.0,0.0,0.0,0.0,0.0,0.0
None,462,399,0.0,0.0,0.0,0.0,0.0,0.0
Cc1ccc2c(C)cc(N3C(=O)c4cc(-c5ccc6c(c5)C(=O)N(C)C6=O)cc(F)c4C3=O)cc2c1,345,86,4.7,12.72,152.48,328.84,2.68,0.0315
None,548,886,0.0,0.0,0.0,0.0,0.0,0.0
None,438,200,0.0,0.0,0.0,0.0,0.0,0.0
None,10,5,0.0,0.0,0.0,0.0,0.0,0.0
None,439,617,0.0,0.0,0.0,0.0,0.0,0.0
None,243,109,0.0,0.0,0.0,0.0,0.0,0.0
None,200,383,0.0,0.0,0.0,0.0,0.0,0.0
None,67,208,0.0,0.0,0.0,0.0,0.0,0.0
None,"230,431","165,561",0.0,0.0,0.0,0.0,0.0,0.0
None,"154,490","46,317",0.0,0.0,0.0,0.0,0.0,0.0
None,0,883,0.0,0.0,0.0,0.0,0.0,0.0
None,494,27,0.0,0.0,0.0,0.0,0.0,0.0
None,"553,241,557","884,404,1003",0.0,0.0,0.0,0.0,0.0,0.0
None,270,57,0.0,0.0,0.0,0.0,0.0,0.0
CC1=CC=C(Oc2ccc(N3C(=O)c4ccc(-c5cc(C)c6c(c5)C(=O)N(C)C6=O)cc4C3=O)cc2)C=CC1,536,353,9.99,39.51,108.88,307.9,3.11,0.0546
None,"251,241","169,719",0.0,0.0,0.0,0.0,0.0,0.0
None,"154,0","551,550",0.0,0.0,0.0,0.0,0.0,0.0
None,415,808,0.0,0.0,0.0,0.0,0.0,0.0
None,"551,509","267,75",0.0,0.0,0.0,0.0,0.0,0.0
None,383,134,0.0,0.0,0.0,0.0,0.0,0.0
None,23,43,0.0,0.0,0.0,0.0,0.0,0.0
None,83,646,0.0,0.0,0.0,0.0,0.0,0.0
None,446,907,0.0,0.0,0.0,0.0,0.0,0.0
None,499,370,0.0,0.0,0.0,0.0,0.0,0.0
None,200,593,0.0,0.0,0.0,0.0,0.0,0.0
None,142,560,0.0,0.0,0.0,0.0,0.0,0.0
Cc1cc(-c2ccc3c(c2)C(=O)N(C)C3=O)cc2c1C(=O)N(c1cccc3cc4cc5cc6c(C)cccc6cc5cc4cc13)C2=O,536,572,0.78,31.66,185.51,363.29,3.05,0.0049
Cc1ccc(S(=O)(=O)c2ccc(N3C(=O)CC(C4CC(=O)N(C)C4=O)C3=O)cn2)cc1,"117,236,543","836,553,460",74.81,47.37,95.25,271.4,3.36,0.3659
None,432,759,0.0,0.0,0.0,0.0,0.0,0.0
None,84,872,0.0,0.0,0.0,0.0,0.0,0.0
None,"574,153","873,67",0.0,0.0,0.0,0.0,0.0,0.0
None,264,298,0.0,0.0,0.0,0.0,0.0,0.0
None,"124,34","226,957",0.0,0.0,0.0,0.0,0.0,0.0
None,495,40,0.0,0.0,0.0,0.0,0.0,0.0
C=Cc1ccc(C)c2c(N3C(=O)C4CCCC(C5CCC6C(=O)N(C)C(=O)C6C5)C4C3=O)ccc(C=C)c12,352,156,68.45,65.55,95.96,281.74,4.53,0.2534
None,215,301,0.0,0.0,0.0,0.0,0.0,0.0
CC1CCC(N2C(=O)c3c(F)cc(-c4ccc5c(c4)C(=O)N(C)C5=O)c(F)c3C2=O)CC1,327,994,51.41,35.5,135.34,397.07,2.81,0.3208
None,267,661,0.0,0.0,0.0,0.0,0.0,0.0
Cc1ccc2[nH]c3ccc(N4C(=O)c5c(F)cc(-c6ccc7c(c6)C(=O)N(C)C7=O)c(F)c5C4=O)cc3c(=O)c2c1,327,663,1.01,11.08,151.61,367.52,2.95,0.0068
None,422,865,0.0,0.0,0.0,0.0,0.0,0.0
None,269,684,0.0,0.0,0.0,0.0,0.0,0.0
Cc1ccc(-c2ccc(N3C(=O)c4ccc(C#Cc5ccc(C#Cc6ccc7c(c6)C(=O)N(C)C7=O)cc5)cc4C3=O)cn2)cc1,"194,249","534,787",0.82,43.23,149.28,265.04,2.95,0.0045
None,"197,73","410,562",0.0,0.0,0.0,0.0,0.0,0.0
None,"345,221","18,278",0.0,0.0,0.0,0.0,0.0,0.0
None,338,422,0.0,0.0,0.0,0.0,0.0,0.0
None,176,370,0.0,0.0,0.0,0.0,0.0,0.0
None,334,287,0.0,0.0,0.0,0.0,0.0,0.0
None,"82,283","732,732",0.0,0.0,0.0,0.0,0.0,0.0
None,"506,329,68","120,810,163",0.0,0.0,0.0,0.0,0.0,0.0
None,140,356,0.0,0.0,0.0,0.0,0.0,0.0
None,277,431,0.0,0.0,0.0,0.0,0.0,0.0
None,"212,147,139","972,880,42",0.0,0.0,0.0,0.0,0.0,0.0
Cc1cc2ccc3c4c(ccc(c1)c24)=CC(C)(N1C(=O)C2(C)C4C(=O)N(C)C(=O)C4(C)C2(C)C1=O)C3,"248,375","547,149",74.96,41.12,94.53,390.57,4.94,0.3349
None,56,22,0.0,0.0,0.0,0.0,0.0,0.0
None,"377,427","730,852",0.0,0.0,0.0,0.0,0.0,0.0
Cc1ccc(OC2=CCCC(N3C(=O)c4ccc(-c5ccc6c(c5)C(=O)N(C)C6=O)c(F)c4C3=O)=C2)cc1,344,414,4.5,41.25,118.12,351.81,3.09,0.0254
None,209,270,0.0,0.0,0.0,0.0,0.0,0.0
None,"290,36","425,142",0.0,0.0,0.0,0.0,0.0,0.0
None,31,528,0.0,0.0,0.0,0.0,0.0,0.0
None,"562,572","690,554",0.0,0.0,0.0,0.0,0.0,0.0
None,52,387,0.0,0.0,0.0,0.0,0.0,0.0
None,313,879,0.0,0.0,0.0,0.0,0.0,0.0
Cc1cccc2cccc(N3C(=O)C4C=CC(CCCCc5ccc6c(c5)C(=O)N(C)C6=O)=CC4C3=O)c12,"151,24,282","31,493,258",64.09,47.6,116.34,294.23,3.71,0.3102
None,464,295,0.0,0.0,0.0,0.0,0.0,0.0
None,267,524,0.0,0.0,0.0,0.0,0.0,0.0
None,360,201,0.0,0.0,0.0,0.0,0.0,0.0
None,"115,143","601,253",0.0,0.0,0.0,0.0,0.0,0.0
None,174,79,0.0,0.0,0.0,0.0,0.0,0.0
None,"563,29","889,965",0.0,0.0,0.0,0.0,0.0,0.0
Cc1ccc(-c2c(N3C(=O)c4ccc([Si](C)(C)c5ccc6c(c5)C(=O)N(C)C6=O)cc4C3=O)ccc3ccccc23)cc1,571,100,64.58,31.19,134.7,306.98,2.93,0.3813
CC1CCC(c2ccc(N3C(=O)c4ccc(C(F)c5c(F)c(F)c6c(c5F)C(=O)N(C)C6=O)cc4C3=O)cc2)CC1,"107,100","520,323",76.5,61.6,88.35,349.18,3.58,0.3571
None,167,450,0.0,0.0,0.0,0.0,0.0,0.0
None,281,649,0.0,0.0,0.0,0.0,0.0,0.0
None,36,774,0.0,0.0,0.0,0.0,0.0,0.0
None,"86,198","400,152",0.0,0.0,0.0,0.0,0.0,0.0
None,561,844,0.0,0.0,0.0,0.0,0.0,0.0
None,298,75,0.0,0.0,0.0,0.0,0.0,0.0
None,426,43,0.0,0.0,0.0,0.0,0.0,0.0
Cc1ccc2c(F)c(N3C(=O)c4ccc(C5CCC(c6c7c(=O)oc(=O)c7c(C7=CC=CC8CC78)c7c(=O)n(C)c(=O)c67)CC5)cc4C3=O)c(F)c(F)c2c1,"72,401","233,705",44.72,46.11,101.69,448.24,4.62,0.2155
Cc1ccc(C(c2ccc(N3C(=O)C4C5C(=O)N(C)C(=O)C5(C)C4(F)C3=O)cc2)(C(F)F)C(F)F)c(C)c1F,"364,511","926,960",79.64,44.34,104.67,314.9,4.71,0.3412
Cc1ccc(S(=O)(=O)c2ccc(N3C(=O)c4ccc(C(C)(C)C5=CCC(c6cc(C)c7c(c6)C(=O)N(C)C7=O)C=C5)cc4C3=O)c(O)c2)cc1,"105,536","837,80",77.32,50.33,87.42,342.41,3.89,0.3644
None,301,36,0.0,0.0,0.0,0.0,0.0,0.0
None,422,790,0.0,0.0,0.0,0.0,0.0,0.0
None,"87,50","24,110",0.0,0.0,0.0,0.0,0.0,0.0
Cc1ccc(-c2ccc(CCc3ccc(N4C(=O)C5C6C(=O)N(C)C(=O)C6(C)C5(F)C4=O)c(C)c3)cc2C)cc1,"364,420,386","62,169,424",76.78,48.57,112.78,310.32,4.05,0.356
Cc1ccc(CC2=CC(Cl)(Cl)C(n3c(=O)c4cc5ccc6c7cc8c(=O)n(C)c(=O)c8cc7ccc6c5cc4c3=O)C=C2)cc1,262,841,3.43,39.81,94.4,434.24,3.83,0.0186
None,274,847,0.0,0.0,0.0,0.0,0.0,0.0
None,482,334,0.0,0.0,0.0,0.0,0.0,0.0
None,242,559,0.0,0.0,0.0,0.0,0.0,0.0
None,142,297,0.0,0.0,0.0,0.0,0.0,0.0
None,"279,483","454,714",0.0,0.0,0.0,0.0,0.0,0.0
None,"55,460","37,377",0.0,0.0,0.0,0.0,0.0,0.0
None,463,304,0.0,0.0,0.0,0.0,0.0,0.0
None,1,322,0.0,0.0,0.0,0.0,0.0,0.0
None,408,366,0.0,0.0,0.0,0.0,0.0,0.0
None,477,143,0.0,0.0,0.0,0.0,0.0,0.0
None,481,236,0.0,0.0,0.0,0.0,0.0,0.0
None,203,143,0.0,0.0,0.0,0.0,0.0,0.0
None,"103,363","948,609",0.0,0.0,0.0,0.0,0.0,0.0
None,239,47,0.0,0.0,0.0,0.0,0.0,0.0
CC=c1ccc(N2C(=O)C3C4C(=O)N(C)C(=O)C4(F)C3C2=O)c(-c2ccc(C)cc2)c1=CC,372,205,77.13,29.61,115.82,420.94,4.51,0.4057
None,"570,353","770,141",0.0,0.0,0.0,0.0,0.0,0.0
None,51,26,0.0,0.0,0.0,0.0,0.0,0.0
None,"164,342","723,156",0.0,0.0,0.0,0.0,0.0,0.0
None,524,442,0.0,0.0,0.0,0.0,0.0,0.0
None,"92,187","510,541",0.0,0.0,0.0,0.0,0.0,0.0
None,"92,408","565,650",0.0,0.0,0.0,0.0,0.0,0.0
None,404,45,0.0,0.0,0.0,0.0,0.0,0.0
None,319,26,0.0,0.0,0.0,0.0,0.0,0.0
None,8,56,0.0,0.0,0.0,0.0,0.0,0.0
Cc1ccc([Si](C)(O)c2ccc(N3C(=O)C4C5CC(C6C(=O)N(C)C(=O)C56)C4C3=O)cc2)cc1,"417,572","405,829",77.84,31.8,99.91,355.37,5.04,0.3537
CC1=C(c2c(N3C(=O)C4(F)C5C(=O)N(C)C(=O)C5C4(F)C3=O)ccc3ccccc23)C2C=CC=CC2=CC1,"236,102,219,310,373","204,985,139,388,530",80.47,37.79,88.86,363.93,4.93,0.3561
Cc1ccc(C2=CC(C)(C)C(N3C(=O)C4CC(C5CC(=O)N(C)C5=O)c5ccc(C)cc5C4C3=O)=CC2(C)C)cc1,"55,547","932,540",80.65,47.35,95.61,322.18,4.48,0.3508
None,"220,354","169,68",0.0,0.0,0.0,0.0,0.0,0.0
None,477,422,0.0,0.0,0.0,0.0,0.0,0.0
None,357,784,0.0,0.0,0.0,0.0,0.0,0.0
None,"193,284","789,173",0.0,0.0,0.0,0.0,0.0,0.0
None,487,800,0.0,0.0,0.0,0.0,0.0,0.0
None,353,766,0.0,0.0,0.0,0.0,0.0,0.0
None,254,283,0.0,0.0,0.0,0.0,0.0,0.0
None,"164,250","541,694",0.0,0.0,0.0,0.0,0.0,0.0
Cc1ccc(-c2ccc(F)cc2N2C(=O)C3C4C(=O)N(C)C(=O)C4(C)C3(F)C2=O)cc1,364,474,74.76,13.75,126.1,383.81,3.99,0.4412
None,255,181,0.0,0.0,0.0,0.0,0.0,0.0
None,141,8,0.0,0.0,0.0,0.0,0.0,0.0
None,408,145,0.0,0.0,0.0,0.0,0.0,0.0
None,460,113,0.0,0.0,0.0,0.0,0.0,0.0
None,546,558,0.0,0.0,0.0,0.0,0.0,0.0
None,3,818,0.0,0.0,0.0,0.0,0.0,0.0
None,469,752,0.0,0.0,0.0,0.0,0.0,0.0
None,"186,185","721,837",0.0,0.0,0.0,0.0,0.0,0.0
None,115,585,0.0,0.0,0.0,0.0,0.0,0.0
Cc1ccc(C2C=CC=C(N3C(=O)C4C5CCC(C6C(=O)N(C)C(=O)C56)C4C3=O)C2)cc1,"297,496","398,655",79.39,45.09,89.36,363.32,5.13,0.3331
None,253,717,0.0,0.0,0.0,0.0,0.0,0.0
None,191,503,0.0,0.0,0.0,0.0,0.0,0.0
CC1=CC2(C)C3C(=O)N(C)C(=O)C3C1C1C(=O)N(c3ccc4c(ccc5c(C)cccc54)c3)C(=O)C12,"376,451","642,612",76.83,18.57,108.41,433.73,4.94,0.4047
None,139,869,0.0,0.0,0.0,0.0,0.0,0.0
None,545,6,0.0,0.0,0.0,0.0,0.0,0.0
None,206,540,0.0,0.0,0.0,0.0,0.0,0.0
None,357,919,0.0,0.0,0.0,0.0,0.0,0.0
None,498,807,0.0,0.0,0.0,0.0,0.0,0.0
None,5,646,0.0,0.0,0.0,0.0,0.0,0.0
None,63,355,0.0,0.0,0.0,0.0,0.0,0.0
None,561,826,0.0,0.0,0.0,0.0,0.0,0.0
Cc1ccc2c3cccc4c(N5C(=O)CC(C6CC(=O)N(C)C6=O)C5=O)ccc(c5cccc1c25)c43,"543,286","689,613",66.78,41.4,138.92,331.61,3.42,0.3633
None,196,157,0.0,0.0,0.0,0.0,0.0,0.0
None,472,920,0.0,0.0,0.0,0.0,0.0,0.0
None,457,217,0.0,0.0,0.0,0.0,0.0,0.0
None,90,855,0.0,0.0,0.0,0.0,0.0,0.0
Cc1ccc(C2(c3ccc(N4C(=O)C5C6CC(C7C(=O)N(C)C(=O)C67)C5C4=O)cc3)C(=O)Nc3ccccc32)cc1,"572,359,194","781,468,794",78.91,26.6,99.39,419.19,4.91,0.3935
None,464,954,0.0,0.0,0.0,0.0,0.0,0.0
Cc1ccc2c(c1)OCCOCCOc1ccc(-n3c(=O)c4cc(C)c5c(c(-c6ccc7c(c6)C(=O)OC7=O)cc6c(=O)n(C)c(=O)c65)c4c3=O)cc1OCCOCCO2,182,395,16.59,59.6,89.23,336.93,4.12,0.0716
Cc1ccc(-c2cc(C)c(N3C(=O)C4CC5CC6C(=O)N(C)C(=O)C6C5CC4C3=O)c(C)c2)cc1,"302,351","524,581",80.27,50.98,101.06,400.02,4.11,0.3887
Cc1ccc(-c2cc(N3C(=O)c4ccc(C5(c6ccc7c(c6)C(=O)N(C)C7=O)CCc6ccccc65)cc4C3=O)ccc2F)cc1,202,470,25.32,31.97,140.47,350.38,3.41,0.146
None,"125,339","594,416",0.0,0.0,0.0,0.0,0.0,0.0
None,429,169,0.0,0.0,0.0,0.0,0.0,0.0
None,338,223,0.0,0.0,0.0,0.0,0.0,0.0
Cc1ccc2c(c1)oc(=O)c1cc(N3C(=O)C4=CC(C(=O)c5ccc6c(c5)C(=O)N(C)C6=O)=CCC4C3=O)ccc12,172,502,7.17,16.85,102.54,340.61,3.62,0.0415
None,"417,63","229,158",0.0,0.0,0.0,0.0,0.0,0.0
CCCCCCCN1C(=O)c2ccc(SC3=CC4C(=O)N(C)C(=O)C4C=C3)cc2C1=O,574,993,55.94,56.72,87.85,247.74,3.74,0.2392
None,426,365,0.0,0.0,0.0,0.0,0.0,0.0
None,184,638,0.0,0.0,0.0,0.0,0.0,0.0
None,276,135,0.0,0.0,0.0,0.0,0.0,0.0
None,199,77,0.0,0.0,0.0,0.0,0.0,0.0
None,"109,247","863,655",0.0,0.0,0.0,0.0,0.0,0.0
None,83,378,0.0,0.0,0.0,0.0,0.0,0.0
None,423,861,0.0,0.0,0.0,0.0,0.0,0.0
None,10,427,0.0,0.0,0.0,0.0,0.0,0.0
None,111,786,0.0,0.0,0.0,0.0,0.0,0.0
None,"333,126","6,1003",0.0,0.0,0.0,0.0,0.0,0.0
None,162,526,0.0,0.0,0.0,0.0,0.0,0.0
None,240,259,0.0,0.0,0.0,0.0,0.0,0.0
Cc1ccc(OC2=CCC=C(N3C(=O)C4(F)C5(F)C(=O)N(C)C(=O)C5(F)C4(F)C3=O)C=C2)cc1,362,343,77.81,56.41,97.21,276.29,4.88,0.2864
None,146,733,0.0,0.0,0.0,0.0,0.0,0.0
None,219,358,0.0,0.0,0.0,0.0,0.0,0.0
None,476,170,0.0,0.0,0.0,0.0,0.0,0.0
Cc1c(F)c(F)c2c(F)c3c(F)c(N4C(=O)c5c(F)c(F)c(-c6ccc(OCOc7ccc8c(c7)C(=O)N(C)C8=O)c7c6C6c8ccccc8C7c7ccccc76)c(F)c5C4=O)c(F)cc3cc2c1F,"485,118,100","619,336,496",53.96,52.03,96.54,378.08,4.99,0.2224
None,114,369,0.0,0.0,0.0,0.0,0.0,0.0
None,467,574,0.0,0.0,0.0,0.0,0.0,0.0
Cc1ccc(-c2ccc(N3C(=O)c4cc5c(cc4C3=O)C3CCC5C4C(=O)N(C)C(=O)C34)cc2)c(C)c1C,216,883,77.41,20.15,109.53,437.36,4.55,0.4263
None,398,188,0.0,0.0,0.0,0.0,0.0,0.0
Cc1c(F)c(F)cc2c(-n3c(=O)c4cc5ccc6c7cc8c(=O)n(C)c(=O)c8cc7ccc6c5cc4c3=O)cccc12,262,244,0.25,14.09,169.81,418.15,3.01,0.0017
Cc1c(C)c(N2C(=O)c3ccc(C4=CC=C5C(=O)N(C)C(=O)C5C4C)cc3C2=O)c2c(C)ccc(C)c2c1C,318,112,78.68,24.68,110.45,434.76,4.05,0.4501
None,526,274,0.0,0.0,0.0,0.0,0.0,0.0
None,398,949,0.0,0.0,0.0,0.0,0.0,0.0
None,35,106,0.0,0.0,0.0,0.0,0.0,0.0
None,"315,437,199","876,505,282",0.0,0.0,0.0,0.0,0.0,0.0
Cc1ccc2c(c1)OCCOCCOc1cc(N3C(=O)C4C5CC(C4C3=O)C3(CCC4(CC6CC4C4C(=O)N(C)C(=O)C64)C3=O)C5)ccc1OCCOCCO2,473,394,86.68,59.64,78.74,321.22,7.43,0.3134
None,167,347,0.0,0.0,0.0,0.0,0.0,0.0
None,52,18,0.0,0.0,0.0,0.0,0.0,0.0
None,186,489,0.0,0.0,0.0,0.0,0.0,0.0
None,179,80,0.0,0.0,0.0,0.0,0.0,0.0
None,"565,135,222","221,586,585",0.0,0.0,0.0,0.0,0.0,0.0
None,493,489,0.0,0.0,0.0,0.0,0.0,0.0
None,300,295,0.0,0.0,0.0,0.0,0.0,0.0
None,530,964,0.0,0.0,0.0,0.0,0.0,0.0
None,255,564,0.0,0.0,0.0,0.0,0.0,0.0
Cc1ccc(C#Cc2ccc(N3C(=O)C4C5(C)C(=O)N(C)C(=O)C5C4(C)C3=O)cc2)cc1,555,971,72.04,53.59,95.37,315.35,4.02,0.3222
None,"2,0,207","641,60,422",0.0,0.0,0.0,0.0,0.0,0.0
None,435,822,0.0,0.0,0.0,0.0,0.0,0.0
None,348,782,0.0,0.0,0.0,0.0,0.0,0.0
Cc1c(N2C(=O)C3CC(C4CC(=O)N(C)C4=O)c4ccccc4C3C2=O)ccc2c1CCCC2,564,250,68.58,47.58,96.45,310.66,3.91,0.3211
None,410,255,0.0,0.0,0.0,0.0,0.0,0.0
None,312,451,0.0,0.0,0.0,0.0,0.0,0.0
Cc1ccc(C2(c3ccc(N4C(=O)C5C(=O)N(C)C(=O)C5C4=O)c(Cl)c3)c3ccccc3-c3ccccc32)cc1Cl,355,900,84.42,31.05,109.25,359.42,3.63,0.4673
Cc1ccc2c3c(cccc13)-c1ccc(-n3c(=O)c4cc(C)c5c(c(-c6ccc7c(c6)C(=O)N(C)C7=O)cc6c(=O)oc(=O)c65)c4c3=O)cc1-2,182,645,0.93,16.55,182.7,414.37,3.33,0.0062
None,477,594,0.0,0.0,0.0,0.0,0.0,0.0
None,"142,122,324,110","175,690,1001,519",0.0,0.0,0.0,0.0,0.0,0.0
None,110,972,0.0,0.0,0.0,0.0,0.0,0.0
None,138,136,0.0,0.0,0.0,0.0,0.0,0.0
None,455,812,0.0,0.0,0.0,0.0,0.0,0.0
None,460,821,0.0,0.0,0.0,0.0,0.0,0.0
None,76,889,0.0,0.0,0.0,0.0,0.0,0.0
None,434,933,0.0,0.0,0.0,0.0,0.0,0.0
CCCC(CCC)(c1ccc(-n2c(=O)c3c4c(=O)oc(=O)c4c4c5c(=O)oc(=O)c5c5c(=O)n(C)c(=O)c5c4c3c2=O)cc1)c1cc(C)cc(-c2ccc(C#N)c(C#N)c2)c1,"384,523,283","672,411,871",0.78,31.63,108.05,413.48,4.04,0.0043
Cc1ccc(C2(c3ccc(-n4c(=O)c5c(C)c6c(=O)n(C)c(=O)c6c(-c6ccc7c(c6)C(=O)OC7=O)c5c4=O)c(Cl)c3)c3ccccc3-c3ccccc32)cc1Cl,502,900,11.56,27.92,103.76,393.39,3.57,0.0666
None,89,132,0.0,0.0,0.0,0.0,0.0,0.0
None,"330,515","281,713",0.0,0.0,0.0,0.0,0.0,0.0
None,521,43,0.0,0.0,0.0,0.0,0.0,0.0
None,155,768,0.0,0.0,0.0,0.0,0.0,0.0
None,537,923,0.0,0.0,0.0,0.0,0.0,0.0
None,188,995,0.0,0.0,0.0,0.0,0.0,0.0
None,434,211,0.0,0.0,0.0,0.0,0.0,0.0
None,510,380,0.0,0.0,0.0,0.0,0.0,0.0
None,522,36,0.0,0.0,0.0,0.0,0.0,0.0
None,147,191,0.0,0.0,0.0,0.0,0.0,0.0
None,486,40,0.0,0.0,0.0,0.0,0.0,0.0
None,310,51,0.0,0.0,0.0,0.0,0.0,0.0
None,361,133,0.0,0.0,0.0,0.0,0.0,0.0
None,327,314,0.0,0.0,0.0,0.0,0.0,0.0
None,384,136,0.0,0.0,0.0,0.0,0.0,0.0
None,224,459,0.0,0.0,0.0,0.0,0.0,0.0
None,384,486,0.0,0.0,0.0,0.0,0.0,0.0
None,479,439,0.0,0.0,0.0,0.0,0.0,0.0
None,42,203,0.0,0.0,0.0,0.0,0.0,0.0
Cc1ccc2nc3ccc(N4C(=O)C5(C)C6(C)C(=O)N(C)C(=O)C6(C)C5(C)C4=O)cc3c(C)c2c1,377,662,71.31,11.42,142.21,416.07,4.19,0.4299
None,421,993,0.0,0.0,0.0,0.0,0.0,0.0
None,"35,359","882,58",0.0,0.0,0.0,0.0,0.0,0.0
None,69,417,0.0,0.0,0.0,0.0,0.0,0.0
None,"350,259","925,890",0.0,0.0,0.0,0.0,0.0,0.0
None,179,297,0.0,0.0,0.0,0.0,0.0,0.0
None,"325,447","237,434",0.0,0.0,0.0,0.0,0.0,0.0
Cc1ccc2c(c1)C1c3ccccc3C2c2cc(N3C(=O)C4C(=O)N(C)C(=O)C4C3=O)ccc21,355,1001,84.23,41.86,88.52,424.43,4.6,0.4029
None,56,414,0.0,0.0,0.0,0.0,0.0,0.0
None,386,755,0.0,0.0,0.0,0.0,0.0,0.0
None,177,234,0.0,0.0,0.0,0.0,0.0,0.0
None,85,490,0.0,0.0,0.0,0.0,0.0,0.0
None,"194,19,167","366,831,91",0.0,0.0,0.0,0.0,0.0,0.0
Cc1cc(F)c2cc3cc(N4C(=O)c5ccc(C(C6=CCC7(C)C(=O)N(C)C(=O)C7=C6)(C(F)(F)F)C(F)(F)F)cc5C4=O)ccc3cc2c1F,301,617,77.59,45.69,104.11,329.85,4.25,0.358
None,47,364,0.0,0.0,0.0,0.0,0.0,0.0
None,361,239,0.0,0.0,0.0,0.0,0.0,0.0
None,473,570,0.0,0.0,0.0,0.0,0.0,0.0
C=CC(C)(c1ccc(C)cc1)C1C=C(N2C(=O)C3=CC(c4ccc5c(c4)C(=O)N(C)C5=O)=CCC3C2=O)C=CC1,"68,538","701,333",77.4,45.59,92.77,301.3,4.57,0.328
None,386,806,0.0,0.0,0.0,0.0,0.0,0.0
None,457,415,0.0,0.0,0.0,0.0,0.0,0.0
Cc1ccc2c(c1)C1C(=O)N(C)C(=O)C1CC2C1CC(=O)N(c2c3ccccc3cc3cccc(C)c23)C1=O,"553,322,547","401,313,220",81.93,48.26,108.8,346.51,3.99,0.3942
None,333,58,0.0,0.0,0.0,0.0,0.0,0.0
None,"345,204","317,324",0.0,0.0,0.0,0.0,0.0,0.0
None,455,67,0.0,0.0,0.0,0.0,0.0,0.0
None,"333,552","722,154",0.0,0.0,0.0,0.0,0.0,0.0
None,166,232,0.0,0.0,0.0,0.0,0.0,0.0
None,567,941,0.0,0.0,0.0,0.0,0.0,0.0
Cc1cccc2c(N3C(=O)c4cc5c(cc4C3=O)C3C=CC5C4C(=O)N(C)C(=O)C34)cc(F)cc12,"450,217","785,236",76.71,29.44,109.42,430.37,4.75,0.3922
None,11,253,0.0,0.0,0.0,0.0,0.0,0.0
None,167,838,0.0,0.0,0.0,0.0,0.0,0.0
None,42,296,0.0,0.0,0.0,0.0,0.0,0.0
None,225,775,0.0,0.0,0.0,0.0,0.0,0.0
None,497,374,0.0,0.0,0.0,0.0,0.0,0.0
None,"297,506","630,82",0.0,0.0,0.0,0.0,0.0,0.0
None,228,204,0.0,0.0,0.0,0.0,0.0,0.0
None,"35,425","957,273",0.0,0.0,0.0,0.0,0.0,0.0
None,"506,498","902,549",0.0,0.0,0.0,0.0,0.0,0.0
None,507,320,0.0,0.0,0.0,0.0,0.0,0.0
None,"72,482","430,22",0.0,0.0,0.0,0.0,0.0,0.0
None,90,576,0.0,0.0,0.0,0.0,0.0,0.0
Cc1cc(F)c(C(CCF)c2ccc(N3C(=O)c4ccc(S(=O)(=O)c5ccc6c(c5)C(=O)N(C)C6=O)cc4C3=O)cc2)c(F)c1F,"562,507","934,763",78.84,48.33,87.9,282.52,3.61,0.3715
CC1CCCc2cccc(-n3c(=O)c4cc5ccc6cc7c(=O)n(C)c(=O)c7cc6ccc5cc4c3=O)c21,"88,223","199,247",5.09,27.55,99.89,413.96,3.3,0.0306
None,362,853,0.0,0.0,0.0,0.0,0.0,0.0
None,442,160,0.0,0.0,0.0,0.0,0.0,0.0
None,264,585,0.0,0.0,0.0,0.0,0.0,0.0
None,453,824,0.0,0.0,0.0,0.0,0.0,0.0
CC1=CC=C(Oc2ccc(N3C(=O)C4C5C(=O)N(C)C(=O)C5(F)C4(C)C3=O)cc2)C(C)C1,"105,364","413,378",78.92,50.35,92.17,293.35,4.61,0.3202
None,383,224,0.0,0.0,0.0,0.0,0.0,0.0
None,518,982,0.0,0.0,0.0,0.0,0.0,0.0
None,"14,116","25,962",0.0,0.0,0.0,0.0,0.0,0.0
None,67,965,0.0,0.0,0.0,0.0,0.0,0.0
None,"315,360","882,470",0.0,0.0,0.0,0.0,0.0,0.0
Cc1ccc(-c2ccc3ccc4ccc(N5C(=O)c6ccc([Si](C)(C)c7ccc8c(c7)C(=O)N(C)C8=O)cc6C5=O)c5ccc2c3c45)cc1,571,445,39.03,11.84,133.7,358.81,3.13,0.252
None,46,172,0.0,0.0,0.0,0.0,0.0,0.0
None,"278,354","401,837",0.0,0.0,0.0,0.0,0.0,0.0
None,257,326,0.0,0.0,0.0,0.0,0.0,0.0
None,8,381,0.0,0.0,0.0,0.0,0.0,0.0
None,242,554,0.0,0.0,0.0,0.0,0.0,0.0
Cc1cc(N2C(=O)C3(C)C4(C)C(=O)N(C)C(=O)C4(C)C3(C)C2=O)c2c3c(cccc13)Cc1ccccc1-2,"377,235","920,546",71.92,48.42,112.62,356.66,4.37,0.3317
CC1=C2C(=O)N(C)C(=O)C2=CC(Oc2ccc3c(c2)C(=O)N(c2cc4cc(C)c(C)cc4cc2C)C3=O)=CC1,126,251,66.16,50.09,104.03,320.95,3.25,0.3397
None,"564,474","415,136",0.0,0.0,0.0,0.0,0.0,0.0
None,"51,383","14,927",0.0,0.0,0.0,0.0,0.0,0.0
None,"212,31","874,183",0.0,0.0,0.0,0.0,0.0,0.0
None,57,270,0.0,0.0,0.0,0.0,0.0,0.0
Cc1c(N2C(=O)c3ccc(C4C=C5C(=O)N(C)C(=O)C5=CC4)cc3C2=O)cc2ccccc2c1C,23,605,63.83,45.52,97.98,356.12,3.55,0.3295
None,"551,105","961,321",0.0,0.0,0.0,0.0,0.0,0.0
None,74,476,0.0,0.0,0.0,0.0,0.0,0.0
None,357,972,0.0,0.0,0.0,0.0,0.0,0.0
None,299,125,0.0,0.0,0.0,0.0,0.0,0.0
None,"83,540","643,625",0.0,0.0,0.0,0.0,0.0,0.0
None,451,11,0.0,0.0,0.0,0.0,0.0,0.0
None,196,822,0.0,0.0,0.0,0.0,0.0,0.0
None,"345,88,284","602,803,940",0.0,0.0,0.0,0.0,0.0,0.0
None,184,146,0.0,0.0,0.0,0.0,0.0,0.0
None,436,851,0.0,0.0,0.0,0.0,0.0,0.0
None,54,292,0.0,0.0,0.0,0.0,0.0,0.0
Cc1ccc2c(ccc3c(N4C(=O)c5ccc(C#Cc6ccc7c(c6)C(=O)N(C)C7=O)cc5C4=O)cccc32)c1,493,612,1.09,43.88,169.31,312.48,2.72,0.0064
None,500,601,0.0,0.0,0.0,0.0,0.0,0.0
None,234,838,0.0,0.0,0.0,0.0,0.0,0.0
None,"94,274","150,528",0.0,0.0,0.0,0.0,0.0,0.0
None,460,556,0.0,0.0,0.0,0.0,0.0,0.0
CC1=C(c2ccc(C)cc2)CC(C)(C)C(N2C(=O)C3C4CC(C3C2=O)C2C3CC(C5C(=O)N(C)C(=O)C35)C42)=C1C,353,911,84.15,52.68,92.06,372.03,5.94,0.3411
None,376,553,0.0,0.0,0.0,0.0,0.0,0.0
None,"337,4","547,375",0.0,0.0,0.0,0.0,0.0,0.0
None,546,97,0.0,0.0,0.0,0.0,0.0,0.0
None,53,99,0.0,0.0,0.0,0.0,0.0,0.0
None,547,855,0.0,0.0,0.0,0.0,0.0,0.0
None,329,56,0.0,0.0,0.0,0.0,0.0,0.0
None,"176,295","876,128",0.0,0.0,0.0,0.0,0.0,0.0
None,"574,226,289","683,459,339",0.0,0.0,0.0,0.0,0.0,0.0
None,534,384,0.0,0.0,0.0,0.0,0.0,0.0
None,50,333,0.0,0.0,0.0,0.0,0.0,0.0
None,56,572,0.0,0.0,0.0,0.0,0.0,0.0
None,179,542,0.0,0.0,0.0,0.0,0.0,0.0
None,285,507,0.0,0.0,0.0,0.0,0.0,0.0
None,"526,524","313,253",0.0,0.0,0.0,0.0,0.0,0.0
None,"219,406,459","455,772,5",0.0,0.0,0.0,0.0,0.0,0.0
None,449,361,0.0,0.0,0.0,0.0,0.0,0.0
Cc1ccc2nc3ccc(N4C(=O)C5C6C(=O)N(C)C(=O)C6(F)C5C4=O)cc3c(C)c2c1,"372,159","593,662",77.15,10.36,122.61,453.22,4.0,0.4815
None,414,106,0.0,0.0,0.0,0.0,0.0,0.0
None,408,805,0.0,0.0,0.0,0.0,0.0,0.0
None,215,804,0.0,0.0,0.0,0.0,0.0,0.0
None,443,12,0.0,0.0,0.0,0.0,0.0,0.0
None,56,155,0.0,0.0,0.0,0.0,0.0,0.0
Cc1cccc2c(-c3cc(Cl)cc(-c4ccc(N5C(=O)C6C7C(=O)N(C)C(=O)C7C6C5=O)cc4)c3)c3ccccc3cc12,"544,258","410,426",82.26,25.61,132.15,356.82,3.84,0.4627
None,65,864,0.0,0.0,0.0,0.0,0.0,0.0
None,"573,563","644,582",0.0,0.0,0.0,0.0,0.0,0.0
None,537,554,0.0,0.0,0.0,0.0,0.0,0.0
None,"536,218","455,484",0.0,0.0,0.0,0.0,0.0,0.0
None,451,408,0.0,0.0,0.0,0.0,0.0,0.0
None,312,936,0.0,0.0,0.0,0.0,0.0,0.0
None,148,518,0.0,0.0,0.0,0.0,0.0,0.0
C=C(c1ccc(N2C(=O)c3ccc(S(=O)(=O)c4ccc5c(c4)C(=O)N(C)C5=O)cc3C2=O)cc1)C(C)(C)C(C)(C)c1ccc(C)cc1,562,706,79.66,46.52,96.58,298.54,3.09,0.4148
None,316,53,0.0,0.0,0.0,0.0,0.0,0.0
None,149,5,0.0,0.0,0.0,0.0,0.0,0.0
None,457,595,0.0,0.0,0.0,0.0,0.0,0.0
None,296,283,0.0,0.0,0.0,0.0,0.0,0.0
CN1C(=O)C2C=CC(c3ccc4c(c3)C(=O)N(c3ccc(C5=CCC(C)(F)C=C5)cc3)C4=O)=CC2C1=O,521,959,76.04,19.08,108.08,326.25,4.24,0.4022
Cc1ccc(S(=O)(=O)c2ccc(N3C(=O)c4ccc(CC5=CC6C(=O)N(C)C(=O)C6C=C5)cc4C3=O)c(Cl)c2)cc1Cl,520,822,80.14,45.85,87.54,309.51,3.83,0.3793
None,"107,235","951,817",0.0,0.0,0.0,0.0,0.0,0.0
Cc1ccc(-c2ccc(N3C(=O)CC(c4ccc5ccc(C6(c7ccc8c(c7)C(=O)N(C)C8=O)CCCCC6)cc5c4)C3=O)c(Cl)c2)cc1,"112,80,69","530,149,178",14.04,35.7,88.77,375.54,3.51,0.0768
None,48,105,0.0,0.0,0.0,0.0,0.0,0.0
None,428,140,0.0,0.0,0.0,0.0,0.0,0.0
None,188,896,0.0,0.0,0.0,0.0,0.0,0.0
None,288,151,0.0,0.0,0.0,0.0,0.0,0.0
None,486,356,0.0,0.0,0.0,0.0,0.0,0.0
CC1=CC=C(c2ccc(N3C(=O)C4C=CC(c5ccc6c(c5)C(=O)N(C)C6=O)=CC4C3=O)cc2)CC1(F)F,521,931,78.49,25.61,103.53,336.02,4.08,0.4122
None,"125,537","539,301",0.0,0.0,0.0,0.0,0.0,0.0
Cc1ccc(C2(c3ccc(N4C(=O)C5=CC=C(c6ccc7c(c6)C(=O)N(C)C7=O)C(C)C5C4=O)c(C)c3)c3ccccc3-c3ccccc32)cc1C,318,895,80.9,47.27,100.54,362.21,4.09,0.3879
None,468,756,0.0,0.0,0.0,0.0,0.0,0.0
None,400,611,0.0,0.0,0.0,0.0,0.0,0.0
None,225,319,0.0,0.0,0.0,0.0,0.0,0.0
None,120,270,0.0,0.0,0.0,0.0,0.0,0.0
None,482,193,0.0,0.0,0.0,0.0,0.0,0.0
None,"47,287","25,285",0.0,0.0,0.0,0.0,0.0,0.0
None,210,299,0.0,0.0,0.0,0.0,0.0,0.0
CC1=CC2(C)C3C(=O)N(C)C(=O)C3C1C1C(=O)N(c3ccc4c(c3)CCc3cc5c(cc3-4)CCc3cc(C)ccc3-5)C(=O)C12,376,540,79.09,35.43,96.16,383.44,5.26,0.3598
None,"41,435","742,502",0.0,0.0,0.0,0.0,0.0,0.0
None,181,639,0.0,0.0,0.0,0.0,0.0,0.0
None,308,327,0.0,0.0,0.0,0.0,0.0,0.0
CC1CCC(N2C(=O)c3ccc(C4=CCC5C(=O)N(C)C(=O)C5=C4)cc3C2=O)CC1,"320,192,538","994,107,7",75.3,50.96,95.22,381.23,3.47,0.3891
None,"297,464","68,494",0.0,0.0,0.0,0.0,0.0,0.0
None,"256,45,4","90,985,886",0.0,0.0,0.0,0.0,0.0,0.0
None,492,825,0.0,0.0,0.0,0.0,0.0,0.0
None,"270,515,239","919,15,46",0.0,0.0,0.0,0.0,0.0,0.0
None,"366,552","589,179",0.0,0.0,0.0,0.0,0.0,0.0
None,228,652,0.0,0.0,0.0,0.0,0.0,0.0
Cc1ccc(-c2c3ccccc3cc3c(N4C(=O)c5ccc(C6=CC=C7C(=O)N(C)C(=O)C7C6)cc5C4=O)cccc23)cc1,508,426,8.16,34.92,103.42,357.62,3.47,0.045
None,320,834,0.0,0.0,0.0,0.0,0.0,0.0
None,"333,122,524","248,436,237",0.0,0.0,0.0,0.0,0.0,0.0
None,243,923,0.0,0.0,0.0,0.0,0.0,0.0
None,534,294,0.0,0.0,0.0,0.0,0.0,0.0
None,336,320,0.0,0.0,0.0,0.0,0.0,0.0
Cc1ccc(C2=C(c3ccc(N4C(=O)c5ccc(-c6c7ccccc7cc7cc8c(cc67)C(=O)N(C)C8=O)cc5C4=O)cc3)C(F)(F)C(F)(F)C2(F)F)cc1,"74,394","514,938",7.27,30.31,157.64,376.26,3.46,0.0433
None,46,959,0.0,0.0,0.0,0.0,0.0,0.0
Cc1ccc2c(c1)S(=O)(=O)c1cc(N3C(=O)c4ccc(OC5=CC=CC6C(=O)N(C)C(=O)C56)cc4C3=O)ccc1C2,7,898,80.0,46.29,87.05,333.04,4.14,0.3686
Cc1ccc([Si](C)(C)c2ccc(N3C(=O)C4C5CC(C6C(=O)N(C)C(=O)C56)C4C3=O)cc2)cc1,"238,572","808,821",78.31,22.04,101.9,355.72,4.81,0.3857
None,171,568,0.0,0.0,0.0,0.0,0.0,0.0
None,420,353,0.0,0.0,0.0,0.0,0.0,0.0
None,297,103,0.0,0.0,0.0,0.0,0.0,0.0
None,268,516,0.0,0.0,0.0,0.0,0.0,0.0
None,146,895,0.0,0.0,0.0,0.0,0.0,0.0
Cc1ccccc1N=Nc1ccccc1N1C(=O)C2C3CC(C2C1=O)C1C2CC(C4C(=O)N(C)C(=O)C24)C31,"353,407","918,6",79.64,44.66,105.43,420.55,5.66,0.3591
None,315,292,0.0,0.0,0.0,0.0,0.0,0.0
None,"474,275","920,33",0.0,0.0,0.0,0.0,0.0,0.0
None,"315,468","957,325",0.0,0.0,0.0,0.0,0.0,0.0
None,"98,287","182,925",0.0,0.0,0.0,0.0,0.0,0.0
None,331,371,0.0,0.0,0.0,0.0,0.0,0.0
None,459,447,0.0,0.0,0.0,0.0,0.0,0.0
None,53,22,0.0,0.0,0.0,0.0,0.0,0.0
None,154,342,0.0,0.0,0.0,0.0,0.0,0.0
None,252,276,0.0,0.0,0.0,0.0,0.0,0.0
None,59,876,0.0,0.0,0.0,0.0,0.0,0.0
None,405,3,0.0,0.0,0.0,0.0,0.0,0.0
None,"207,503","259,498",0.0,0.0,0.0,0.0,0.0,0.0
None,171,217,0.0,0.0,0.0,0.0,0.0,0.0
Cc1ccc(C#N)c2c(N3C(=O)C4C5C=CC(C6C(=O)N(C)C(=O)C56)C4C3=O)cccc12,575,132,76.11,32.66,102.48,424.28,4.87,0.3727
None,"21,487","250,938",0.0,0.0,0.0,0.0,0.0,0.0
None,501,211,0.0,0.0,0.0,0.0,0.0,0.0
None,546,248,0.0,0.0,0.0,0.0,0.0,0.0
None,389,265,0.0,0.0,0.0,0.0,0.0,0.0
None,569,673,0.0,0.0,0.0,0.0,0.0,0.0
None,"97,467","405,821",0.0,0.0,0.0,0.0,0.0,0.0
None,552,277,0.0,0.0,0.0,0.0,0.0,0.0
Cc1ccc2cc(N3C(=O)c4ccc(-c5c6c(=O)oc(=O)c6c(C)c6c(=O)n(C)c(=O)c56)cc4C3=O)c(F)c(F)c2c1,502,228,1.19,5.73,139.27,412.23,3.24,0.0081
None,"192,41","912,430",0.0,0.0,0.0,0.0,0.0,0.0
None,463,325,0.0,0.0,0.0,0.0,0.0,0.0
None,428,793,0.0,0.0,0.0,0.0,0.0,0.0
None,"20,515,465","281,402,778",0.0,0.0,0.0,0.0,0.0,0.0
None,0,734,0.0,0.0,0.0,0.0,0.0,0.0
None,544,357,0.0,0.0,0.0,0.0,0.0,0.0
None,10,984,0.0,0.0,0.0,0.0,0.0,0.0
Cc1ccc2c(=O)c3ccc(N4C(=O)c5ccc(C6(c7ccc8c(c7)C(=O)N(C)C8=O)c7ccccc7-c7ccccc76)cc5C4=O)cc3[nH]c2c1,"570,398","584,887",1.99,33.76,131.08,403.62,3.14,0.0121
None,247,47,0.0,0.0,0.0,0.0,0.0,0.0
None,"302,405","533,987",0.0,0.0,0.0,0.0,0.0,0.0
None,"214,97,38","218,723,972",0.0,0.0,0.0,0.0,0.0,0.0
Cc1cc2cccc(C)c2cc1N1C(=O)c2ccc(C3CC4CC3C3C(=O)N(C)C(=O)C43)cc2C1=O,64,149,76.31,50.29,115.18,404.25,4.64,0.35
None,482,529,0.0,0.0,0.0,0.0,0.0,0.0
Cc1cc(N2C(=O)c3ccc(-c4cccc(C)c4C(C4=CCC5C(=O)N(C)C(=O)C5C4)(C(F)(F)F)C(F)(F)F)cc3C2=O)c2cc(C)cc(C)c2c1,"135,348","170,525",84.91,55.49,99.52,360.6,4.26,0.3791
None,59,317,0.0,0.0,0.0,0.0,0.0,0.0
None,206,468,0.0,0.0,0.0,0.0,0.0,0.0
None,559,452,0.0,0.0,0.0,0.0,0.0,0.0
None,474,273,0.0,0.0,0.0,0.0,0.0,0.0
None,545,213,0.0,0.0,0.0,0.0,0.0,0.0
None,372,104,0.0,0.0,0.0,0.0,0.0,0.0
None,231,44,0.0,0.0,0.0,0.0,0.0,0.0
Cc1cccc(-n2c(=O)c3c4c(=O)oc(=O)c4c4c5c(=O)oc(=O)c5c5c(=O)n(C)c(=O)c5c4c3c2=O)c1,"384,28","399,995",0.28,10.44,218.23,412.57,3.21,0.002
None,393,29,0.0,0.0,0.0,0.0,0.0,0.0
None,7,340,0.0,0.0,0.0,0.0,0.0,0.0
Cc1ccc(C2=CC=C(N3C(=O)C4C(C3=O)C3C5CC(C6C7CC(C56)C5C6C(=O)N(C)C(=O)C6C75)C43)C(F)(F)C2)cc1,"124,409","931,875",82.91,49.88,87.28,439.42,6.55,0.3624
None,142,461,0.0,0.0,0.0,0.0,0.0,0.0
CC1=C2C(=O)N(C)C(=O)C2=CC(Oc2ccc3c(c2)C(=O)N(c2c(C)ccc4cccc(C)c24)C3=O)=CC1,126,254,58.48,52.31,106.27,326.15,3.24,0.2992
None,"19,480","895,744",0.0,0.0,0.0,0.0,0.0,0.0
None,483,790,0.0,0.0,0.0,0.0,0.0,0.0
None,441,395,0.0,0.0,0.0,0.0,0.0,0.0
None,209,539,0.0,0.0,0.0,0.0,0.0,0.0
None,529,483,0.0,0.0,0.0,0.0,0.0,0.0
None,"283,524","313,518",0.0,0.0,0.0,0.0,0.0,0.0
None,276,315,0.0,0.0,0.0,0.0,0.0,0.0
None,"20,104","215,942",0.0,0.0,0.0,0.0,0.0,0.0
None,68,277,0.0,0.0,0.0,0.0,0.0,0.0
None,298,501,0.0,0.0,0.0,0.0,0.0,0.0
None,"474,441","518,147",0.0,0.0,0.0,0.0,0.0,0.0
None,377,315,0.0,0.0,0.0,0.0,0.0,0.0
None,168,295,0.0,0.0,0.0,0.0,0.0,0.0
None,"17,335","683,535",0.0,0.0,0.0,0.0,0.0,0.0
None,"55,44","172,142",0.0,0.0,0.0,0.0,0.0,0.0
C=Cc1cc(-c2ccc3c(c2)C(=O)N(c2ccc(C#CC#Cc4ccc(C)c(F)c4)cc2F)C3=O)cc2c1C(=O)N(C)C2=O,479,481,2.27,57.74,131.12,269.82,3.27,0.011
None,398,147,0.0,0.0,0.0,0.0,0.0,0.0
None,509,517,0.0,0.0,0.0,0.0,0.0,0.0
None,392,811,0.0,0.0,0.0,0.0,0.0,0.0
Cc1cc2c(C)cccc2c(N2C(=O)C3CC4CC5C(=O)N(C)C(=O)C5C4CC3C2=O)c1C,351,121,80.18,53.3,101.24,432.98,4.27,0.3857
None,203,181,0.0,0.0,0.0,0.0,0.0,0.0
Cc1cc(-c2ccc(N3C(=O)c4ccc(C5CC6CC5C5C(=O)N(C)C(=O)C65)cc4C3=O)cc2)ccc1F,64,367,76.54,40.35,113.77,367.3,4.53,0.3639
None,235,678,0.0,0.0,0.0,0.0,0.0,0.0
None,"535,37","497,420",0.0,0.0,0.0,0.0,0.0,0.0
None,216,350,0.0,0.0,0.0,0.0,0.0,0.0
None,234,278,0.0,0.0,0.0,0.0,0.0,0.0
None,376,47,0.0,0.0,0.0,0.0,0.0,0.0
None,"84,430","624,487",0.0,0.0,0.0,0.0,0.0,0.0
None,213,743,0.0,0.0,0.0,0.0,0.0,0.0
None,402,1,0.0,0.0,0.0,0.0,0.0,0.0
None,474,487,0.0,0.0,0.0,0.0,0.0,0.0
Cc1cccc2ccc(C#N)c(N3C(=O)C4C5C(=O)N(C)C(=O)C5(C)C4(C)C3=O)c12,370,81,71.62,46.82,118.33,411.49,4.27,0.3555
Cc1ccc2cc3c(cc2c1)Cc1cc2cc(N4C(=O)C5C=CC(C6(c7ccc8c(c7)C(=O)N(C)C8=O)c7ccccc7-c7ccccc76)=CC5C4=O)ccc2cc1O3,47,440,64.06,38.27,92.27,386.1,4.39,0.3124
None,513,259,0.0,0.0,0.0,0.0,0.0,0.0
Cc1ccc(C2(c3ccc(-n4c(=O)c5cc6ccc7c8cc9c(=O)n(C)c(=O)c9cc8ccc7c6cc5c4=O)cc3)OC(=O)c3ccccc32)cc1,262,902,2.7,20.44,147.92,413.82,3.64,0.0167
None,34,977,0.0,0.0,0.0,0.0,0.0,0.0
None,340,665,0.0,0.0,0.0,0.0,0.0,0.0
None,161,293,0.0,0.0,0.0,0.0,0.0,0.0
None,497,789,0.0,0.0,0.0,0.0,0.0,0.0
None,337,330,0.0,0.0,0.0,0.0,0.0,0.0
None,574,433,0.0,0.0,0.0,0.0,0.0,0.0
None,"134,176,15","992,495,657",0.0,0.0,0.0,0.0,0.0,0.0
None,311,270,0.0,0.0,0.0,0.0,0.0,0.0
None,200,204,0.0,0.0,0.0,0.0,0.0,0.0
None,232,554,0.0,0.0,0.0,0.0,0.0,0.0
Cc1ccc(C2(c3ccc(N4C(=O)c5ccc(C6(c7ccc8c(c7)C(=O)N(C)C8=O)c7ccccc7C7CCCCC76)cc5C4=O)cc3)OC(=O)c3ccccc32)cc1,152,902,80.34,40.53,107.95,398.48,4.55,0.3884
None,"4,117,396","980,417,669",0.0,0.0,0.0,0.0,0.0,0.0
None,292,433,0.0,0.0,0.0,0.0,0.0,0.0
None,253,769,0.0,0.0,0.0,0.0,0.0,0.0
Cc1c(C)c(C)c(N2C(=O)C3=CC(C(c4ccc5c(c4)C(=O)N(C)C5=O)(C(F)(F)F)C(F)(F)F)=CCC3(C)C2=O)c(C)c1C,"301,545","676,991",84.83,44.86,101.89,384.36,4.15,0.4165
None,166,16,0.0,0.0,0.0,0.0,0.0,0.0
None,"60,550,286,419","296,931,349,995",0.0,0.0,0.0,0.0,0.0,0.0
None,262,503,0.0,0.0,0.0,0.0,0.0,0.0
None,"256,173","804,516",0.0,0.0,0.0,0.0,0.0,0.0
None,175,559,0.0,0.0,0.0,0.0,0.0,0.0
None,477,890,0.0,0.0,0.0,0.0,0.0,0.0
Cc1ccc(-c2c(F)cc(N3C(=O)C4C5C(=O)N(C)C(=O)C5(C)C4(C)C3=O)cc2F)cc1,"132,370","626,176",73.21,15.0,117.72,368.8,3.99,0.4226
Cc1ccc(N2C(=O)C3CCC(c4ccc(C5(c6ccc(-c7ccc8c(c7)C(=O)N(C)C8=O)cc6)c6ccccc6-c6ccccc65)cc4)CC3C2=O)c2ccccc12,"55,24","261,697",66.23,42.36,91.73,432.6,4.12,0.3403
None,"75,427","529,789",0.0,0.0,0.0,0.0,0.0,0.0
None,482,538,0.0,0.0,0.0,0.0,0.0,0.0
None,93,875,0.0,0.0,0.0,0.0,0.0,0.0
None,486,289,0.0,0.0,0.0,0.0,0.0,0.0
None,"485,93","693,437",0.0,0.0,0.0,0.0,0.0,0.0
None,312,509,0.0,0.0,0.0,0.0,0.0,0.0
C=Cc1ccc2c(c1)C(c1ccc3c(c1)C(=O)N(C)C3=O)(c1ccc3c(c1)C(=O)N(c1cc(F)c(F)c(F)c1-c1ccc(C)cc1)C3=O)c1cc(C=C)ccc1-2,150,751,5.78,55.84,108.31,365.59,3.54,0.0289
None,"20,381","724,913",0.0,0.0,0.0,0.0,0.0,0.0
None,513,232,0.0,0.0,0.0,0.0,0.0,0.0
CC1=C(C2CC(=O)N(c3ccc4cc5c(cc4c3)C(c3ccccc3)(c3ccccc3)c3cc4cc(C)ccc4cc3O5)C2=O)CCC2C(=O)N(C)C(=O)C12,484,435,77.56,41.16,84.21,326.82,4.43,0.3494
Cc1cc(C)c2cc(N3C(=O)c4ccc([Si](C)(C)c5ccc6c(c5)C(=O)N(C)C6=O)cc4C3=O)ccc2c1,571,154,71.89,17.89,128.51,327.74,2.91,0.4533
None,"370,243,194,419,86","331,694,690,128,622",0.0,0.0,0.0,0.0,0.0,0.0
None,455,670,0.0,0.0,0.0,0.0,0.0,0.0
None,487,820,0.0,0.0,0.0,0.0,0.0,0.0
None,436,174,0.0,0.0,0.0,0.0,0.0,0.0
None,474,744,0.0,0.0,0.0,0.0,0.0,0.0
Cc1ccc(C2(c3ccc(-n4c(=O)c5cc(C)c6c(c(-c7ccc8c(c7)C(=O)N(C)C8=O)cc7c(=O)oc(=O)c76)c5c4=O)cc3)CCCc3ccccc32)cc1,182,795,10.23,28.49,134.24,398.19,3.93,0.058
None,146,628,0.0,0.0,0.0,0.0,0.0,0.0
None,"342,234","345,924",0.0,0.0,0.0,0.0,0.0,0.0
None,134,871,0.0,0.0,0.0,0.0,0.0,0.0
None,"197,14","351,885",0.0,0.0,0.0,0.0,0.0,0.0
None,"91,210","195,163",0.0,0.0,0.0,0.0,0.0,0.0
None,"74,504","716,434",0.0,0.0,0.0,0.0,0.0,0.0
Cc1cc2c(=O)n(-c3ccc(OC4=CC=CC(C)C4)cc3)c(=O)c2c2c(-c3ccc4c(c3)C(=O)OC4=O)cc3c(=O)n(C)c(=O)c3c12,182,338,12.8,31.58,92.09,331.86,3.95,0.0655
None,"55,81","886,253",0.0,0.0,0.0,0.0,0.0,0.0
None,379,561,0.0,0.0,0.0,0.0,0.0,0.0
None,224,512,0.0,0.0,0.0,0.0,0.0,0.0
None,97,315,0.0,0.0,0.0,0.0,0.0,0.0
None,"409,97","689,703",0.0,0.0,0.0,0.0,0.0,0.0
None,545,365,0.0,0.0,0.0,0.0,0.0,0.0
None,144,619,0.0,0.0,0.0,0.0,0.0,0.0
None,241,607,0.0,0.0,0.0,0.0,0.0,0.0
None,293,218,0.0,0.0,0.0,0.0,0.0,0.0
None,27,744,0.0,0.0,0.0,0.0,0.0,0.0
None,250,286,0.0,0.0,0.0,0.0,0.0,0.0
None,"92,470","343,412",0.0,0.0,0.0,0.0,0.0,0.0
None,367,452,0.0,0.0,0.0,0.0,0.0,0.0
None,28,327,0.0,0.0,0.0,0.0,0.0,0.0
None,"13,135,384","482,367,327",0.0,0.0,0.0,0.0,0.0,0.0
None,335,282,0.0,0.0,0.0,0.0,0.0,0.0
None,285,744,0.0,0.0,0.0,0.0,0.0,0.0
Cc1ccc(C2(c3ccc(N4C(=O)C5CC(C6CC(=O)N(C)C6=O)c6ccccc6C5C4=O)cc3)c3ccccc3Oc3cc4ccccc4cc32)cc1,"564,422","807,443",84.99,44.33,95.31,331.94,4.41,0.3833
None,50,937,0.0,0.0,0.0,0.0,0.0,0.0
None,56,943,0.0,0.0,0.0,0.0,0.0,0.0
None,46,628,0.0,0.0,0.0,0.0,0.0,0.0
None,307,583,0.0,0.0,0.0,0.0,0.0,0.0
None,462,75,0.0,0.0,0.0,0.0,0.0,0.0
None,127,329,0.0,0.0,0.0,0.0,0.0,0.0
None,139,186,0.0,0.0,0.0,0.0,0.0,0.0
None,234,31,0.0,0.0,0.0,0.0,0.0,0.0
None,299,226,0.0,0.0,0.0,0.0,0.0,0.0
None,67,967,0.0,0.0,0.0,0.0,0.0,0.0
None,143,242,0.0,0.0,0.0,0.0,0.0,0.0
None,"563,293","413,122",0.0,0.0,0.0,0.0,0.0,0.0
None,420,72,0.0,0.0,0.0,0.0,0.0,0.0
None,429,916,0.0,0.0,0.0,0.0,0.0,0.0
None,"81,140","473,469",0.0,0.0,0.0,0.0,0.0,0.0
Cc1ccc2c(c1)OCCOCCOc1cc(-n3c(=O)c4c(C)c5c(=O)n(C)c(=O)c5c(C(F)(C(F)(F)F)C(F)(F)c5ccc6c(c5)C(=O)OC6=O)c4c3=O)ccc1OCCOCCO2,"342,502","785,394",57.57,61.07,87.91,312.14,4.92,0.2095
None,512,787,0.0,0.0,0.0,0.0,0.0,0.0
None,"128,138","557,356",0.0,0.0,0.0,0.0,0.0,0.0
None,455,86,0.0,0.0,0.0,0.0,0.0,0.0
None,"120,102","692,694",0.0,0.0,0.0,0.0,0.0,0.0
None,139,27,0.0,0.0,0.0,0.0,0.0,0.0
None,148,951,0.0,0.0,0.0,0.0,0.0,0.0
None,431,796,0.0,0.0,0.0,0.0,0.0,0.0
None,"332,275","317,888",0.0,0.0,0.0,0.0,0.0,0.0
None,489,841,0.0,0.0,0.0,0.0,0.0,0.0
None,322,184,0.0,0.0,0.0,0.0,0.0,0.0
None,495,587,0.0,0.0,0.0,0.0,0.0,0.0
None,70,171,0.0,0.0,0.0,0.0,0.0,0.0
None,513,150,0.0,0.0,0.0,0.0,0.0,0.0
None,444,53,0.0,0.0,0.0,0.0,0.0,0.0
None,335,892,0.0,0.0,0.0,0.0,0.0,0.0
None,"563,466","13,638",0.0,0.0,0.0,0.0,0.0,0.0
None,"186,84","727,605",0.0,0.0,0.0,0.0,0.0,0.0
None,448,481,0.0,0.0,0.0,0.0,0.0,0.0
None,95,641,0.0,0.0,0.0,0.0,0.0,0.0
Cc1cc2c3ccccc3c(N3C(=O)c4ccc(-c5cc(F)c6c(c5)C(=O)N(C)C6=O)cc4C3=O)cc2c2ccccc12,345,631,0.93,33.73,179.74,345.08,2.82,0.0058
None,"573,293","831,264",0.0,0.0,0.0,0.0,0.0,0.0
None,291,885,0.0,0.0,0.0,0.0,0.0,0.0
None,"4,220","704,514",0.0,0.0,0.0,0.0,0.0,0.0
Cc1ccc2ccccc2c1C1=C(N2C(=O)c3ccc(-c4c#ccc5c4C(=O)N(C)C5=O)cc3C2=O)CC=C2C=CC=CC21,159,204,16.74,31.38,92.83,370.26,4.38,0.0836
None,512,789,0.0,0.0,0.0,0.0,0.0,0.0
None,360,528,0.0,0.0,0.0,0.0,0.0,0.0
CCCC(c1ccc(C)cc1)N1C(=O)CC(C2CC3C(=O)N(C)C(=O)C3c3ccccc32)C1=O,564,14,79.63,53.57,87.41,274.43,3.97,0.3429
None,445,975,0.0,0.0,0.0,0.0,0.0,0.0
Cc1ccc(S(=O)(=O)c2ccc(N3C(=O)C4C=CC(C5(c6ccc7c(c6)C(=O)N(C)C7=O)c6ccccc6-c6ccccc65)=CC4C3=O)cn2)cc1,47,836,82.89,39.96,87.7,414.43,4.12,0.4234
None,448,658,0.0,0.0,0.0,0.0,0.0,0.0
None,516,583,0.0,0.0,0.0,0.0,0.0,0.0
None,93,259,0.0,0.0,0.0,0.0,0.0,0.0
None,184,642,0.0,0.0,0.0,0.0,0.0,0.0
None,247,325,0.0,0.0,0.0,0.0,0.0,0.0
None,29,754,0.0,0.0,0.0,0.0,0.0,0.0
None,476,622,0.0,0.0,0.0,0.0,0.0,0.0
None,481,378,0.0,0.0,0.0,0.0,0.0,0.0
None,157,177,0.0,0.0,0.0,0.0,0.0,0.0
None,140,819,0.0,0.0,0.0,0.0,0.0,0.0
None,478,859,0.0,0.0,0.0,0.0,0.0,0.0
None,"80,142","770,455",0.0,0.0,0.0,0.0,0.0,0.0
None,210,114,0.0,0.0,0.0,0.0,0.0,0.0
None,191,38,0.0,0.0,0.0,0.0,0.0,0.0
None,180,520,0.0,0.0,0.0,0.0,0.0,0.0
None,414,330,0.0,0.0,0.0,0.0,0.0,0.0
None,"45,488","495,743",0.0,0.0,0.0,0.0,0.0,0.0
None,"282,214,115","147,400,410",0.0,0.0,0.0,0.0,0.0,0.0
None,468,90,0.0,0.0,0.0,0.0,0.0,0.0
None,140,84,0.0,0.0,0.0,0.0,0.0,0.0
Cc1ccc2c(N3C(=O)C4C=CC(C5(c6ccc7c(c6)C(=O)N(C)C7=O)c6ccccc6-c6ccccc65)=CC4C3=O)c(C)ccc2c1,47,158,78.71,33.62,102.88,397.26,4.01,0.4203
None,362,999,0.0,0.0,0.0,0.0,0.0,0.0
None,511,848,0.0,0.0,0.0,0.0,0.0,0.0
Cc1ccc2c(F)c(N3C(=O)C4C5C=CC(C6C(=O)N(C)C(=O)C56)C4C3=O)ccc2c1F,575,230,77.71,18.57,102.39,437.51,4.94,0.4084
Cc1ccc(C(C)(C)C2=CC=C(N3C(=O)c4ccc(-c5cc(F)c6c(c5)C(=O)N(C)C6=O)cc4C3=O)CC2)cc1,345,711,27.85,32.38,117.39,340.74,3.18,0.1605
None,423,343,0.0,0.0,0.0,0.0,0.0,0.0
None,76,189,0.0,0.0,0.0,0.0,0.0,0.0
Cc1ccc(C#N)c2c(N3C(=O)C4=CC=C(C(=O)c5ccc6c(c5)C(=O)N(C)C6=O)CC4C3=O)cccc12,"336,175","947,132",9.48,37.4,97.61,319.31,3.67,0.0487
None,305,653,0.0,0.0,0.0,0.0,0.0,0.0
Cc1ccc(C2(C)C=C(N3C(=O)C4(F)C5(F)C(=O)N(C)C(=O)C5(F)C4(F)C3=O)C=CC2)cc1,362,279,79.71,44.34,115.28,290.05,5.09,0.322
None,257,938,0.0,0.0,0.0,0.0,0.0,0.0
None,491,111,0.0,0.0,0.0,0.0,0.0,0.0
None,"172,145,159","562,641,796",0.0,0.0,0.0,0.0,0.0,0.0
None,34,791,0.0,0.0,0.0,0.0,0.0,0.0
None,477,779,0.0,0.0,0.0,0.0,0.0,0.0
None,226,104,0.0,0.0,0.0,0.0,0.0,0.0
None,464,805,0.0,0.0,0.0,0.0,0.0,0.0
None,1,859,0.0,0.0,0.0,0.0,0.0,0.0
None,256,735,0.0,0.0,0.0,0.0,0.0,0.0
None,174,204,0.0,0.0,0.0,0.0,0.0,0.0
None,213,926,0.0,0.0,0.0,0.0,0.0,0.0
None,436,966,0.0,0.0,0.0,0.0,0.0,0.0
None,258,204,0.0,0.0,0.0,0.0,0.0,0.0
None,223,743,0.0,0.0,0.0,0.0,0.0,0.0
None,"40,497","313,467",0.0,0.0,0.0,0.0,0.0,0.0
None,386,127,0.0,0.0,0.0,0.0,0.0,0.0
None,510,136,0.0,0.0,0.0,0.0,0.0,0.0
None,460,369,0.0,0.0,0.0,0.0,0.0,0.0
Cc1ccc2c(c1)OCCOc1ccc(N3C(=O)C45CCCCC46C(=O)N(C)C(=O)C64CCCCC45C3=O)cc1OCCOCCO2,371,386,88.13,58.98,75.54,269.31,5.98,0.3005
None,554,206,0.0,0.0,0.0,0.0,0.0,0.0
None,425,327,0.0,0.0,0.0,0.0,0.0,0.0
None,393,766,0.0,0.0,0.0,0.0,0.0,0.0
None,425,291,0.0,0.0,0.0,0.0,0.0,0.0
None,"173,194","400,841",0.0,0.0,0.0,0.0,0.0,0.0
None,537,760,0.0,0.0,0.0,0.0,0.0,0.0
Cc1ccc2c(c1)C(c1ccc3c(c1)C(=O)N(C)C3=O)(c1ccc3c(c1)C(=O)N(c1ccc(-c4ccc(C)c(C)c4C)cc1)C3=O)c1cc(C)ccc1-2,"565,190","883,869",52.5,22.33,107.89,374.67,3.07,0.3245
None,388,798,0.0,0.0,0.0,0.0,0.0,0.0
None,"118,242","860,501",0.0,0.0,0.0,0.0,0.0,0.0
None,554,986,0.0,0.0,0.0,0.0,0.0,0.0
None,178,277,0.0,0.0,0.0,0.0,0.0,0.0
None,"124,181","809,112",0.0,0.0,0.0,0.0,0.0,0.0
None,480,819,0.0,0.0,0.0,0.0,0.0,0.0
None,"134,16,31","916,331,241",0.0,0.0,0.0,0.0,0.0,0.0
Cc1cc(F)ccc1N1C(=O)c2ccc(S(=O)(=O)c3ccc4c(c3)C(=O)N(C)C4=O)cc2C1=O,"562,229","998,7",70.63,48.01,104.98,316.76,2.49,0.4012
None,537,740,0.0,0.0,0.0,0.0,0.0,0.0
None,"342,112,171","256,642,454",0.0,0.0,0.0,0.0,0.0,0.0
None,545,114,0.0,0.0,0.0,0.0,0.0,0.0
None,337,433,0.0,0.0,0.0,0.0,0.0,0.0
None,83,892,0.0,0.0,0.0,0.0,0.0,0.0
None,397,632,0.0,0.0,0.0,0.0,0.0,0.0
None,21,735,0.0,0.0,0.0,0.0,0.0,0.0
None,96,293,0.0,0.0,0.0,0.0,0.0,0.0
None,"276,189","209,921",0.0,0.0,0.0,0.0,0.0,0.0
None,337,47,0.0,0.0,0.0,0.0,0.0,0.0
None,462,257,0.0,0.0,0.0,0.0,0.0,0.0
None,389,737,0.0,0.0,0.0,0.0,0.0,0.0
None,369,838,0.0,0.0,0.0,0.0,0.0,0.0
None,247,677,0.0,0.0,0.0,0.0,0.0,0.0
Cc1ccc2c(N3C(=O)C4C5(C)C(=O)N(C)C(=O)C5C4(F)C3=O)cc(C)cc2c1,365,146,74.67,30.46,96.12,423.27,4.26,0.3977
None,"573,464","624,359",0.0,0.0,0.0,0.0,0.0,0.0
None,546,403,0.0,0.0,0.0,0.0,0.0,0.0
None,253,559,0.0,0.0,0.0,0.0,0.0,0.0
None,424,703,0.0,0.0,0.0,0.0,0.0,0.0
Cc1ccc(S(=O)(=O)c2ccc(N3C(=O)C4=CC(c5ccc6c(c5)C(=O)N(C)C6=O)=CCC4C3=O)cc2)cn1,538,844,76.0,45.23,92.6,349.43,3.5,0.3915
None,490,589,0.0,0.0,0.0,0.0,0.0,0.0
None,497,47,0.0,0.0,0.0,0.0,0.0,0.0
None,507,994,0.0,0.0,0.0,0.0,0.0,0.0
None,305,735,0.0,0.0,0.0,0.0,0.0,0.0
None,42,987,0.0,0.0,0.0,0.0,0.0,0.0
None,138,499,0.0,0.0,0.0,0.0,0.0,0.0
None,119,489,0.0,0.0,0.0,0.0,0.0,0.0
None,397,327,0.0,0.0,0.0,0.0,0.0,0.0
None,170,495,0.0,0.0,0.0,0.0,0.0,0.0
Cc1cc(N2C(=O)C3C4(C)C(=O)N(C)C(=O)C4C3(C)C2=O)c2c(C)cccc2c1C,"51,25,555","998,155,400",75.03,45.17,95.59,452.73,4.28,0.3796
None,328,621,0.0,0.0,0.0,0.0,0.0,0.0
None,34,287,0.0,0.0,0.0,0.0,0.0,0.0
None,168,846,0.0,0.0,0.0,0.0,0.0,0.0
Cc1ccccc1N1C(=O)C2C3CC(C2C1=O)C1(CCC2(CC4CC2C2C(=O)N(C)C(=O)C42)C1=O)C3,473,984,86.15,45.77,92.86,372.87,6.61,0.3647
None,"302,281","951,682",0.0,0.0,0.0,0.0,0.0,0.0
None,369,886,0.0,0.0,0.0,0.0,0.0,0.0
None,"276,40","122,615",0.0,0.0,0.0,0.0,0.0,0.0
None,386,245,0.0,0.0,0.0,0.0,0.0,0.0
None,322,309,0.0,0.0,0.0,0.0,0.0,0.0
None,224,880,0.0,0.0,0.0,0.0,0.0,0.0
None,"251,80","222,609",0.0,0.0,0.0,0.0,0.0,0.0
None,481,144,0.0,0.0,0.0,0.0,0.0,0.0
None,252,679,0.0,0.0,0.0,0.0,0.0,0.0
None,531,43,0.0,0.0,0.0,0.0,0.0,0.0
None,307,120,0.0,0.0,0.0,0.0,0.0,0.0
None,466,190,0.0,0.0,0.0,0.0,0.0,0.0
None,459,591,0.0,0.0,0.0,0.0,0.0,0.0
None,0,93,0.0,0.0,0.0,0.0,0.0,0.0
None,444,970,0.0,0.0,0.0,0.0,0.0,0.0
None,"315,231","963,949",0.0,0.0,0.0,0.0,0.0,0.0
None,415,151,0.0,0.0,0.0,0.0,0.0,0.0
None,"350,44","739,352",0.0,0.0,0.0,0.0,0.0,0.0
None,542,387,0.0,0.0,0.0,0.0,0.0,0.0
None,485,575,0.0,0.0,0.0,0.0,0.0,0.0
None,306,775,0.0,0.0,0.0,0.0,0.0,0.0
Cc1nc(C)c(S(=O)(=O)c2ccc(N3C(=O)c4ccc(S(=O)c5ccc6c(c5)C(=O)N(C)C6=O)cc4C3=O)cc2)s1,"131,17,403","817,937,655",78.34,54.29,102.78,330.27,3.53,0.3819
None,"109,533","998,243",0.0,0.0,0.0,0.0,0.0,0.0
None,396,679,0.0,0.0,0.0,0.0,0.0,0.0
None,508,646,0.0,0.0,0.0,0.0,0.0,0.0
None,"91,328","789,781",0.0,0.0,0.0,0.0,0.0,0.0
Cc1ccc(OC2=CCC=C(N3C(=O)c4ccc(OC5=CC=CC6C(=O)N(C)C(=O)C56)cc4C3=O)C=C2)cc1,7,343,79.93,52.32,90.85,294.74,4.16,0.3443
None,307,276,0.0,0.0,0.0,0.0,0.0,0.0
None,265,658,0.0,0.0,0.0,0.0,0.0,0.0
Cc1ccc2c(N3C(=O)c4ccc(OC5=CC=C6C(=O)N(C)C(=O)C6C5)cc4C3=O)cc(C)cc2c1,96,86,60.54,49.29,95.57,306.96,3.55,0.2942
None,177,600,0.0,0.0,0.0,0.0,0.0,0.0
None,96,38,0.0,0.0,0.0,0.0,0.0,0.0
None,403,476,0.0,0.0,0.0,0.0,0.0,0.0
None,31,113,0.0,0.0,0.0,0.0,0.0,0.0
Cc1c(C)c(N2C(=O)C3CCC(C4CCCC5C(=O)N(C)C(=O)C54)CC3C2=O)c2c(C)cccc2c1F,"352,372","69,113",82.26,52.31,91.48,371.39,4.4,0.3667
None,307,399,0.0,0.0,0.0,0.0,0.0,0.0
None,"233,54,203","618,135,676",0.0,0.0,0.0,0.0,0.0,0.0
None,395,709,0.0,0.0,0.0,0.0,0.0,0.0
None,149,463,0.0,0.0,0.0,0.0,0.0,0.0
Cc1cc(-n2c(=O)c3cc4ccc5c6cc7c(=O)n(C)c(=O)c7cc6ccc5c4cc3c2=O)c2ccc3cccc4ccc1c2c43,262,633,0.07,11.62,249.12,450.6,2.99,0.0005
Cc1ccc2nc3ccc(N4C(=O)c5cc6cc(C7(C)CC(=O)OC(=O)C7)cc(-c7ccc8c(c7)C(=O)N(C)C8=O)c6cc5C4=O)cc3c(C)c2c1,"289,545","662,383",10.54,37.04,102.63,348.02,3.46,0.0572
None,162,544,0.0,0.0,0.0,0.0,0.0,0.0
None,"553,82,327","406,326,921",0.0,0.0,0.0,0.0,0.0,0.0
None,184,190,0.0,0.0,0.0,0.0,0.0,0.0
None,"384,430","466,330",0.0,0.0,0.0,0.0,0.0,0.0
None,10,432,0.0,0.0,0.0,0.0,0.0,0.0
None,"483,303","641,684",0.0,0.0,0.0,0.0,0.0,0.0
None,231,488,0.0,0.0,0.0,0.0,0.0,0.0
None,"158,271","152,785",0.0,0.0,0.0,0.0,0.0,0.0
None,325,314,0.0,0.0,0.0,0.0,0.0,0.0
C=Cc1cc(-c2ccc3c(c2)C(=O)N(c2ccc4c(c2)[nH]c2cc(C)ccc24)C3=O)cc2c1C(=O)N(C)C2=O,"479,62","304,525",0.5,17.6,194.68,375.08,2.91,0.0034
None,135,138,0.0,0.0,0.0,0.0,0.0,0.0
None,486,601,0.0,0.0,0.0,0.0,0.0,0.0
None,215,428,0.0,0.0,0.0,0.0,0.0,0.0
None,447,336,0.0,0.0,0.0,0.0,0.0,0.0
CC#CC1CCC(c2ccc(N3C(=O)C4(C)C5(C)C(=O)N(C)C(=O)C5(C)C4(C)C3=O)cc2)CC1,377,493,78.65,57.64,128.97,301.4,4.42,0.3304
None,"193,3","603,503",0.0,0.0,0.0,0.0,0.0,0.0
None,378,161,0.0,0.0,0.0,0.0,0.0,0.0
None,"97,343,200","695,813,731",0.0,0.0,0.0,0.0,0.0,0.0
CC1CC(C2CC(C)C(N3C(=O)c4cc5ccc(-c6ccc7c(c6)C(=O)N(C)C7=O)cc5cc4C3=O)C(C)C2)CC(C)C1C,205,508,74.03,50.48,87.37,355.53,4.27,0.3337
None,"87,267","905,562",0.0,0.0,0.0,0.0,0.0,0.0
None,429,837,0.0,0.0,0.0,0.0,0.0,0.0
None,415,557,0.0,0.0,0.0,0.0,0.0,0.0
None,163,1000,0.0,0.0,0.0,0.0,0.0,0.0
None,433,303,0.0,0.0,0.0,0.0,0.0,0.0
None,386,604,0.0,0.0,0.0,0.0,0.0,0.0
None,490,722,0.0,0.0,0.0,0.0,0.0,0.0
None,476,433,0.0,0.0,0.0,0.0,0.0,0.0
None,"19,272","155,943",0.0,0.0,0.0,0.0,0.0,0.0
None,257,562,0.0,0.0,0.0,0.0,0.0,0.0
None,460,894,0.0,0.0,0.0,0.0,0.0,0.0
Cc1c2ccccc2c(N2C(=O)C3C4CC(C5C(=O)N(C)C(=O)C45)C3C2=O)c2ccccc12,"572,35,26","623,894,976",76.79,36.39,120.96,435.08,4.63,0.3909
None,97,131,0.0,0.0,0.0,0.0,0.0,0.0
None,259,343,0.0,0.0,0.0,0.0,0.0,0.0
None,363,11,0.0,0.0,0.0,0.0,0.0,0.0
None,481,392,0.0,0.0,0.0,0.0,0.0,0.0
None,"573,61","16,773",0.0,0.0,0.0,0.0,0.0,0.0
None,55,439,0.0,0.0,0.0,0.0,0.0,0.0
None,"62,346","443,901",0.0,0.0,0.0,0.0,0.0,0.0
None,59,367,0.0,0.0,0.0,0.0,0.0,0.0
None,"32,456","915,364",0.0,0.0,0.0,0.0,0.0,0.0
None,234,688,0.0,0.0,0.0,0.0,0.0,0.0
Cc1ccc2c(-c3ccc(N4C(=O)c5ccc(C6=C7C(=O)N(C)C(=O)C7=CCC6)cc5C4=O)cc3)c3cc(C)ccc3nc2c1,517,886,1.36,14.45,144.96,356.17,3.06,0.0088
None,224,565,0.0,0.0,0.0,0.0,0.0,0.0
None,184,468,0.0,0.0,0.0,0.0,0.0,0.0
None,"75,264","531,845",0.0,0.0,0.0,0.0,0.0,0.0
None,59,1001,0.0,0.0,0.0,0.0,0.0,0.0
None,440,352,0.0,0.0,0.0,0.0,0.0,0.0
None,90,484,0.0,0.0,0.0,0.0,0.0,0.0
None,457,227,0.0,0.0,0.0,0.0,0.0,0.0
Cc1ccc2nc(-c3ccc(-n4c(=O)c5cc6ccc7cc8c(=O)n(C)c(=O)c8cc7ccc6cc5c4=O)cc3)[nH]c2c1,"450,124,223","997,753,786",0.08,-1.34,255.62,449.79,2.8,0.0006
None,511,338,0.0,0.0,0.0,0.0,0.0,0.0
None,264,705,0.0,0.0,0.0,0.0,0.0,0.0
None,"17,42","539,900",0.0,0.0,0.0,0.0,0.0,0.0
None,123,534,0.0,0.0,0.0,0.0,0.0,0.0
CC1=CCC=C(Oc2ccc(-n3c(=O)c4c5c(=O)n(C)c(=O)c5c5c6c(=O)oc(=O)c6c6c(=O)oc(=O)c6c5c4c3=O)cc2)C=C1,"207,384","343,659",0.56,26.6,108.14,378.39,3.74,0.0032
None,38,744,0.0,0.0,0.0,0.0,0.0,0.0
None,"320,122,357","564,727,476",0.0,0.0,0.0,0.0,0.0,0.0
None,221,131,0.0,0.0,0.0,0.0,0.0,0.0
None,529,734,0.0,0.0,0.0,0.0,0.0,0.0
None,381,83,0.0,0.0,0.0,0.0,0.0,0.0
None,27,384,0.0,0.0,0.0,0.0,0.0,0.0
None,498,70,0.0,0.0,0.0,0.0,0.0,0.0
None,209,290,0.0,0.0,0.0,0.0,0.0,0.0
None,159,475,0.0,0.0,0.0,0.0,0.0,0.0
None,432,251,0.0,0.0,0.0,0.0,0.0,0.0
Cc1ccc(-c2cccc(N3C(=O)c4c(F)cc(N(C)c5ccc6c(c5)C(=O)N(C)C6=O)c(F)c4C3=O)c2)cc1,"526,327","95,449",7.02,24.26,140.25,367.52,2.86,0.0449
None,147,943,0.0,0.0,0.0,0.0,0.0,0.0
None,185,861,0.0,0.0,0.0,0.0,0.0,0.0
None,390,861,0.0,0.0,0.0,0.0,0.0,0.0
None,274,939,0.0,0.0,0.0,0.0,0.0,0.0
None,429,213,0.0,0.0,0.0,0.0,0.0,0.0
None,466,186,0.0,0.0,0.0,0.0,0.0,0.0
None,509,306,0.0,0.0,0.0,0.0,0.0,0.0
None,539,557,0.0,0.0,0.0,0.0,0.0,0.0
None,232,8,0.0,0.0,0.0,0.0,0.0,0.0
None,388,965,0.0,0.0,0.0,0.0,0.0,0.0
None,385,370,0.0,0.0,0.0,0.0,0.0,0.0
None,"75,46","257,142",0.0,0.0,0.0,0.0,0.0,0.0
None,339,853,0.0,0.0,0.0,0.0,0.0,0.0
None,354,458,0.0,0.0,0.0,0.0,0.0,0.0
Cc1ccc(S(=O)(=O)c2sc(N3C(=O)C4CCCC(C5CCC6C(=O)N(C)C(=O)C6C5)C4C3=O)nc2C)cc1,352,817,81.33,53.06,81.97,283.65,4.38,0.33
Cc1cnc2cc3ncc(N4C(=O)C5C6C(=O)N(C)C(=O)C6C5C4=O)cc3cc2c1,"544,130","676,670",76.01,12.49,133.44,446.41,3.94,0.4751
None,"339,243","165,380",0.0,0.0,0.0,0.0,0.0,0.0
None,560,377,0.0,0.0,0.0,0.0,0.0,0.0
Cc1ccc2c(c1)Oc1ccc(N3C(=O)C4CCC5C(=O)N(C)C(=O)C5C4C3=O)cc1O2,"192,356","396,702",81.83,47.36,97.81,311.56,3.85,0.3876
Cc1ccc(OC2=CCC=CC(N3C(=O)c4ccc(C5(c6ccc7c(c6)C(=O)N(C)C7=O)c6ccccc6-c6ccccc65)cc4C3=O)=CC2)cc1,570,346,30.49,46.04,92.48,362.1,3.47,0.1586
None,210,603,0.0,0.0,0.0,0.0,0.0,0.0
CC1CCC(N2C(=O)c3ccc(S(=O)c4ccc5c(c4)C(=O)N(C)C5=O)cc3C2=O)CC1,"176,403","994,684",73.12,62.63,97.1,370.78,3.27,0.3638
None,559,799,0.0,0.0,0.0,0.0,0.0,0.0
None,545,828,0.0,0.0,0.0,0.0,0.0,0.0
None,247,591,0.0,0.0,0.0,0.0,0.0,0.0
None,232,211,0.0,0.0,0.0,0.0,0.0,0.0
Cc1cccc2c1CCCC2N1C(=O)C2C3C(=O)N(C)C(=O)C3(F)C2C1=O,"573,372","249,3",78.06,55.8,90.63,410.03,4.28,0.3591
None,"230,513","815,1003",0.0,0.0,0.0,0.0,0.0,0.0
None,418,431,0.0,0.0,0.0,0.0,0.0,0.0
None,"248,498","202,678",0.0,0.0,0.0,0.0,0.0,0.0
None,"270,390","548,999",0.0,0.0,0.0,0.0,0.0,0.0
None,340,171,0.0,0.0,0.0,0.0,0.0,0.0
None,554,617,0.0,0.0,0.0,0.0,0.0,0.0
None,567,40,0.0,0.0,0.0,0.0,0.0,0.0
Cc1ccc2c(C)c(N3C(=O)C4CC5C(=O)N(C)C(=O)C5C4C3=O)ccc2c1C,566,186,79.16,24.03,112.6,472.99,3.7,0.4855
Cc1ccc(OC2=CC=CC(N3C(=O)C4=CCC(c5ccc6c(c5)C(=O)N(C)C6=O)C=C4C3=O)C=C2)cc1,23,289,79.45,60.12,89.08,328.18,4.26,0.3314
None,494,314,0.0,0.0,0.0,0.0,0.0,0.0
Cc1cc(F)c(OS(=O)(=O)Oc2c(F)cc(F)c(-c3ccc(N4C(=O)c5ccc(C6CC6c6ccc7c(c6)C(=O)N(C)C7=O)cc5C4=O)cc3)c2F)c(F)c1F,"122,1,363","18,399,763",81.39,63.78,92.08,317.38,4.32,0.3264
None,"321,476","386,672",0.0,0.0,0.0,0.0,0.0,0.0
None,77,645,0.0,0.0,0.0,0.0,0.0,0.0
Cc1cc(N2C(=O)CC(C3CC4C(=O)N(C)C(=O)C4c4ccccc43)C2=O)c2c(C)cccc2c1C,564,155,80.7,48.64,104.94,372.41,3.98,0.395
None,534,292,0.0,0.0,0.0,0.0,0.0,0.0
None,475,161,0.0,0.0,0.0,0.0,0.0,0.0
None,"284,149","25,992",0.0,0.0,0.0,0.0,0.0,0.0
Cc1ccc2c(=O)c3ccc(N4C(=O)C5CC6C(=O)N(C)C(=O)C6C5C4=O)cc3[nH]c2c1,"566,489,512","778,8,887",74.74,22.09,125.81,459.27,3.72,0.4614
None,67,705,0.0,0.0,0.0,0.0,0.0,0.0
None,241,874,0.0,0.0,0.0,0.0,0.0,0.0
None,187,434,0.0,0.0,0.0,0.0,0.0,0.0
None,"201,224","916,260",0.0,0.0,0.0,0.0,0.0,0.0
None,"60,296","261,488",0.0,0.0,0.0,0.0,0.0,0.0
None,461,235,0.0,0.0,0.0,0.0,0.0,0.0
None,243,759,0.0,0.0,0.0,0.0,0.0,0.0
CC1=C(c2c(N3C(=O)C4(C)C5C(=O)N(C)C(=O)C5(C)C4(C)C3=O)ccc3ccccc23)C2C=CC=CC2=CC1,375,204,75.93,44.87,88.58,324.66,4.96,0.309
None,180,648,0.0,0.0,0.0,0.0,0.0,0.0
None,561,75,0.0,0.0,0.0,0.0,0.0,0.0
None,86,78,0.0,0.0,0.0,0.0,0.0,0.0
None,334,647,0.0,0.0,0.0,0.0,0.0,0.0
None,523,981,0.0,0.0,0.0,0.0,0.0,0.0
Cc1ccc(-c2cc(N3C(=O)C4C5CC(C4C3=O)C3(CC(=O)N(C)C3=O)C5)cc3ccccc23)cc1,358,581,77.92,43.0,104.91,330.48,5.14,0.3263
None,438,737,0.0,0.0,0.0,0.0,0.0,0.0
None,404,630,0.0,0.0,0.0,0.0,0.0,0.0
Cc1ccc(C2=C(c3ccc(N4C(=O)c5ccc(S(=O)(=O)c6ccc7c(c6)C(=O)N(C)C7=O)cc5C4=O)cc3)C(F)(F)C(F)(F)C2(F)F)cc1,"562,332","696,938",73.85,48.23,98.89,325.13,3.29,0.3802
None,"117,92","764,730",0.0,0.0,0.0,0.0,0.0,0.0
None,454,327,0.0,0.0,0.0,0.0,0.0,0.0
None,451,838,0.0,0.0,0.0,0.0,0.0,0.0
None,532,151,0.0,0.0,0.0,0.0,0.0,0.0
None,290,794,0.0,0.0,0.0,0.0,0.0,0.0
Cc1ccc2c(N3C(=O)c4ccc(-c5ccc6c(c5)C(=O)N(C)C6=O)cc4C3=O)cccc2c1C,1,569,4.69,20.2,172.08,381.74,2.46,0.0326
None,"17,396","764,792",0.0,0.0,0.0,0.0,0.0,0.0
None,"510,281","148,538",0.0,0.0,0.0,0.0,0.0,0.0
None,486,273,0.0,0.0,0.0,0.0,0.0,0.0
None,510,369,0.0,0.0,0.0,0.0,0.0,0.0
None,"169,214,134","905,775,571",0.0,0.0,0.0,0.0,0.0,0.0
None,517,97,0.0,0.0,0.0,0.0,0.0,0.0
None,482,297,0.0,0.0,0.0,0.0,0.0,0.0
None,42,137,0.0,0.0,0.0,0.0,0.0,0.0
Cc1cccc2cc3cccc(N4C(=O)c5cc6c(cc5C4=O)=CC4C(=O)N(C)C(=O)C4C=6)c3cc12,551,256,67.72,28.68,135.49,400.72,3.82,0.3895
None,"230,544,154,58","623,411,376,448",0.0,0.0,0.0,0.0,0.0,0.0
None,312,578,0.0,0.0,0.0,0.0,0.0,0.0
Cc1cccc(-c2ccc(N3C(=O)C4C5C(=O)N(C)C(=O)C5(F)C4(C)C3=O)cc2)c1F,364,348,74.09,26.07,126.12,399.27,3.98,0.4195
None,148,619,0.0,0.0,0.0,0.0,0.0,0.0
None,253,708,0.0,0.0,0.0,0.0,0.0,0.0
None,"124,201","886,698",0.0,0.0,0.0,0.0,0.0,0.0
None,178,531,0.0,0.0,0.0,0.0,0.0,0.0
None,500,315,0.0,0.0,0.0,0.0,0.0,0.0
None,309,253,0.0,0.0,0.0,0.0,0.0,0.0
None,"332,253","767,67",0.0,0.0,0.0,0.0,0.0,0.0
None,"270,93","678,533",0.0,0.0,0.0,0.0,0.0,0.0
Cc1ccc(-c2cc3cccc(N4C(=O)c5ccc(C6(C)CCC7C(=O)N(C)C(=O)C7C6)cc5C4=O)c3cc2C)cc1,303,167,79.83,39.67,121.02,355.81,3.84,0.4166
None,430,21,0.0,0.0,0.0,0.0,0.0,0.0
Cc1ccc2c(c1)c(N1C(=O)c3ccc(SC4=CC5C(=O)N(C)C(=O)C5C=C4)cc3C1=O)cc1ccccc12,574,213,75.62,46.24,93.84,356.96,3.86,0.3722
None,342,786,0.0,0.0,0.0,0.0,0.0,0.0
None,453,59,0.0,0.0,0.0,0.0,0.0,0.0
None,529,435,0.0,0.0,0.0,0.0,0.0,0.0
None,"119,545","823,465",0.0,0.0,0.0,0.0,0.0,0.0
None,"72,424","605,623",0.0,0.0,0.0,0.0,0.0,0.0
None,394,634,0.0,0.0,0.0,0.0,0.0,0.0
Cc1ccc2c(c1)CCc1cc(N3C(=O)C4C5CCC(C6C(=O)N(C)C(=O)C56)C4C3=O)ccc1CC2,"496,20,443","875,46,919",73.97,41.71,100.92,338.1,4.7,0.3278
None,27,35,0.0,0.0,0.0,0.0,0.0,0.0
None,73,679,0.0,0.0,0.0,0.0,0.0,0.0
None,"277,275","792,805",0.0,0.0,0.0,0.0,0.0,0.0
None,146,571,0.0,0.0,0.0,0.0,0.0,0.0
Cc1cc2c(N3C(=O)C4C5C(=O)N(C)C(=O)C5(F)C4(C)C3=O)cccc2c2ccccc12,"364,273","726,197",75.13,44.6,134.92,405.28,4.02,0.3934
CCCCOC1=CC=CC(c2ccc(N3C(=O)c4ccc([Si](C)(C)c5ccc6c(c5)C(=O)N(C)C6=O)cc4C3=O)cc2)C1,"571,211","419,377",77.7,46.91,90.15,232.71,3.74,0.3474
None,"573,455","1000,931",0.0,0.0,0.0,0.0,0.0,0.0
None,"380,552","792,22",0.0,0.0,0.0,0.0,0.0,0.0
None,489,305,0.0,0.0,0.0,0.0,0.0,0.0
None,29,185,0.0,0.0,0.0,0.0,0.0,0.0
None,67,17,0.0,0.0,0.0,0.0,0.0,0.0
None,"349,112,381","598,299,44",0.0,0.0,0.0,0.0,0.0,0.0
None,"85,263","284,738",0.0,0.0,0.0,0.0,0.0,0.0
None,462,725,0.0,0.0,0.0,0.0,0.0,0.0
None,"467,286","802,827",0.0,0.0,0.0,0.0,0.0,0.0
None,"553,130,423","661,703,676",0.0,0.0,0.0,0.0,0.0,0.0
CC1=C(C2CC(=O)N(c3ccc(F)cc3OC=COc3ccc(C)cc3)C2=O)CCC2C(=O)N(C)C(=O)C12,"87,526,484","276,472,242",85.32,60.03,85.94,265.42,4.25,0.334
None,5,23,0.0,0.0,0.0,0.0,0.0,0.0
CC1CCC(N2C(=O)c3ccc(-c4ccc5c(c4)C(=O)N(C)C5=O)c(F)c3C2=O)CC1,344,994,36.53,28.16,143.79,411.27,2.65,0.242
None,"115,144","525,630",0.0,0.0,0.0,0.0,0.0,0.0
Cc1cc2ccc(-n3c(=O)c4c(C)c5c(=O)oc(=O)c5c(-c5ccc6c(c5)C(=O)N(C)C6=O)c4c3=O)cc2cc1F,"502,295","562,452",1.86,7.17,156.06,390.38,3.13,0.0127
None,530,701,0.0,0.0,0.0,0.0,0.0,0.0
None,125,834,0.0,0.0,0.0,0.0,0.0,0.0
None,355,503,0.0,0.0,0.0,0.0,0.0,0.0
None,274,814,0.0,0.0,0.0,0.0,0.0,0.0
None,494,793,0.0,0.0,0.0,0.0,0.0,0.0
Cc1ccc2c(C)ccc(N3C(=O)c4ccc(OC5=CCC6(C)C(=O)N(C)C(=O)C6=C5)cc4C3=O)c2c1,5,175,75.14,51.45,117.64,312.11,3.58,0.3687
None,564,23,0.0,0.0,0.0,0.0,0.0,0.0
None,163,476,0.0,0.0,0.0,0.0,0.0,0.0
None,213,880,0.0,0.0,0.0,0.0,0.0,0.0
None,"71,238,408","165,244,786",0.0,0.0,0.0,0.0,0.0,0.0
None,"197,61","19,777",0.0,0.0,0.0,0.0,0.0,0.0
None,548,459,0.0,0.0,0.0,0.0,0.0,0.0
Cc1cc2cc(N3C(=O)c4ccc(C5=CC6C(=O)N(C)C(=O)C6C=C5)cc4C3=O)ccc2c2ccccc12,521,212,65.51,25.54,133.57,358.97,3.62,0.3792
None,149,505,0.0,0.0,0.0,0.0,0.0,0.0
None,574,12,0.0,0.0,0.0,0.0,0.0,0.0
None,189,581,0.0,0.0,0.0,0.0,0.0,0.0
None,48,63,0.0,0.0,0.0,0.0,0.0,0.0
None,251,336,0.0,0.0,0.0,0.0,0.0,0.0
None,"290,82","217,679",0.0,0.0,0.0,0.0,0.0,0.0
None,169,322,0.0,0.0,0.0,0.0,0.0,0.0
None,"40,62,234","420,253,16",0.0,0.0,0.0,0.0,0.0,0.0
None,346,696,0.0,0.0,0.0,0.0,0.0,0.0
None,261,571,0.0,0.0,0.0,0.0,0.0,0.0
None,20,982,0.0,0.0,0.0,0.0,0.0,0.0
Cc1ccc2cc3ccc(N4C(=O)c5ccc(S(=O)(=O)c6ccc7c(c6)C(=O)N(C)C7=O)cc5C4=O)cc3nc2c1,"40,562","905,31",57.49,41.83,106.85,363.74,2.73,0.3376
None,"317,308","15,642",0.0,0.0,0.0,0.0,0.0,0.0
None,563,66,0.0,0.0,0.0,0.0,0.0,0.0
None,"12,346","555,810",0.0,0.0,0.0,0.0,0.0,0.0
None,111,315,0.0,0.0,0.0,0.0,0.0,0.0
None,"373,296,191,353","693,774,464,106",0.0,0.0,0.0,0.0,0.0,0.0
None,259,202,0.0,0.0,0.0,0.0,0.0,0.0
None,534,293,0.0,0.0,0.0,0.0,0.0,0.0
None,255,247,0.0,0.0,0.0,0.0,0.0,0.0
None,46,202,0.0,0.0,0.0,0.0,0.0,0.0
None,10,881,0.0,0.0,0.0,0.0,0.0,0.0
None,241,629,0.0,0.0,0.0,0.0,0.0,0.0
None,442,625,0.0,0.0,0.0,0.0,0.0,0.0
None,468,679,0.0,0.0,0.0,0.0,0.0,0.0
None,461,512,0.0,0.0,0.0,0.0,0.0,0.0
None,495,655,0.0,0.0,0.0,0.0,0.0,0.0
None,422,418,0.0,0.0,0.0,0.0,0.0,0.0
None,263,393,0.0,0.0,0.0,0.0,0.0,0.0
None,95,870,0.0,0.0,0.0,0.0,0.0,0.0
None,489,12,0.0,0.0,0.0,0.0,0.0,0.0
None,"85,376,130","18,1000,909",0.0,0.0,0.0,0.0,0.0,0.0
None,"329,295","940,855",0.0,0.0,0.0,0.0,0.0,0.0
CC#CC1CCC(c2ccc(-n3c(=O)c4cc5c(=O)oc(=O)c5c(-c5ccc6c(c5)C(=O)N(C)C6=O)c4c3=O)cc2)CC1,173,493,6.08,43.91,142.75,376.64,3.29,0.0344
Cc1ccc2c(c1)c(N1C(=O)C3CC=C(C(c4ccc5c(c4)C(=O)N(C)C5=O)(C(F)(F)F)C(F)(F)F)CC3C1=O)cc1ccccc12,348,213,81.01,51.89,104.06,343.18,4.03,0.3774
Cc1cc(F)c(-c2ccc(N3C(=O)CC(C4CC5C(=O)N(C)C(=O)C5c5ccccc54)C3=O)cc2)c(F)c1F,564,763,81.25,44.7,99.45,321.2,3.97,0.3875
None,402,418,0.0,0.0,0.0,0.0,0.0,0.0
Cc1cc(C(F)(F)c2ccc(N3C(=O)C4C(C3=O)C3C4C4CC3C3(CC(=O)N(C)C3=O)C4)cc2)cc2ccccc12,"410,468","936,83",78.96,47.16,98.47,368.75,5.78,0.3322
None,323,42,0.0,0.0,0.0,0.0,0.0,0.0
None,"485,115,417,506,258","127,89,358,363,785",0.0,0.0,0.0,0.0,0.0,0.0
Cc1ccc(-c2ccc(N3C(=O)c4ccc(C5(c6ccc7c(c6)C(=O)N(C)C7=O)c6ccccc6-c6ccccc65)cc4C3=O)cc2)cn1,570,536,4.2,34.01,131.62,371.08,2.95,0.0255
None,"194,319","793,753",0.0,0.0,0.0,0.0,0.0,0.0
C=Cc1cc(-c2ccc3c(c2)C(=O)N(c2ccc(S(=O)(=O)c4ccc(C)cn4)nc2)C3=O)cc2c1C(=O)N(C)C2=O,479,828,33.98,49.2,106.82,343.9,3.19,0.1801
None,268,744,0.0,0.0,0.0,0.0,0.0,0.0
None,288,795,0.0,0.0,0.0,0.0,0.0,0.0
None,102,728,0.0,0.0,0.0,0.0,0.0,0.0
None,"128,273","838,387",0.0,0.0,0.0,0.0,0.0,0.0
Cc1cc2c(cc1C)Nc1cc(C)c(N3C(=O)c4ccc(C#CCCCCC#Cc5ccc6c(c5)C(=O)N(C)C6=O)cc4C3=O)cc1C2,"41,218","658,153",4.23,60.48,98.31,328.27,3.35,0.0204
None,110,795,0.0,0.0,0.0,0.0,0.0,0.0
None,224,866,0.0,0.0,0.0,0.0,0.0,0.0
None,519,69,0.0,0.0,0.0,0.0,0.0,0.0
None,445,333,0.0,0.0,0.0,0.0,0.0,0.0
None,291,668,0.0,0.0,0.0,0.0,0.0,0.0
C=C(CC(C)(C)C1CCC(c2ccc(C)cc2)C1)c1ccc(N2C(=O)c3ccc([Si](C)(C)c4ccc5c(c4)C(=O)N(C)C5=O)cc3C2=O)cc1,"571,392","267,928",78.15,54.37,89.0,260.27,4.08,0.3254
None,228,347,0.0,0.0,0.0,0.0,0.0,0.0
None,199,220,0.0,0.0,0.0,0.0,0.0,0.0
None,361,273,0.0,0.0,0.0,0.0,0.0,0.0
None,494,987,0.0,0.0,0.0,0.0,0.0,0.0
None,302,503,0.0,0.0,0.0,0.0,0.0,0.0
None,560,263,0.0,0.0,0.0,0.0,0.0,0.0
None,123,397,0.0,0.0,0.0,0.0,0.0,0.0
Cc1ccc(C(=O)CCN2C(=O)C34CCCCC35C(=O)N(C)C(=O)C53CCCCC34C2=O)cc1,371,509,80.7,50.78,99.33,298.89,5.37,0.31
None,59,765,0.0,0.0,0.0,0.0,0.0,0.0
None,507,230,0.0,0.0,0.0,0.0,0.0,0.0
None,465,394,0.0,0.0,0.0,0.0,0.0,0.0
None,234,611,0.0,0.0,0.0,0.0,0.0,0.0
None,79,375,0.0,0.0,0.0,0.0,0.0,0.0
None,385,418,0.0,0.0,0.0,0.0,0.0,0.0
None,357,451,0.0,0.0,0.0,0.0,0.0,0.0
Cc1ccc2c(c1)OCCOCCOc1cc(N3C(=O)c4ccc(-c5ccc6c(c5)C(=O)N(C)C6=O)c(C)c4C3=O)ccc1OCCO2,314,391,51.09,60.32,112.23,317.41,3.46,0.2433
None,575,354,0.0,0.0,0.0,0.0,0.0,0.0
None,400,453,0.0,0.0,0.0,0.0,0.0,0.0
None,298,488,0.0,0.0,0.0,0.0,0.0,0.0
None,234,402,0.0,0.0,0.0,0.0,0.0,0.0
None,463,576,0.0,0.0,0.0,0.0,0.0,0.0
None,414,790,0.0,0.0,0.0,0.0,0.0,0.0
None,117,271,0.0,0.0,0.0,0.0,0.0,0.0
Cc1ccc2c(c1)C(=O)c1cc(N3C(=O)C4C=CC=C(Oc5ccc6c(c5)C(=O)N(C)C6=O)C4C3=O)ccc1-2,7,505,73.64,36.2,109.92,336.64,3.75,0.3857
Cc1ccc(-c2cc(C)cc(N3C(=O)C4C5(C)C(=O)N(C)C(=O)C5C4(C)C3=O)c2)cc1,555,407,72.5,24.61,96.02,398.6,3.94,0.405
None,"98,429","987,714",0.0,0.0,0.0,0.0,0.0,0.0
None,274,612,0.0,0.0,0.0,0.0,0.0,0.0
None,430,804,0.0,0.0,0.0,0.0,0.0,0.0
None,96,67,0.0,0.0,0.0,0.0,0.0,0.0
None,126,357,0.0,0.0,0.0,0.0,0.0,0.0
None,"485,193,322","15,225,561",0.0,0.0,0.0,0.0,0.0,0.0
None,69,757,0.0,0.0,0.0,0.0,0.0,0.0
None,272,374,0.0,0.0,0.0,0.0,0.0,0.0
None,"362,17","687,70",0.0,0.0,0.0,0.0,0.0,0.0
None,"109,69","555,542",0.0,0.0,0.0,0.0,0.0,0.0
None,280,671,0.0,0.0,0.0,0.0,0.0,0.0
None,322,973,0.0,0.0,0.0,0.0,0.0,0.0
None,"282,122,29","471,798,154",0.0,0.0,0.0,0.0,0.0,0.0
Cc1ccc(C2(C)CC(N3C(=O)c4ccc(CC5=CC6C(=O)N(C)C(=O)C6C=C5)cc4C3=O)CC(C)(C)C2)cc1,520,988,78.84,59.18,86.76,298.84,4.4,0.3133
None,167,378,0.0,0.0,0.0,0.0,0.0,0.0
None,255,580,0.0,0.0,0.0,0.0,0.0,0.0
None,452,337,0.0,0.0,0.0,0.0,0.0,0.0
None,287,782,0.0,0.0,0.0,0.0,0.0,0.0
None,"26,491","100,19",0.0,0.0,0.0,0.0,0.0,0.0
None,300,952,0.0,0.0,0.0,0.0,0.0,0.0
None,66,805,0.0,0.0,0.0,0.0,0.0,0.0
None,"325,150","621,726",0.0,0.0,0.0,0.0,0.0,0.0
Cc1cc2c(N3C(=O)C45CCCCC46C(=O)N(C)C(=O)C64CCCCC45C3=O)cccc2c(C)c1C,371,121,83.34,44.21,95.09,396.66,5.54,0.3648
Cc1cc(C#N)cc2cccc(N3C(=O)C4CCCC(C5CCC6C(=O)N(C)C(=O)C6C5)C4C3=O)c12,"62,352","122,656",80.52,57.45,92.49,282.39,4.26,0.3278
None,77,585,0.0,0.0,0.0,0.0,0.0,0.0
None,435,728,0.0,0.0,0.0,0.0,0.0,0.0
None,213,787,0.0,0.0,0.0,0.0,0.0,0.0
None,242,352,0.0,0.0,0.0,0.0,0.0,0.0
None,518,920,0.0,0.0,0.0,0.0,0.0,0.0
None,"115,266","521,361",0.0,0.0,0.0,0.0,0.0,0.0
Cc1ccc(-c2cc3cccc(N4C(=O)C5C(C4=O)C4C6CC(C7C8CC(C67)C6C7C(=O)N(C)C(=O)C7C86)C54)c3cc2C)cc1,409,167,82.48,40.01,93.75,460.76,6.1,0.3903
None,149,161,0.0,0.0,0.0,0.0,0.0,0.0
None,"219,4","832,774",0.0,0.0,0.0,0.0,0.0,0.0
Cc1ccc2c(c1)NC(=O)C2(C)c1ccc(N2C(=O)c3ccc(C(C4=CC5C(=O)N(C)C(=O)C5C=C4)(C(F)(F)F)C(F)(F)F)cc3C2=O)cc1,294,802,84.94,38.81,96.68,332.4,4.57,0.3864
None,88,743,0.0,0.0,0.0,0.0,0.0,0.0
None,119,880,0.0,0.0,0.0,0.0,0.0,0.0
None,"324,404","441,277",0.0,0.0,0.0,0.0,0.0,0.0
None,300,286,0.0,0.0,0.0,0.0,0.0,0.0
None,"282,84,537","118,731,634",0.0,0.0,0.0,0.0,0.0,0.0
None,150,361,0.0,0.0,0.0,0.0,0.0,0.0
None,403,488,0.0,0.0,0.0,0.0,0.0,0.0
None,308,819,0.0,0.0,0.0,0.0,0.0,0.0
None,451,930,0.0,0.0,0.0,0.0,0.0,0.0
None,"470,531","382,626",0.0,0.0,0.0,0.0,0.0,0.0
None,"113,154,186","989,5,127",0.0,0.0,0.0,0.0,0.0,0.0
Cc1ccc(C2C=CC(N3C(=O)CC(C4CC(=O)N(C)C4=O)C3=O)=CC2)cc1,543,284,81.03,48.05,94.61,288.77,3.83,0.375
None,66,241,0.0,0.0,0.0,0.0,0.0,0.0
Cc1ccc(-c2cc(N3C(=O)c4ccc(C5(c6ccc7c(c6)C(=O)N(C)C7=O)c6cc(C)ccc6-c6ccc(C)cc65)cc4C3=O)c3ccccc3c2)cc1,190,83,16.0,32.04,115.79,366.61,3.14,0.0943
None,49,813,0.0,0.0,0.0,0.0,0.0,0.0
Cc1nccc2c1ccn2-c1ccc(N2C(=O)C3C(C2=O)C2C4CC(C5C6CC(C45)C4C5C(=O)N(C)C(=O)C5C64)C32)cc1,409,531,85.36,31.67,96.53,482.58,6.24,0.4303
None,"450,42","851,133",0.0,0.0,0.0,0.0,0.0,0.0
Cc1cccc2cc(N3C(=O)C4C=CC(C(c5ccc6c(c5)C(=O)N(C)C6=O)(C(F)(F)F)C(F)(F)F)=CC4C3=O)ccc12,"294,111,517","587,792,634",83.93,50.08,102.22,333.81,4.04,0.3904
None,224,693,0.0,0.0,0.0,0.0,0.0,0.0
None,192,628,0.0,0.0,0.0,0.0,0.0,0.0
None,359,246,0.0,0.0,0.0,0.0,0.0,0.0
None,523,500,0.0,0.0,0.0,0.0,0.0,0.0
None,183,303,0.0,0.0,0.0,0.0,0.0,0.0
Cc1ccc2cc3c(C)c(C)c(N4C(=O)CC5(CCC(c6ccc7c(c6)C(=O)N(C)C7=O)CC5)C4=O)c(C)c3nc2c1C,332,652,76.59,49.91,99.6,446.41,3.72,0.4065
Cc1cccc2cccc(N3C(=O)c4ccc(C(=O)C5=CCC6C(=O)N(C)C(=O)C6=C5)cc4C3=O)c12,172,258,19.34,43.06,102.1,330.59,3.5,0.1001
None,501,806,0.0,0.0,0.0,0.0,0.0,0.0
None,"134,51,15","816,967,405",0.0,0.0,0.0,0.0,0.0,0.0
None,569,526,0.0,0.0,0.0,0.0,0.0,0.0
None,549,222,0.0,0.0,0.0,0.0,0.0,0.0
None,541,885,0.0,0.0,0.0,0.0,0.0,0.0
None,200,377,0.0,0.0,0.0,0.0,0.0,0.0
Cc1ccc(-c2cnc(-n3c(=O)c4c5ccccccc6c7c(=O)n(C)c(=O)c7c7ccccccc(c4c3=O)c7c65)s2)cc1,237,846,0.48,33.27,111.77,376.65,3.38,0.0027
None,53,248,0.0,0.0,0.0,0.0,0.0,0.0
Cc1ccc2c(c1)C1C(=O)N(C)C(=O)C1CC2C1CC(=O)N(c2c(C)cc3c(C)cccc3c2C)C1=O,547,163,81.24,48.31,100.87,390.4,4.03,0.3999
CC1=CCC(c2ccc(N3C(=O)c4ccc(C5(c6ccc7c(c6)C(=O)N(C)C7=O)c6ccccc6C6CCCCC65)cc4C3=O)cc2)C=C1,152,284,80.6,46.56,88.44,381.09,4.42,0.3718
None,93,69,0.0,0.0,0.0,0.0,0.0,0.0
None,10,649,0.0,0.0,0.0,0.0,0.0,0.0
None,491,505,0.0,0.0,0.0,0.0,0.0,0.0
None,"30,405","678,609",0.0,0.0,0.0,0.0,0.0,0.0
None,241,890,0.0,0.0,0.0,0.0,0.0,0.0
None,"109,20,546","689,813,242",0.0,0.0,0.0,0.0,0.0,0.0
Cc1cc(N2C(=O)c3cc4c(cc3C2=O)CC2C(=O)N(C)C(=O)C2C4)c2cccc3c2c1-c1ccccc1C3,"245,539","675,546",64.97,50.75,107.32,339.79,3.7,0.3189
None,467,373,0.0,0.0,0.0,0.0,0.0,0.0
None,307,199,0.0,0.0,0.0,0.0,0.0,0.0
None,"62,395","911,614",0.0,0.0,0.0,0.0,0.0,0.0
None,67,80,0.0,0.0,0.0,0.0,0.0,0.0
Cc1ccc(-c2csc(N3C(=O)c4cc5c(cc4C3=O)CC3C(=O)N(C)C(=O)C3C5)n2)cc1,245,810,70.7,57.08,95.44,315.72,3.45,0.337
None,299,152,0.0,0.0,0.0,0.0,0.0,0.0
None,472,663,0.0,0.0,0.0,0.0,0.0,0.0
None,"327,560","792,439",0.0,0.0,0.0,0.0,0.0,0.0
None,367,100,0.0,0.0,0.0,0.0,0.0,0.0
None,575,575,0.0,0.0,0.0,0.0,0.0,0.0
None,"505,307","580,274",0.0,0.0,0.0,0.0,0.0,0.0
None,"127,332","423,673",0.0,0.0,0.0,0.0,0.0,0.0
None,"450,81","394,566",0.0,0.0,0.0,0.0,0.0,0.0
None,"343,35,569","440,206,686",0.0,0.0,0.0,0.0,0.0,0.0
None,347,848,0.0,0.0,0.0,0.0,0.0,0.0
Cc1ccc2c(c1)nnc1cc(N3C(=O)C4C5(F)C(=O)N(C)C(=O)C5C4(F)C3=O)ccc12,"374,524","587,517",75.06,21.02,95.99,444.5,4.37,0.4183
Cc1ccc(C2(c3ccc(N4C(=O)CC5(CC6CC5C5C(=O)N(C)C(=O)C65)C4=O)cc3)c3ccccc3Oc3cc4ccccc4cc32)cc1,358,443,83.44,44.77,91.2,350.28,5.69,0.3471
None,"26,491","717,676",0.0,0.0,0.0,0.0,0.0,0.0
None,153,39,0.0,0.0,0.0,0.0,0.0,0.0
None,239,670,0.0,0.0,0.0,0.0,0.0,0.0
None,501,638,0.0,0.0,0.0,0.0,0.0,0.0
None,"16,174","498,581",0.0,0.0,0.0,0.0,0.0,0.0
None,450,109,0.0,0.0,0.0,0.0,0.0,0.0
CC1=CC=CC(c2ccc(N3C(=O)C4C5CC(C4C3=O)C3C4CC(C6C(=O)N(C)C(=O)C46)C53)cc2)C=C1,353,288,81.79,50.09,83.54,424.29,5.9,0.3507
CCCCc1ccc(N2C(=O)c3ccc(C#Cc4ccc(C#Cc5ccc6c(c5)C(=O)N(C)C6=O)cc4)cc3C2=O)cc1,249,40,1.71,48.17,137.09,206.24,2.8,0.0088
None,275,206,0.0,0.0,0.0,0.0,0.0,0.0
None,106,220,0.0,0.0,0.0,0.0,0.0,0.0
None,495,838,0.0,0.0,0.0,0.0,0.0,0.0
None,"282,386","347,328",0.0,0.0,0.0,0.0,0.0,0.0
None,463,767,0.0,0.0,0.0,0.0,0.0,0.0
None,48,224,0.0,0.0,0.0,0.0,0.0,0.0
None,239,213,0.0,0.0,0.0,0.0,0.0,0.0
None,64,80,0.0,0.0,0.0,0.0,0.0,0.0
None,416,638,0.0,0.0,0.0,0.0,0.0,0.0
None,257,613,0.0,0.0,0.0,0.0,0.0,0.0
None,476,1002,0.0,0.0,0.0,0.0,0.0,0.0
None,256,47,0.0,0.0,0.0,0.0,0.0,0.0
None,31,613,0.0,0.0,0.0,0.0,0.0,0.0
None,428,130,0.0,0.0,0.0,0.0,0.0,0.0
None,530,218,0.0,0.0,0.0,0.0,0.0,0.0
None,"329,128","940,944",0.0,0.0,0.0,0.0,0.0,0.0
None,"304,329","883,55",0.0,0.0,0.0,0.0,0.0,0.0
None,107,560,0.0,0.0,0.0,0.0,0.0,0.0
None,541,191,0.0,0.0,0.0,0.0,0.0,0.0
CC1=CCC2=CCc3c(N4C(=O)c5ccc(C6(c7ccc8c(c7)C(=O)N(C)C8=O)c7ccccc7-c7ccccc76)cc5C4=O)ccc4ccc1c2c34,"474,570","577,62",5.87,45.37,96.04,400.07,3.55,0.0313
None,"54,293","517,45",0.0,0.0,0.0,0.0,0.0,0.0
None,68,300,0.0,0.0,0.0,0.0,0.0,0.0
CC1CCCC(c2ccc(N3C(=O)C4=CC(C(=O)c5ccc6c(c5)C(=O)N(C)C6=O)=CCC4C3=O)cc2)C1,172,650,73.62,47.09,89.95,313.83,3.96,0.3419
Cc1ccc(-c2cc(Cl)c(N3C(=O)c4ccc(C(C5=CC=C6C(=O)N(C)C(=O)C6(C)C5)(C(F)(F)F)C(F)(F)F)cc4C3=O)cc2Cl)cc1,316,824,82.21,47.41,114.12,324.86,4.02,0.3905
None,"30,267","422,645",0.0,0.0,0.0,0.0,0.0,0.0
None,"573,50","94,252",0.0,0.0,0.0,0.0,0.0,0.0
None,477,365,0.0,0.0,0.0,0.0,0.0,0.0
None,203,253,0.0,0.0,0.0,0.0,0.0,0.0
Cc1ccc2c(C)c3ccc(N4C(=O)CC5(CC6CC5C5C(=O)N(C)C(=O)C65)C4=O)cc3nc2c1,"135,321,358","778,661,712",78.35,34.69,102.71,407.74,5.34,0.3678
None,377,326,0.0,0.0,0.0,0.0,0.0,0.0
None,"12,529","739,155",0.0,0.0,0.0,0.0,0.0,0.0
None,"136,6","250,801",0.0,0.0,0.0,0.0,0.0,0.0
None,291,75,0.0,0.0,0.0,0.0,0.0,0.0
None,546,889,0.0,0.0,0.0,0.0,0.0,0.0
None,269,894,0.0,0.0,0.0,0.0,0.0,0.0
None,466,511,0.0,0.0,0.0,0.0,0.0,0.0
None,359,605,0.0,0.0,0.0,0.0,0.0,0.0
None,174,304,0.0,0.0,0.0,0.0,0.0,0.0
None,394,644,0.0,0.0,0.0,0.0,0.0,0.0
None,291,584,0.0,0.0,0.0,0.0,0.0,0.0
None,259,546,0.0,0.0,0.0,0.0,0.0,0.0
None,569,860,0.0,0.0,0.0,0.0,0.0,0.0
None,59,244,0.0,0.0,0.0,0.0,0.0,0.0
Cc1ccc2ccccc2c1C1=C(N2C(=O)c3ccc(CCCc4c5c(=O)oc(=O)c5c(C)c5c(=O)n(C)c(=O)c45)cc3C2=O)CC=C2C=CC=CC21,"350,502","204,236",6.91,32.99,86.59,405.97,4.28,0.0355
None,217,52,0.0,0.0,0.0,0.0,0.0,0.0
None,181,775,0.0,0.0,0.0,0.0,0.0,0.0
None,209,248,0.0,0.0,0.0,0.0,0.0,0.0
None,394,734,0.0,0.0,0.0,0.0,0.0,0.0
None,137,476,0.0,0.0,0.0,0.0,0.0,0.0
None,224,529,0.0,0.0,0.0,0.0,0.0,0.0
None,312,106,0.0,0.0,0.0,0.0,0.0,0.0
None,291,300,0.0,0.0,0.0,0.0,0.0,0.0
None,309,449,0.0,0.0,0.0,0.0,0.0,0.0
None,191,173,0.0,0.0,0.0,0.0,0.0,0.0
None,422,590,0.0,0.0,0.0,0.0,0.0,0.0
None,"304,180","513,155",0.0,0.0,0.0,0.0,0.0,0.0
None,"440,117","481,78",0.0,0.0,0.0,0.0,0.0,0.0
None,185,562,0.0,0.0,0.0,0.0,0.0,0.0
None,"515,154","661,131",0.0,0.0,0.0,0.0,0.0,0.0
None,139,703,0.0,0.0,0.0,0.0,0.0,0.0
Cc1ccc(S(=O)(=O)c2ccc(N3C(=O)c4ccc(C(C5=CCC6C(=O)N(C)C(=O)C6C5)(C(F)(F)F)C(F)(F)F)cc4C3=O)cc2Cl)cc1,"348,125","384,830",84.15,50.82,87.84,293.91,4.07,0.3693
None,191,127,0.0,0.0,0.0,0.0,0.0,0.0
None,"114,486","98,461",0.0,0.0,0.0,0.0,0.0,0.0
CC1=C(N2C(=O)C3C=CC(c4ccc5c(c4)C(=O)N(C)C5=O)=CC3C2=O)CCC=C1c1cccc(C)c1C,521,153,79.63,29.24,111.13,356.28,4.07,0.4207
None,154,255,0.0,0.0,0.0,0.0,0.0,0.0
Cc1c(C)c(C)c(N2C(=O)c3ccc(C4=C5C(=O)N(C)C(=O)C5=CCC4)cc3C2=O)c(C)c1C,517,991,46.95,13.89,123.57,444.99,3.11,0.3154
None,95,571,0.0,0.0,0.0,0.0,0.0,0.0
CC1=CC=C(C(C)(C)c2ccc(N3C(=O)c4ccc(-c5c6c(=O)oc(=O)c6cc6c(=O)n(C)c(=O)c56)cc4C3=O)cc2)CC1,173,711,7.12,19.07,123.42,355.14,3.43,0.0428
None,548,854,0.0,0.0,0.0,0.0,0.0,0.0
None,323,615,0.0,0.0,0.0,0.0,0.0,0.0
None,"279,342","926,846",0.0,0.0,0.0,0.0,0.0,0.0
None,445,316,0.0,0.0,0.0,0.0,0.0,0.0
None,373,906,0.0,0.0,0.0,0.0,0.0,0.0
None,"508,491","771,947",0.0,0.0,0.0,0.0,0.0,0.0
Cc1ccc2c(c1)OCCOCCOc1ccc(N3C(=O)c4ccc(-c5c6ccccc6cc6cc7c(cc56)C(=O)N(C)C7=O)cc4C3=O)cc1OCCO2,74,386,14.4,60.06,117.73,307.89,3.63,0.0668
None,85,349,0.0,0.0,0.0,0.0,0.0,0.0
None,522,274,0.0,0.0,0.0,0.0,0.0,0.0
Cc1ccc(S(=O)(=O)c2ccc(N3C(=O)c4ccc(C#Cc5ccc(C#Cc6ccc7c(c6)C(=O)N(C)C7=O)cc5)cc4C3=O)cc2)cc1Cl,"85,334,249","832,806,688",64.13,48.33,98.97,255.34,3.04,0.3228
None,228,15,0.0,0.0,0.0,0.0,0.0,0.0
None,360,555,0.0,0.0,0.0,0.0,0.0,0.0
None,38,277,0.0,0.0,0.0,0.0,0.0,0.0
None,501,194,0.0,0.0,0.0,0.0,0.0,0.0
None,400,534,0.0,0.0,0.0,0.0,0.0,0.0
None,361,98,0.0,0.0,0.0,0.0,0.0,0.0
None,"557,369","864,99",0.0,0.0,0.0,0.0,0.0,0.0
Cc1ccc(-c2c3ccccc3nc3cc(N4C(=O)C5(F)C6(F)C(=O)N(C)C(=O)C6(F)C5(F)C4=O)ccc23)cc1,362,897,78.55,32.49,126.55,338.16,4.31,0.3958
None,"125,279,193","996,636,583",0.0,0.0,0.0,0.0,0.0,0.0
None,"18,573,359","1002,21,0",0.0,0.0,0.0,0.0,0.0,0.0
None,469,496,0.0,0.0,0.0,0.0,0.0,0.0
None,494,842,0.0,0.0,0.0,0.0,0.0,0.0
None,177,552,0.0,0.0,0.0,0.0,0.0,0.0
None,452,326,0.0,0.0,0.0,0.0,0.0,0.0
None,507,96,0.0,0.0,0.0,0.0,0.0,0.0
None,94,437,0.0,0.0,0.0,0.0,0.0,0.0
None,495,115,0.0,0.0,0.0,0.0,0.0,0.0
None,"364,37","789,436",0.0,0.0,0.0,0.0,0.0,0.0
None,382,951,0.0,0.0,0.0,0.0,0.0,0.0
None,468,687,0.0,0.0,0.0,0.0,0.0,0.0
Cc1ccc(CCSC(=O)c2c(N3C(=O)C4CCC5C(=O)N(C)C(=O)C5C4C3=O)ccc3cccc(C)c23)cc1,"109,315,356","998,987,589",83.71,45.26,90.15,318.21,4.04,0.3896
None,250,911,0.0,0.0,0.0,0.0,0.0,0.0
Cc1cccc2c1ccc1c(N3C(=O)C4C5CC(C4C3=O)C3(CCC4(CC6CC4C4C(=O)N(C)C(=O)C64)C3=O)C5)cccc12,"282,473","221,269",86.07,45.74,93.94,414.32,6.68,0.3791
None,261,957,0.0,0.0,0.0,0.0,0.0,0.0
None,179,725,0.0,0.0,0.0,0.0,0.0,0.0
None,180,96,0.0,0.0,0.0,0.0,0.0,0.0
None,453,846,0.0,0.0,0.0,0.0,0.0,0.0
None,146,612,0.0,0.0,0.0,0.0,0.0,0.0
Cc1c(N2C(=O)c3cc4ccc(-c5ccc6c(c5)C(=O)N(C)C6=O)cc4cc3C2=O)c2ccccc2c2ccccc12,"205,288","464,636",0.66,32.48,192.22,365.2,2.73,0.0043
Cc1ccc2c(c1)C1C(=O)N(C)C(=O)C1CC2C1CC(=O)N(c2ccc(-c3cc(C)c(C)cc3F)cc2)C1=O,"127,547","454,344",80.36,44.69,100.2,323.24,3.87,0.3896
None,357,159,0.0,0.0,0.0,0.0,0.0,0.0
None,210,238,0.0,0.0,0.0,0.0,0.0,0.0
None,"85,176","679,289",0.0,0.0,0.0,0.0,0.0,0.0
None,213,230,0.0,0.0,0.0,0.0,0.0,0.0
None,"204,398","841,62",0.0,0.0,0.0,0.0,0.0,0.0
None,61,92,0.0,0.0,0.0,0.0,0.0,0.0
None,536,269,0.0,0.0,0.0,0.0,0.0,0.0
None,90,949,0.0,0.0,0.0,0.0,0.0,0.0
None,522,335,0.0,0.0,0.0,0.0,0.0,0.0
None,40,300,0.0,0.0,0.0,0.0,0.0,0.0
C=CCC(CC=C)(c1ccc(N2C(=O)c3ccc(C4(c5ccc6c(c5)C(=O)N(C)C6=O)c5ccccc5C5CCCCC54)cc3C2=O)cc1)c1cc(C)c(C)c(Br)c1,"92,152","692,513",81.03,47.44,95.33,352.23,4.66,0.3522
None,506,571,0.0,0.0,0.0,0.0,0.0,0.0
None,302,790,0.0,0.0,0.0,0.0,0.0,0.0
None,"81,498","171,545",0.0,0.0,0.0,0.0,0.0,0.0
None,339,761,0.0,0.0,0.0,0.0,0.0,0.0
Cc1ccc2cc3c(F)c(N4C(=O)C5C6C=CC(c7cc8c(cc76)C(=O)N(C)C8=O)C5C4=O)ccc3cc2c1F,217,616,78.8,15.76,103.97,441.5,4.97,0.4199
None,309,662,0.0,0.0,0.0,0.0,0.0,0.0
CCCC1=CCC(c2ccc(N3C(=O)C4OC5C(=O)N(C)C(=O)C5C4C3=O)cc2)(n2ccc3c(C)nccc32)C=C1,"471,374","296,531",82.7,21.21,107.21,399.71,4.82,0.425
None,419,572,0.0,0.0,0.0,0.0,0.0,0.0
None,346,738,0.0,0.0,0.0,0.0,0.0,0.0
None,209,461,0.0,0.0,0.0,0.0,0.0,0.0
None,437,47,0.0,0.0,0.0,0.0,0.0,0.0
None,323,629,0.0,0.0,0.0,0.0,0.0,0.0
None,254,503,0.0,0.0,0.0,0.0,0.0,0.0
None,"153,0","276,224",0.0,0.0,0.0,0.0,0.0,0.0
None,89,949,0.0,0.0,0.0,0.0,0.0,0.0
None,540,818,0.0,0.0,0.0,0.0,0.0,0.0
None,459,16,0.0,0.0,0.0,0.0,0.0,0.0
None,205,480,0.0,0.0,0.0,0.0,0.0,0.0
None,325,369,0.0,0.0,0.0,0.0,0.0,0.0
None,290,441,0.0,0.0,0.0,0.0,0.0,0.0
None,35,775,0.0,0.0,0.0,0.0,0.0,0.0
None,"547,403","881,305",0.0,0.0,0.0,0.0,0.0,0.0
None,529,581,0.0,0.0,0.0,0.0,0.0,0.0
None,65,660,0.0,0.0,0.0,0.0,0.0,0.0
None,188,969,0.0,0.0,0.0,0.0,0.0,0.0
None,360,780,0.0,0.0,0.0,0.0,0.0,0.0
None,246,890,0.0,0.0,0.0,0.0,0.0,0.0
None,346,992,0.0,0.0,0.0,0.0,0.0,0.0
None,"329,17","672,660",0.0,0.0,0.0,0.0,0.0,0.0
None,466,721,0.0,0.0,0.0,0.0,0.0,0.0
None,235,414,0.0,0.0,0.0,0.0,0.0,0.0
None,265,184,0.0,0.0,0.0,0.0,0.0,0.0
None,"102,356","755,484",0.0,0.0,0.0,0.0,0.0,0.0
None,"201,504","741,486",0.0,0.0,0.0,0.0,0.0,0.0
None,"337,124","262,845",0.0,0.0,0.0,0.0,0.0,0.0
None,385,538,0.0,0.0,0.0,0.0,0.0,0.0
None,"504,259","73,649",0.0,0.0,0.0,0.0,0.0,0.0
None,144,111,0.0,0.0,0.0,0.0,0.0,0.0
None,491,476,0.0,0.0,0.0,0.0,0.0,0.0
C=CC(C)c1ccc(-n2c(=O)c3c(-c4cc5c(c(C)c4C)C(=O)OC5=O)c4ccc5c6c(=O)n(C)c(=O)c6c(-c6ccc7c(c6)C(=O)OC7=O)c6ccc(c3c2=O)c4c65)cc1,"256,3","55,336",21.09,33.24,88.08,341.89,4.41,0.1011
None,386,49,0.0,0.0,0.0,0.0,0.0,0.0
Cc1ccc2cccc(C)c2c1N1C(=O)C2C3CC(C4C(=O)N(C)C(=O)C34)C2C1=O,"164,572","684,254",77.38,38.23,114.93,447.34,4.69,0.3889
None,393,382,0.0,0.0,0.0,0.0,0.0,0.0
None,264,282,0.0,0.0,0.0,0.0,0.0,0.0
None,375,743,0.0,0.0,0.0,0.0,0.0,0.0
None,334,591,0.0,0.0,0.0,0.0,0.0,0.0
Cc1ccc2c(c1)-c1ccccc1C21c2ccccc2-c2cc(N3C(=O)c4ccc(-c5c(C(=O)C6=CC=C7C(=O)OC(=O)C7C6)c6c(=O)n(C)c(=O)c6c6c(=O)oc(=O)c56)cc4C3=O)ccc21,"270,336","8,1003",13.44,30.83,91.34,350.35,5.26,0.0606
None,492,696,0.0,0.0,0.0,0.0,0.0,0.0
None,"55,406","961,167",0.0,0.0,0.0,0.0,0.0,0.0
Cc1ccc2ccc(N3C(=O)c4ccc(OC5=CC=CC6C(=O)N(C)C(=O)C56)cc4C3=O)cc2c1,7,635,74.57,37.63,110.31,317.84,3.63,0.3884
None,31,741,0.0,0.0,0.0,0.0,0.0,0.0
None,"502,163","465,553",0.0,0.0,0.0,0.0,0.0,0.0
None,24,269,0.0,0.0,0.0,0.0,0.0,0.0
None,548,718,0.0,0.0,0.0,0.0,0.0,0.0
None,187,893,0.0,0.0,0.0,0.0,0.0,0.0
None,170,359,0.0,0.0,0.0,0.0,0.0,0.0
None,436,985,0.0,0.0,0.0,0.0,0.0,0.0
Cc1cc2ccc(N3C(=O)c4ccc(C(=O)C5=CCC6C(=O)N(C)C(=O)C6=C5)cc4C3=O)cc2cc1C,172,148,19.54,20.24,100.08,326.24,3.51,0.1116
None,"366,447","606,278",0.0,0.0,0.0,0.0,0.0,0.0
CCC(c1ccc2c(c1)C(=O)N(C)C2=O)(c1ccc2c(c1)C(=O)N(c1ccc3cc4c(cc3c1)C(c1ccccc1)c1cc3cc(C)ccc3cc1O4)C2=O)C(F)(F)F,"98,1","430,875",61.87,58.05,87.68,322.58,4.26,0.2595
None,276,273,0.0,0.0,0.0,0.0,0.0,0.0
None,367,300,0.0,0.0,0.0,0.0,0.0,0.0
None,"161,411","568,330",0.0,0.0,0.0,0.0,0.0,0.0
None,389,668,0.0,0.0,0.0,0.0,0.0,0.0
None,326,322,0.0,0.0,0.0,0.0,0.0,0.0
None,246,432,0.0,0.0,0.0,0.0,0.0,0.0
None,445,848,0.0,0.0,0.0,0.0,0.0,0.0
None,522,145,0.0,0.0,0.0,0.0,0.0,0.0
None,308,864,0.0,0.0,0.0,0.0,0.0,0.0
None,374,489,0.0,0.0,0.0,0.0,0.0,0.0
Cc1ccc2cc3c(cc2c1)C(c1ccccc1)c1cc2cc(N4C(=O)c5c(F)cc(-c6ccc7c(c6)C(=O)N(C)C7=O)c(F)c5C4=O)ccc2cc1O3,"327,239,14","770,679,430",14.05,44.54,90.14,359.71,3.79,0.0703
None,188,930,0.0,0.0,0.0,0.0,0.0,0.0
None,"40,155","740,414",0.0,0.0,0.0,0.0,0.0,0.0
None,406,436,0.0,0.0,0.0,0.0,0.0,0.0
None,285,897,0.0,0.0,0.0,0.0,0.0,0.0
None,539,483,0.0,0.0,0.0,0.0,0.0,0.0
None,275,785,0.0,0.0,0.0,0.0,0.0,0.0
None,64,143,0.0,0.0,0.0,0.0,0.0,0.0
Cc1ccc(F)cc1-c1ccc(N2C(=O)C34CCCCC35C(=O)N(C)C(=O)C53CCCCC34C2=O)cc1,"467,371","472,673",83.13,39.69,101.39,357.02,5.32,0.3625
None,189,987,0.0,0.0,0.0,0.0,0.0,0.0
None,452,175,0.0,0.0,0.0,0.0,0.0,0.0
None,179,727,0.0,0.0,0.0,0.0,0.0,0.0
None,"135,113,303","5,226,431",0.0,0.0,0.0,0.0,0.0,0.0
Cc1ccc(-c2c(F)cc(N3C(=O)c4ccc(S(=O)(=O)c5ccc6c(c5)C(=O)N(C)C6=O)cc4C3=O)c(F)c2F)cc1,562,763,68.73,43.1,99.75,347.37,2.85,0.3892
None,216,570,0.0,0.0,0.0,0.0,0.0,0.0
Cc1ccc(OC2=CC=CC(N3C(=O)C4(C)C5C(=O)N(C)C(=O)C5(C)C4(C)C3=O)C2)cc1,375,338,75.94,63.08,90.73,285.61,4.74,0.2745
None,18,906,0.0,0.0,0.0,0.0,0.0,0.0
None,499,349,0.0,0.0,0.0,0.0,0.0,0.0
None,514,23,0.0,0.0,0.0,0.0,0.0,0.0
None,387,756,0.0,0.0,0.0,0.0,0.0,0.0
None,171,438,0.0,0.0,0.0,0.0,0.0,0.0
None,279,570,0.0,0.0,0.0,0.0,0.0,0.0
None,231,518,0.0,0.0,0.0,0.0,0.0,0.0
None,"153,491","642,460",0.0,0.0,0.0,0.0,0.0,0.0
None,537,536,0.0,0.0,0.0,0.0,0.0,0.0
None,268,776,0.0,0.0,0.0,0.0,0.0,0.0
None,431,270,0.0,0.0,0.0,0.0,0.0,0.0
Cc1cccc2cc(-c3ccc(N4C(=O)C5=CCCC(c6ccc7c(c6)C(=O)N(C)C7=O)=C5C4=O)cc3)ccc12,517,218,0.82,27.53,155.04,358.37,2.91,0.0052
None,463,50,0.0,0.0,0.0,0.0,0.0,0.0
None,"284,118,540","952,418,636",0.0,0.0,0.0,0.0,0.0,0.0
None,"279,326","959,611",0.0,0.0,0.0,0.0,0.0,0.0
None,543,766,0.0,0.0,0.0,0.0,0.0,0.0
None,552,465,0.0,0.0,0.0,0.0,0.0,0.0
None,141,182,0.0,0.0,0.0,0.0,0.0,0.0
None,"403,518,540,77","564,83,564,752",0.0,0.0,0.0,0.0,0.0,0.0
None,168,211,0.0,0.0,0.0,0.0,0.0,0.0
None,559,122,0.0,0.0,0.0,0.0,0.0,0.0
None,232,917,0.0,0.0,0.0,0.0,0.0,0.0
None,"277,92,19,405","748,163,840,215",0.0,0.0,0.0,0.0,0.0,0.0
Cc1ccc2c(c1)C1C(=O)N(c3ccc(C4=CCC(C)(F)C=C4)cc3)C(=O)C1CC2C1CC(=O)N(C)C1=O,547,959,76.87,47.76,97.73,276.21,4.43,0.3228
None,15,485,0.0,0.0,0.0,0.0,0.0,0.0
None,370,349,0.0,0.0,0.0,0.0,0.0,0.0
None,572,273,0.0,0.0,0.0,0.0,0.0,0.0
None,"204,298","584,24",0.0,0.0,0.0,0.0,0.0,0.0
None,"290,319","528,693",0.0,0.0,0.0,0.0,0.0,0.0
None,"62,346","514,137",0.0,0.0,0.0,0.0,0.0,0.0
None,70,856,0.0,0.0,0.0,0.0,0.0,0.0
Cc1cccc2c1C(N1C(=O)C3C(C1=O)C1C4CC(C5C6CC(C45)C4C5C(=O)N(C)C(=O)C5C64)C31)=CCC2,409,174,81.59,45.68,89.53,439.93,6.39,0.3662
Cc1ccc(-c2ccc(N3C(=O)C4C5CC6C(=O)N(C)C(=O)C6CC5C4C3=O)c(Cl)c2Cl)cc1,"329,426","797,240",78.63,31.8,116.66,412.2,4.08,0.4294
None,489,682,0.0,0.0,0.0,0.0,0.0,0.0
None,77,774,0.0,0.0,0.0,0.0,0.0,0.0
None,"107,523","948,309",0.0,0.0,0.0,0.0,0.0,0.0
None,311,437,0.0,0.0,0.0,0.0,0.0,0.0
None,299,133,0.0,0.0,0.0,0.0,0.0,0.0
CC1=CC(C)Cc2c1cccc2N1C(=O)C2CCC(C3CC(=O)N(C)C3=O)=C(C)C2C1=O,"227,484","680,171",81.13,47.72,88.62,341.33,4.44,0.358
None,378,589,0.0,0.0,0.0,0.0,0.0,0.0
None,408,434,0.0,0.0,0.0,0.0,0.0,0.0
None,312,319,0.0,0.0,0.0,0.0,0.0,0.0
None,366,488,0.0,0.0,0.0,0.0,0.0,0.0
None,"134,424","502,705",0.0,0.0,0.0,0.0,0.0,0.0
None,"458,283","1000,141",0.0,0.0,0.0,0.0,0.0,0.0
None,"289,201","900,946",0.0,0.0,0.0,0.0,0.0,0.0
None,167,638,0.0,0.0,0.0,0.0,0.0,0.0
None,258,698,0.0,0.0,0.0,0.0,0.0,0.0
None,94,790,0.0,0.0,0.0,0.0,0.0,0.0
None,462,489,0.0,0.0,0.0,0.0,0.0,0.0
None,"306,462","236,449",0.0,0.0,0.0,0.0,0.0,0.0
None,137,530,0.0,0.0,0.0,0.0,0.0,0.0
None,"16,319","224,855",0.0,0.0,0.0,0.0,0.0,0.0
None,"17,454,83,332","845,715,668,862",0.0,0.0,0.0,0.0,0.0,0.0
None,491,592,0.0,0.0,0.0,0.0,0.0,0.0
None,252,252,0.0,0.0,0.0,0.0,0.0,0.0
None,446,261,0.0,0.0,0.0,0.0,0.0,0.0
Cc1ccc2c(N3C(=O)c4ccc(S(=O)c5ccc6c(c5)C(=O)N(C)C6=O)cc4C3=O)c(C)ccc2c1C,"403,231","550,973",60.96,48.07,97.86,376.32,3.42,0.321
None,413,270,0.0,0.0,0.0,0.0,0.0,0.0
None,258,465,0.0,0.0,0.0,0.0,0.0,0.0
None,209,638,0.0,0.0,0.0,0.0,0.0,0.0
None,361,935,0.0,0.0,0.0,0.0,0.0,0.0
None,224,283,0.0,0.0,0.0,0.0,0.0,0.0
Cc1ccc(F)c(-c2ccc(N3C(=O)C4C5CC6C(=O)N(C)C(=O)C6CC5C4C3=O)cc2)c1,"197,426","470,428",77.37,40.66,108.77,393.45,3.9,0.4061
Cc1c(F)ccc2c(N3C(=O)C4=CC(Oc5ccc6c(c5)C(=O)N(C)C6=O)=CCC4C3=O)cc(F)cc12,22,241,65.63,47.03,94.28,315.91,3.67,0.3194
None,381,970,0.0,0.0,0.0,0.0,0.0,0.0
None,457,380,0.0,0.0,0.0,0.0,0.0,0.0
None,356,461,0.0,0.0,0.0,0.0,0.0,0.0
Cc1ccc(-c2ccc(N3C(=O)C4=CC(C(c5ccc6c(c5)C(=O)N(C)C6=O)(C(F)(F)F)C(F)(F)F)=CCC4(C)C3=O)cc2)cc1C#N,301,806,76.4,53.59,104.7,289.72,4.02,0.3371
None,"109,383","919,711",0.0,0.0,0.0,0.0,0.0,0.0
Cc1ccc(C2=C(F)C=C(N3C(=O)C4=CC(c5ccc6c(c5)C(=O)N(C)C6=O)=CCC4C3=O)CC2(F)F)c(F)c1,538,784,73.67,49.35,92.83,329.82,4.13,0.3353
Cc1nc(-c2ccc(N3C(=O)C4CCC5C(=O)N(C)C(=O)C5C4C3=O)cc2)cs1,"114,356","810,942",78.46,49.2,90.9,357.16,3.61,0.3925
Cc1cccc2c(N3C(=O)c4ccc([Si](c5ccccc5)(c5ccccc5)c5ccc6c(c5)C(=O)N(C)C6=O)cc4C3=O)cccc12,"382,446","419,990",27.3,42.9,133.24,272.34,2.96,0.1487
None,"69,11","584,775",0.0,0.0,0.0,0.0,0.0,0.0
Cc1ccc2ccc3ccc(N4C(=O)c5ccc(OC6=CCC7C(=O)N(C)C(=O)C7=C6)cc5C4=O)c4ccc1c2c34,22,632,10.78,38.84,96.09,347.88,3.64,0.0564
None,511,42,0.0,0.0,0.0,0.0,0.0,0.0
None,414,378,0.0,0.0,0.0,0.0,0.0,0.0
None,310,628,0.0,0.0,0.0,0.0,0.0,0.0
None,448,380,0.0,0.0,0.0,0.0,0.0,0.0
None,"119,321","466,74",0.0,0.0,0.0,0.0,0.0,0.0
None,140,693,0.0,0.0,0.0,0.0,0.0,0.0
None,503,26,0.0,0.0,0.0,0.0,0.0,0.0
None,"515,575","408,75",0.0,0.0,0.0,0.0,0.0,0.0
None,"449,26","499,422",0.0,0.0,0.0,0.0,0.0,0.0
None,539,105,0.0,0.0,0.0,0.0,0.0,0.0
None,144,391,0.0,0.0,0.0,0.0,0.0,0.0
None,106,930,0.0,0.0,0.0,0.0,0.0,0.0
Cc1ccc(-c2cc(O)c(-n3c(=O)c4cc5ccc6cc7c(=O)n(C)c(=O)c7cc6ccc5cc4c3=O)c(Cl)c2)cc1,"326,223","882,94",0.26,1.57,235.45,417.69,2.85,0.002
Cc1ccc2c(c1)C(F)(F)C(F)(F)c1cc(N3C(=O)c4ccc(OC5=CC=C6C(=O)N(C)C(=O)C6C5C)cc4C3=O)ccc1-2,2,620,80.39,58.64,103.29,306.08,4.28,0.3353
None,41,383,0.0,0.0,0.0,0.0,0.0,0.0
None,414,598,0.0,0.0,0.0,0.0,0.0,0.0
None,141,432,0.0,0.0,0.0,0.0,0.0,0.0
Cc1cc(F)c2cc(N3C(=O)c4cc5c(cc4C3=O)C3C=CC5C4C(=O)N(C)C(=O)C34)ccc2c1F,217,231,75.85,18.72,104.09,432.01,4.9,0.3992
None,272,557,0.0,0.0,0.0,0.0,0.0,0.0
None,61,811,0.0,0.0,0.0,0.0,0.0,0.0
None,357,771,0.0,0.0,0.0,0.0,0.0,0.0
Cc1cc(C)c2ccc3c(N4C(=O)c5ccc(-c6c(F)c(F)c7c(c6F)C(=O)N(C)C7=O)cc5C4=O)cc(C)c4ccc1c2c43,100,599,8.82,11.03,123.51,415.7,3.23,0.0581
None,"4,434","459,803",0.0,0.0,0.0,0.0,0.0,0.0
None,274,623,0.0,0.0,0.0,0.0,0.0,0.0
None,537,633,0.0,0.0,0.0,0.0,0.0,0.0
None,369,443,0.0,0.0,0.0,0.0,0.0,0.0
Cc1ccc2cc3c(cc2c1)C(c1ccccc1)(c1ccccc1)c1cc2cc(N4C(=O)c5ccc([Si](C)(C)O[Si](C)(C)c6ccc7c(c6)C(=O)N(C)C7=O)cc5C4=O)ccc2cc1O3,499,435,82.44,45.83,99.79,275.53,3.84,0.3831
None,503,221,0.0,0.0,0.0,0.0,0.0,0.0
Cc1ccc2c(c1)Oc1ccc(N3C(=O)C4Cc5cc6c(cc5CC4C3=O)C(=O)N(C)C6=O)cc1O2,"41,535,245","396,391,153",77.09,51.88,104.09,292.85,3.62,0.3647
None,4,273,0.0,0.0,0.0,0.0,0.0,0.0
None,402,338,0.0,0.0,0.0,0.0,0.0,0.0
None,524,955,0.0,0.0,0.0,0.0,0.0,0.0
CN1C(=O)C2(F)C(F)(C1=O)C1(F)C(=O)N(c3ccc(OC4=CC=CC(C)(C)C4)cc3)C(=O)C21F,"505,362","403,953",79.76,60.78,103.48,268.67,4.85,0.2863
None,432,171,0.0,0.0,0.0,0.0,0.0,0.0
None,97,143,0.0,0.0,0.0,0.0,0.0,0.0
None,177,863,0.0,0.0,0.0,0.0,0.0,0.0
None,"115,357","895,48",0.0,0.0,0.0,0.0,0.0,0.0
Cc1ccc(N2C(=O)c3cc4ccc(-c5ccc6c(c5)C(=O)N(C)C6=O)cc4cc3C2=O)c2ccccc12,"205,74","947,261",0.9,23.85,197.36,355.63,2.53,0.0062
CC(CF)C1(c2ccc(N3C(=O)C4C5C=CC(c6cc7c(cc65)C(=O)N(C)C7=O)C4C3=O)cc2)CCCC1,"217,133","688,9",75.08,33.06,82.99,362.89,5.19,0.3353
Cc1cc(-c2ccc(N=Nc3ccccc3)c(-c3ccc(N4C(=O)C5C=CC(Sc6ccc7c(c6)C(=O)N(C)C7=O)=CC5C4=O)cc3)c2)c(F)cc1F,"574,186","418,478",72.84,38.46,89.74,355.14,4.24,0.3523
CC1=C(c2ccc(C)cc2)CC(C)(C)C(N2C(=O)c3cc(-c4ccc5c(c4)C(=O)N(C)C5=O)cc(C#Cc4ccccc4)c3C2=O)=C1C,108,911,45.74,45.44,111.07,303.03,3.38,0.2344
Cc1c2ccccc2cc2cc(N3C(=O)C4C5C(=O)N(C)C(=O)C5(F)C4C3=O)ccc12,"18,372","809,208",76.17,24.28,130.57,416.52,3.94,0.4435
None,41,294,0.0,0.0,0.0,0.0,0.0,0.0
None,"417,499,237","914,941,513",0.0,0.0,0.0,0.0,0.0,0.0
None,31,117,0.0,0.0,0.0,0.0,0.0,0.0
None,488,507,0.0,0.0,0.0,0.0,0.0,0.0
None,527,359,0.0,0.0,0.0,0.0,0.0,0.0
None,165,814,0.0,0.0,0.0,0.0,0.0,0.0
None,"337,526","206,902",0.0,0.0,0.0,0.0,0.0,0.0
None,"236,9","663,815",0.0,0.0,0.0,0.0,0.0,0.0
None,392,862,0.0,0.0,0.0,0.0,0.0,0.0
None,116,80,0.0,0.0,0.0,0.0,0.0,0.0
None,414,463,0.0,0.0,0.0,0.0,0.0,0.0
Cc1cccc2c(N3C(=O)c4ccc([Si](C)(C)c5ccc6c(c5)C(=O)N(C)C6=O)cc4C3=O)cc#cc12,571,159,68.91,29.49,135.77,320.77,3.63,0.3818
None,427,437,0.0,0.0,0.0,0.0,0.0,0.0
None,"324,486","473,504",0.0,0.0,0.0,0.0,0.0,0.0
None,246,83,0.0,0.0,0.0,0.0,0.0,0.0
None,472,1000,0.0,0.0,0.0,0.0,0.0,0.0
None,465,343,0.0,0.0,0.0,0.0,0.0,0.0
None,61,355,0.0,0.0,0.0,0.0,0.0,0.0
None,175,232,0.0,0.0,0.0,0.0,0.0,0.0
None,"81,512","663,692",0.0,0.0,0.0,0.0,0.0,0.0
None,402,722,0.0,0.0,0.0,0.0,0.0,0.0
None,130,106,0.0,0.0,0.0,0.0,0.0,0.0
None,"290,553","680,303",0.0,0.0,0.0,0.0,0.0,0.0
None,271,208,0.0,0.0,0.0,0.0,0.0,0.0
None,50,839,0.0,0.0,0.0,0.0,0.0,0.0
None,261,311,0.0,0.0,0.0,0.0,0.0,0.0
None,230,265,0.0,0.0,0.0,0.0,0.0,0.0
None,569,560,0.0,0.0,0.0,0.0,0.0,0.0
None,174,866,0.0,0.0,0.0,0.0,0.0,0.0
None,444,608,0.0,0.0,0.0,0.0,0.0,0.0
None,"573,176","935,131",0.0,0.0,0.0,0.0,0.0,0.0
Cc1ccc2c(c1)Oc1ccc(N3C(=O)C4C5C(=O)N(C)C(=O)C5(C)C4(C)C3=O)cc1O2,"370,105","313,396",74.56,51.26,104.03,292.78,4.19,0.3255
None,267,786,0.0,0.0,0.0,0.0,0.0,0.0
None,219,330,0.0,0.0,0.0,0.0,0.0,0.0
None,241,159,0.0,0.0,0.0,0.0,0.0,0.0
None,140,118,0.0,0.0,0.0,0.0,0.0,0.0
None,"68,209","547,887",0.0,0.0,0.0,0.0,0.0,0.0
None,481,836,0.0,0.0,0.0,0.0,0.0,0.0
None,"356,401","702,382",0.0,0.0,0.0,0.0,0.0,0.0
None,489,626,0.0,0.0,0.0,0.0,0.0,0.0
None,385,780,0.0,0.0,0.0,0.0,0.0,0.0
None,163,80,0.0,0.0,0.0,0.0,0.0,0.0
None,507,377,0.0,0.0,0.0,0.0,0.0,0.0
C=C(C)c1ccc(N2C(=O)c3cc(-c4ccc5c(c4)C(=O)N(C)C5=O)cc(C)c3C2=O)c2c(C)cccc12,"536,362,0","858,13,157",8.83,22.0,154.77,353.99,2.88,0.0569
None,345,647,0.0,0.0,0.0,0.0,0.0,0.0
None,323,287,0.0,0.0,0.0,0.0,0.0,0.0
Cc1ccc(S(=O)(=O)c2ccc(N3C(=O)C4CC5C(=O)N(C)C(=O)C5C4C3=O)cc2C#N)cc1,566,813,75.7,47.73,89.01,320.25,3.77,0.3615
None,291,408,0.0,0.0,0.0,0.0,0.0,0.0
None,49,143,0.0,0.0,0.0,0.0,0.0,0.0
None,"21,204","772,901",0.0,0.0,0.0,0.0,0.0,0.0
None,90,892,0.0,0.0,0.0,0.0,0.0,0.0
None,36,646,0.0,0.0,0.0,0.0,0.0,0.0
None,"238,250","624,263",0.0,0.0,0.0,0.0,0.0,0.0
Cc1ccc2c(c1)OCCOCCOc1cc(N3C(=O)c4ccc(C5(c6ccc7c(c6)C(=O)N(C)C7=O)c6cc(C)ccc6-c6ccc(C)cc65)cc4C3=O)ccc1OCCOCCO2,"219,190","394,442",60.04,63.07,89.39,307.93,3.93,0.2545
None,"342,306","949,210",0.0,0.0,0.0,0.0,0.0,0.0
None,381,158,0.0,0.0,0.0,0.0,0.0,0.0
None,228,946,0.0,0.0,0.0,0.0,0.0,0.0
Cc1ccc2c(c1)C(C)(C)CC2(C)c1ccc(N2C(=O)C3C4C=CC(c5cc6c(cc54)C(=O)N(C)C6=O)C3C2=O)cc1,217,899,76.01,29.22,107.95,399.33,5.1,0.3665
None,560,36,0.0,0.0,0.0,0.0,0.0,0.0
None,305,389,0.0,0.0,0.0,0.0,0.0,0.0
Cc1ccc2cc(C)c(N3C(=O)C4C=CC(C5(c6ccc7c(c6)C(=O)N(C)C7=O)c6ccccc6-c6ccccc65)=CC4C3=O)c(C)c2c1,"107,13,47","91,262,523",81.33,32.73,100.16,391.07,4.09,0.4287
None,561,964,0.0,0.0,0.0,0.0,0.0,0.0
None,300,508,0.0,0.0,0.0,0.0,0.0,0.0
None,357,929,0.0,0.0,0.0,0.0,0.0,0.0
None,57,835,0.0,0.0,0.0,0.0,0.0,0.0
None,53,477,0.0,0.0,0.0,0.0,0.0,0.0
CC1=CC2(C)C3C(=O)N(C)C(=O)C3C1C1C(=O)N(c3ccc(S(=O)(=O)c4ccc(C)cc4)c(C#N)c3)C(=O)C12,"132,376","813,533",79.99,48.14,85.32,319.81,5.11,0.3141
Cc1ccc2cc3cc(N4C(=O)CC(N(C)c5ccc6c(c5)C(=O)N(C)C6=O)C4=O)ccc3cc2c1,"526,69","659,269",12.12,15.96,99.11,325.25,3.18,0.0731
None,495,61,0.0,0.0,0.0,0.0,0.0,0.0
None,"341,506","625,899",0.0,0.0,0.0,0.0,0.0,0.0
None,180,475,0.0,0.0,0.0,0.0,0.0,0.0
None,"321,488","862,53",0.0,0.0,0.0,0.0,0.0,0.0
Cc1ccc2cc(N3C(=O)c4ccc(C5=C6C(=O)N(C)C(=O)C6CC=C5)cc4C3=O)cc(F)c2c1,516,453,16.88,30.28,98.82,327.22,3.48,0.0925
None,"68,192,56","616,390,953",0.0,0.0,0.0,0.0,0.0,0.0
None,292,356,0.0,0.0,0.0,0.0,0.0,0.0
None,229,512,0.0,0.0,0.0,0.0,0.0,0.0
None,162,76,0.0,0.0,0.0,0.0,0.0,0.0
None,244,591,0.0,0.0,0.0,0.0,0.0,0.0
None,"145,386","60,221",0.0,0.0,0.0,0.0,0.0,0.0
None,194,30,0.0,0.0,0.0,0.0,0.0,0.0
Cc1ccc(-c2ccc(N3C(=O)c4ccc(C#CCCCCC#Cc5ccc6c(c5)C(=O)N(C)C6=O)cc4C3=O)cn2)cc1,"72,218","534,51",0.8,56.21,131.47,227.49,3.0,0.0039
None,394,966,0.0,0.0,0.0,0.0,0.0,0.0
None,497,176,0.0,0.0,0.0,0.0,0.0,0.0
None,"164,325","760,900",0.0,0.0,0.0,0.0,0.0,0.0
None,"38,241","720,930",0.0,0.0,0.0,0.0,0.0,0.0
None,149,605,0.0,0.0,0.0,0.0,0.0,0.0
None,465,910,0.0,0.0,0.0,0.0,0.0,0.0
None,404,709,0.0,0.0,0.0,0.0,0.0,0.0
None,335,246,0.0,0.0,0.0,0.0,0.0,0.0
Cc1ccc(-c2cc(N3C(=O)CC(C)(c4ccc5c(c4)C(=O)N(C)C5=O)C3=O)ccc2P(=O)(c2ccccc2)c2ccccc2)cc1,528,406,86.46,34.79,157.17,303.7,3.61,0.4712
None,76,987,0.0,0.0,0.0,0.0,0.0,0.0
None,303,563,0.0,0.0,0.0,0.0,0.0,0.0
None,308,520,0.0,0.0,0.0,0.0,0.0,0.0
None,523,110,0.0,0.0,0.0,0.0,0.0,0.0
Cc1c(-n2c(=O)c3c(CCC(=O)c4ccc5c(c4)C(=O)OC5=O)c4c(=O)n(C)c(=O)c4c(C4=CC=CC5CC45)c3c2=O)cc(F)c(F)c1F,"154,401","2,442",17.97,30.89,98.86,374.93,4.5,0.0894
None,444,849,0.0,0.0,0.0,0.0,0.0,0.0
None,572,872,0.0,0.0,0.0,0.0,0.0,0.0
None,34,98,0.0,0.0,0.0,0.0,0.0,0.0
None,529,433,0.0,0.0,0.0,0.0,0.0,0.0
None,384,853,0.0,0.0,0.0,0.0,0.0,0.0
Cc1cc2ccc(N3C(=O)C4C5CC(C4C3=O)C3(CC(=O)N(C)C3=O)C5)cc2cc1C,"358,257","767,147",77.13,44.31,102.99,368.11,5.23,0.3314
None,76,91,0.0,0.0,0.0,0.0,0.0,0.0
None,492,579,0.0,0.0,0.0,0.0,0.0,0.0
None,357,203,0.0,0.0,0.0,0.0,0.0,0.0
None,524,204,0.0,0.0,0.0,0.0,0.0,0.0
None,443,405,0.0,0.0,0.0,0.0,0.0,0.0
None,529,564,0.0,0.0,0.0,0.0,0.0,0.0
None,429,508,0.0,0.0,0.0,0.0,0.0,0.0
Cc1ccc(N2C(=O)c3ccc(C4C=CC(C(C)(C)C5C=CC(OC6=CC7C(=O)N(C)C(=O)C7C=C6)=CC5)=CC4)cc3C2=O)cc1C,"105,116","978,266",83.1,46.33,84.35,299.08,4.89,0.3289
None,16,189,0.0,0.0,0.0,0.0,0.0,0.0
Cc1ccccc1N=Nc1ccccc1N1C(=O)C2C3C(=O)N(C)C(=O)C3(F)C2(C)C1=O,364,6,76.36,42.19,134.93,356.93,4.28,0.3764
None,174,269,0.0,0.0,0.0,0.0,0.0,0.0
None,"57,349","435,283",0.0,0.0,0.0,0.0,0.0,0.0
Cc1ccc2ccc(N3C(=O)c4ccc(S(=O)(=O)c5ccc6c(c5)C(=O)N(C)C6=O)cc4C3=O)cc2c1C,"562,116","827,172",70.58,43.52,105.03,341.22,2.64,0.4087
Cc1ccc(C#CC#Cc2ccc(N3C(=O)C4CCCC(C5CCC6C(=O)N(C)C(=O)C6C5)C4C3=O)cc2)cc1,"352,263","460,922",80.73,55.94,92.96,259.57,4.33,0.3207
None,13,728,0.0,0.0,0.0,0.0,0.0,0.0
None,443,330,0.0,0.0,0.0,0.0,0.0,0.0
None,414,586,0.0,0.0,0.0,0.0,0.0,0.0
None,89,19,0.0,0.0,0.0,0.0,0.0,0.0
None,427,766,0.0,0.0,0.0,0.0,0.0,0.0
None,"41,3","941,218",0.0,0.0,0.0,0.0,0.0,0.0
None,497,427,0.0,0.0,0.0,0.0,0.0,0.0
None,"485,80,266","194,340,151",0.0,0.0,0.0,0.0,0.0,0.0
None,475,353,0.0,0.0,0.0,0.0,0.0,0.0
None,"129,199","188,588",0.0,0.0,0.0,0.0,0.0,0.0
None,"212,212,522","803,163,267",0.0,0.0,0.0,0.0,0.0,0.0
None,508,877,0.0,0.0,0.0,0.0,0.0,0.0
None,135,432,0.0,0.0,0.0,0.0,0.0,0.0
None,497,425,0.0,0.0,0.0,0.0,0.0,0.0
None,409,879,0.0,0.0,0.0,0.0,0.0,0.0
None,188,705,0.0,0.0,0.0,0.0,0.0,0.0
None,441,658,0.0,0.0,0.0,0.0,0.0,0.0
None,"5,575","459,334",0.0,0.0,0.0,0.0,0.0,0.0
None,271,738,0.0,0.0,0.0,0.0,0.0,0.0
None,163,150,0.0,0.0,0.0,0.0,0.0,0.0
None,478,386,0.0,0.0,0.0,0.0,0.0,0.0
None,522,728,0.0,0.0,0.0,0.0,0.0,0.0
None,455,57,0.0,0.0,0.0,0.0,0.0,0.0
None,277,342,0.0,0.0,0.0,0.0,0.0,0.0
None,554,862,0.0,0.0,0.0,0.0,0.0,0.0
None,225,893,0.0,0.0,0.0,0.0,0.0,0.0
None,328,258,0.0,0.0,0.0,0.0,0.0,0.0
None,205,39,0.0,0.0,0.0,0.0,0.0,0.0
None,"347,325","977,203",0.0,0.0,0.0,0.0,0.0,0.0
None,272,407,0.0,0.0,0.0,0.0,0.0,0.0
C=Cc1cc(-c2ccc3c(c2)C(=O)N(c2ncc(S(=O)c4ccc(C)cc4)s2)C3=O)cc2c1C(=O)N(C)C2=O,"479,41","179,826",8.58,57.13,101.28,313.51,3.73,0.0394
None,"16,477","920,362",0.0,0.0,0.0,0.0,0.0,0.0
None,"105,197","171,343",0.0,0.0,0.0,0.0,0.0,0.0
None,554,585,0.0,0.0,0.0,0.0,0.0,0.0
None,509,206,0.0,0.0,0.0,0.0,0.0,0.0
None,"85,395","702,168",0.0,0.0,0.0,0.0,0.0,0.0
None,"105,77","765,457",0.0,0.0,0.0,0.0,0.0,0.0
None,319,772,0.0,0.0,0.0,0.0,0.0,0.0
None,247,514,0.0,0.0,0.0,0.0,0.0,0.0
None,"315,63","937,21",0.0,0.0,0.0,0.0,0.0,0.0
None,453,460,0.0,0.0,0.0,0.0,0.0,0.0
None,456,10,0.0,0.0,0.0,0.0,0.0,0.0
Cc1c(F)c(F)c2cc(N3C(=O)c4ccc(-c5c6c(=O)oc(=O)c6cc6c(=O)n(C)c(=O)c56)cc4C3=O)ccc2c1F,173,233,0.44,4.43,137.31,396.64,3.24,0.003
None,508,359,0.0,0.0,0.0,0.0,0.0,0.0
None,152,760,0.0,0.0,0.0,0.0,0.0,0.0
None,"214,507","895,237",0.0,0.0,0.0,0.0,0.0,0.0
None,418,882,0.0,0.0,0.0,0.0,0.0,0.0
None,"103,172","678,75",0.0,0.0,0.0,0.0,0.0,0.0
None,"553,492","550,718",0.0,0.0,0.0,0.0,0.0,0.0
None,228,284,0.0,0.0,0.0,0.0,0.0,0.0
None,"176,266","94,378",0.0,0.0,0.0,0.0,0.0,0.0
None,"186,292","893,57",0.0,0.0,0.0,0.0,0.0,0.0
None,"406,271","764,412",0.0,0.0,0.0,0.0,0.0,0.0
None,304,563,0.0,0.0,0.0,0.0,0.0,0.0
None,"373,477","930,583",0.0,0.0,0.0,0.0,0.0,0.0
None,388,114,0.0,0.0,0.0,0.0,0.0,0.0
None,259,457,0.0,0.0,0.0,0.0,0.0,0.0
None,48,612,0.0,0.0,0.0,0.0,0.0,0.0
None,43,805,0.0,0.0,0.0,0.0,0.0,0.0
None,137,514,0.0,0.0,0.0,0.0,0.0,0.0
None,170,705,0.0,0.0,0.0,0.0,0.0,0.0
None,199,186,0.0,0.0,0.0,0.0,0.0,0.0
None,366,432,0.0,0.0,0.0,0.0,0.0,0.0
Cc1cc(N2C(=O)C3C4C=CC(C5C(=O)N(C)C(=O)C45)C3C2=O)c2c(C)cccc2c1,575,181,78.33,30.82,109.46,438.73,4.81,0.3973
None,"573,42","448,68",0.0,0.0,0.0,0.0,0.0,0.0
None,492,47,0.0,0.0,0.0,0.0,0.0,0.0
None,"119,60,545","589,916,476",0.0,0.0,0.0,0.0,0.0,0.0
Cc1ccc(N2C(=O)c3ccc(-c4ccc5c(c4)C(=O)N(C)C5=O)cc3C2=O)c2ccc3ccccc3c12,1,196,0.94,23.68,197.36,355.85,2.53,0.0064
None,"164,377","19,861",0.0,0.0,0.0,0.0,0.0,0.0
None,198,338,0.0,0.0,0.0,0.0,0.0,0.0
None,228,266,0.0,0.0,0.0,0.0,0.0,0.0
None,309,925,0.0,0.0,0.0,0.0,0.0,0.0
None,157,740,0.0,0.0,0.0,0.0,0.0,0.0
None,309,380,0.0,0.0,0.0,0.0,0.0,0.0
Cc1ccc(-c2c3ccccc3cc3c(N4C(=O)CC5(CC6CC5C5C(=O)N(C)C(=O)C65)C4=O)cccc23)cc1,358,426,79.74,44.67,104.21,364.98,5.24,0.3413
None,"164,339","934,742",0.0,0.0,0.0,0.0,0.0,0.0
None,"496,337,140","777,482,912",0.0,0.0,0.0,0.0,0.0,0.0
Cc1ccc2c(F)c(N3C(=O)c4ccc(-c5ccc6c(c5)C(=O)N(C)C6=O)c(C)c4C3=O)cc(F)c2c1,314,231,6.65,11.69,140.48,370.99,2.86,0.0447
None,533,32,0.0,0.0,0.0,0.0,0.0,0.0
None,49,246,0.0,0.0,0.0,0.0,0.0,0.0
None,555,431,0.0,0.0,0.0,0.0,0.0,0.0
None,511,34,0.0,0.0,0.0,0.0,0.0,0.0
None,317,310,0.0,0.0,0.0,0.0,0.0,0.0
Cc1ccc(-c2ccc(N3C(=O)C4=CC=C(c5ccc6c(c5)C(=O)N(C)C6=O)CC4C3=O)cc2)cc1Br,508,522,16.56,17.11,99.95,349.01,3.35,0.0991
None,69,268,0.0,0.0,0.0,0.0,0.0,0.0
None,539,308,0.0,0.0,0.0,0.0,0.0,0.0
None,"165,145,43","9,302,360",0.0,0.0,0.0,0.0,0.0,0.0
None,418,355,0.0,0.0,0.0,0.0,0.0,0.0
Cc1ccc(-c2cc(N3C(=O)C4CC=C(C(c5ccc6c(c5)C(=O)N(C)C6=O)(C(F)(F)F)C(F)(F)F)CC4C3=O)c3ccccc3c2)cc1,348,83,79.53,50.24,103.87,331.73,3.99,0.3722
None,524,868,0.0,0.0,0.0,0.0,0.0,0.0
None,"133,171","995,266",0.0,0.0,0.0,0.0,0.0,0.0
None,"154,381","223,421",0.0,0.0,0.0,0.0,0.0,0.0
None,478,681,0.0,0.0,0.0,0.0,0.0,0.0
None,"28,214,348","17,760,178",0.0,0.0,0.0,0.0,0.0,0.0
None,439,469,0.0,0.0,0.0,0.0,0.0,0.0
None,415,123,0.0,0.0,0.0,0.0,0.0,0.0
None,394,258,0.0,0.0,0.0,0.0,0.0,0.0
Cc1ccc(S(=O)(=O)c2ccc(N3C(=O)c4ccc(CC5=CC6C(=O)N(C)C(=O)C6C=C5)cc4C3=O)cc2C)cc1,520,831,78.6,50.63,87.28,327.91,3.74,0.3731
None,404,781,0.0,0.0,0.0,0.0,0.0,0.0
Cc1ccc(C2C=CC=C(N3C(=O)c4ccc(-c5c6c(=O)oc(=O)c6c(C6=CC=CC7CC67)c6c(=O)n(C)c(=O)c56)cc4C3=O)C=C2)cc1,401,288,39.18,43.0,88.95,405.17,4.73,0.18
None,527,391,0.0,0.0,0.0,0.0,0.0,0.0
CC1=CC2(C)C3C(=O)N(C)C(=O)C3C1C1C(=O)N(c3cc4ccc5cc(C)cc6ccc(c3)c4c56)C(=O)C12,376,611,77.19,15.34,108.14,438.17,5.13,0.411
None,"154,136","614,523",0.0,0.0,0.0,0.0,0.0,0.0
None,"526,385","883,36",0.0,0.0,0.0,0.0,0.0,0.0
None,290,585,0.0,0.0,0.0,0.0,0.0,0.0
None,"403,532","696,736",0.0,0.0,0.0,0.0,0.0,0.0
None,469,564,0.0,0.0,0.0,0.0,0.0,0.0
None,149,54,0.0,0.0,0.0,0.0,0.0,0.0
Cc1cc(F)c(F)c(F)c1-c1ccc(N2C(=O)C3CCC(C)(c4ccc5c(c4)C(=O)N(C)C5=O)CC3C2=O)cc1,303,751,80.27,34.88,107.99,371.39,3.93,0.4239
None,72,330,0.0,0.0,0.0,0.0,0.0,0.0
None,253,958,0.0,0.0,0.0,0.0,0.0,0.0
None,"20,180","976,950",0.0,0.0,0.0,0.0,0.0,0.0
None,"284,174","72,476",0.0,0.0,0.0,0.0,0.0,0.0
CCCCC(CCCCF)(c1ccc(N2C(=O)CC3(CC4CC3C3C(=O)N(C)C(=O)C43)C2=O)cc1)c1ccc(-c2cc(Cl)c(C)cc2Cl)c(C)c1,"358,563,133","940,62,824",82.68,42.25,88.81,239.46,5.94,0.3116
Cc1ccc(-c2c3ccccc3nc3cc(N4C(=O)c5ccc(-c6cc(F)c7c(c6)C(=O)N(C)C7=O)cc5C4=O)ccc23)cc1,345,897,0.6,24.66,180.68,352.82,2.8,0.0039
CCCCCCCN1C(=O)C2C(C1=O)C1C3CC(C4C5CC(C34)C3C4C(=O)N(C)C(=O)C4C53)C21,409,993,81.34,52.3,78.79,358.54,6.06,0.3212
None,392,731,0.0,0.0,0.0,0.0,0.0,0.0
Cc1ccc2cccc(N3C(=O)c4cc(-c5c(C)cc(-c6ccc7c(c6)C(=O)N(C)C7=O)cc5C)cc(C)c4C3=O)c2c1,"13,536","225,856",16.43,25.31,144.93,364.58,2.83,0.1051
None,414,207,0.0,0.0,0.0,0.0,0.0,0.0
C=Cc1ccc2c(c1)C(c1ccc3c(c1)C(=O)N(C)C3=O)(c1ccc3c(c1)C(=O)N(c1ccc(C)c4c(C)c(C)c(C)c(C)c14)C3=O)c1cc(C=C)ccc1-2,150,112,28.0,54.32,107.61,394.36,3.53,0.1443
None,369,429,0.0,0.0,0.0,0.0,0.0,0.0
None,273,478,0.0,0.0,0.0,0.0,0.0,0.0
None,108,324,0.0,0.0,0.0,0.0,0.0,0.0
None,"30,187","427,290",0.0,0.0,0.0,0.0,0.0,0.0
None,15,802,0.0,0.0,0.0,0.0,0.0,0.0
None,"194,215","105,34",0.0,0.0,0.0,0.0,0.0,0.0
None,"75,561","762,600",0.0,0.0,0.0,0.0,0.0,0.0
None,183,167,0.0,0.0,0.0,0.0,0.0,0.0
None,242,827,0.0,0.0,0.0,0.0,0.0,0.0
None,418,612,0.0,0.0,0.0,0.0,0.0,0.0
None,112,368,0.0,0.0,0.0,0.0,0.0,0.0
None,495,561,0.0,0.0,0.0,0.0,0.0,0.0
None,561,546,0.0,0.0,0.0,0.0,0.0,0.0
None,569,2,0.0,0.0,0.0,0.0,0.0,0.0
None,418,913,0.0,0.0,0.0,0.0,0.0,0.0
Cc1ccc2cc(N3C(=O)c4ccc(C(C5=CC6C(=O)N(C)C(=O)C6C=C5)(C(F)(F)F)C(F)(F)F)cc4C3=O)c(C)cc2c1,294,147,84.89,45.91,99.62,341.0,4.11,0.4012
None,187,493,0.0,0.0,0.0,0.0,0.0,0.0
None,265,495,0.0,0.0,0.0,0.0,0.0,0.0
None,152,314,0.0,0.0,0.0,0.0,0.0,0.0
None,418,200,0.0,0.0,0.0,0.0,0.0,0.0
CC1=C(C2CC(=O)N(c3ccc(F)c4c(C)ccc(F)c34)C2=O)CCC2C(=O)N(C)C(=O)C12,"557,484","235,353",83.67,39.83,89.48,361.05,4.09,0.4121
None,294,293,0.0,0.0,0.0,0.0,0.0,0.0
None,402,2,0.0,0.0,0.0,0.0,0.0,0.0
Cc1cccc2c(N3C(=O)C4(C)C5(C)C(=O)N(C)C(=O)C5(C)C4(C)C3=O)cccc12,"377,289,329","704,592,990",72.52,48.92,149.46,399.26,4.07,0.3725
None,"233,530","938,723",0.0,0.0,0.0,0.0,0.0,0.0
None,539,265,0.0,0.0,0.0,0.0,0.0,0.0
None,323,771,0.0,0.0,0.0,0.0,0.0,0.0
None,29,686,0.0,0.0,0.0,0.0,0.0,0.0
None,452,363,0.0,0.0,0.0,0.0,0.0,0.0
None,312,172,0.0,0.0,0.0,0.0,0.0,0.0
None,"23,363,29","586,568,703",0.0,0.0,0.0,0.0,0.0,0.0
None,486,838,0.0,0.0,0.0,0.0,0.0,0.0
None,247,744,0.0,0.0,0.0,0.0,0.0,0.0
None,"45,39","955,11",0.0,0.0,0.0,0.0,0.0,0.0
Cc1ccc2c(C)c(N3C(=O)C4CC5C(=O)N(C)C(=O)C5CC4C3=O)ccc2c1C,542,186,80.92,42.1,108.96,468.7,3.72,0.4559
Cc1cccc2cc3cccc(N4C(=O)C5=CC(Oc6ccc7c(c6)C(=O)N(C)C7=O)=CCC5(C)C4=O)c3cc12,5,256,67.66,54.76,124.92,310.59,3.67,0.3242
None,44,352,0.0,0.0,0.0,0.0,0.0,0.0
None,511,429,0.0,0.0,0.0,0.0,0.0,0.0
Cc1ccc2c(c1)OCCOCCOc1ccc(N3C(=O)c4ccc(C5(c6ccc7c(c6)C(=O)N(C)C7=O)c6ccccc6-c6ccccc65)cc4C3=O)cc1OCCOCCO2,570,395,58.75,62.91,91.69,299.31,3.88,0.2498
None,428,915,0.0,0.0,0.0,0.0,0.0,0.0
None,77,535,0.0,0.0,0.0,0.0,0.0,0.0
None,299,788,0.0,0.0,0.0,0.0,0.0,0.0
None,"81,236","441,778",0.0,0.0,0.0,0.0,0.0,0.0
None,"343,11","993,183",0.0,0.0,0.0,0.0,0.0,0.0
Cc1cccc2cccc(N3C(=O)C4C5C(=O)N(C)C(=O)C5(C)C4(C)C3=O)c12,370,258,73.64,48.08,136.1,432.19,4.01,0.388
None,231,780,0.0,0.0,0.0,0.0,0.0,0.0
None,328,417,0.0,0.0,0.0,0.0,0.0,0.0
None,"407,227","474,697",0.0,0.0,0.0,0.0,0.0,0.0
None,55,962,0.0,0.0,0.0,0.0,0.0,0.0
None,448,381,0.0,0.0,0.0,0.0,0.0,0.0
None,244,310,0.0,0.0,0.0,0.0,0.0,0.0
None,"506,290","515,965",0.0,0.0,0.0,0.0,0.0,0.0
None,354,793,0.0,0.0,0.0,0.0,0.0,0.0
None,"120,446","599,766",0.0,0.0,0.0,0.0,0.0,0.0
None,"362,505,417","37,767,381",0.0,0.0,0.0,0.0,0.0,0.0
None,192,103,0.0,0.0,0.0,0.0,0.0,0.0
None,36,514,0.0,0.0,0.0,0.0,0.0,0.0
None,"550,312","247,485",0.0,0.0,0.0,0.0,0.0,0.0
CC1=C(C)CC(C)(c2ccc(N3C(=O)C4CCC(C5CCCC6C(=O)N(C)C(=O)C65)CC4C3=O)cc2)C=C1,352,719,83.65,56.09,90.04,285.27,4.64,0.3222
None,507,58,0.0,0.0,0.0,0.0,0.0,0.0
None,"51,290","684,112",0.0,0.0,0.0,0.0,0.0,0.0
None,174,756,0.0,0.0,0.0,0.0,0.0,0.0
None,360,777,0.0,0.0,0.0,0.0,0.0,0.0
None,"536,259","622,986",0.0,0.0,0.0,0.0,0.0,0.0
None,460,608,0.0,0.0,0.0,0.0,0.0,0.0
CC1CCC(N2C(=O)c3ccc(-c4c#ccc5c4C(=O)N(C)C5=O)cc3C2=O)=N1,159,538,41.29,33.52,98.46,386.14,4.29,0.2102
None,"401,9","276,272",0.0,0.0,0.0,0.0,0.0,0.0
None,"313,343,284,300","91,867,644,182",0.0,0.0,0.0,0.0,0.0,0.0
None,"564,253,502","18,935,845",0.0,0.0,0.0,0.0,0.0,0.0
None,"514,424,377","627,749,287",0.0,0.0,0.0,0.0,0.0,0.0
None,27,326,0.0,0.0,0.0,0.0,0.0,0.0
None,"550,50","984,418",0.0,0.0,0.0,0.0,0.0,0.0
None,209,378,0.0,0.0,0.0,0.0,0.0,0.0
Cc1ccc(S(=O)(=O)c2ccc(N3C(=O)CC4(CCC(C(c5c(-c6ccc7c(c6)C(=O)OC7=O)c6c(=O)n(C)c(=O)c6c6c(=O)oc(=O)c56)(C(F)(F)F)C(F)(F)F)CC4)C3=O)cc2O)c(O)c1,"270,88,332","811,824,426",47.88,53.71,82.26,356.13,4.88,0.1915
None,354,722,0.0,0.0,0.0,0.0,0.0,0.0
None,67,294,0.0,0.0,0.0,0.0,0.0,0.0
None,450,857,0.0,0.0,0.0,0.0,0.0,0.0
None,139,984,0.0,0.0,0.0,0.0,0.0,0.0
None,359,365,0.0,0.0,0.0,0.0,0.0,0.0
None,419,406,0.0,0.0,0.0,0.0,0.0,0.0
None,52,900,0.0,0.0,0.0,0.0,0.0,0.0
None,"565,511","969,671",0.0,0.0,0.0,0.0,0.0,0.0
None,436,11,0.0,0.0,0.0,0.0,0.0,0.0
None,258,31,0.0,0.0,0.0,0.0,0.0,0.0
None,"45,294","659,309",0.0,0.0,0.0,0.0,0.0,0.0
None,"145,139","235,791",0.0,0.0,0.0,0.0,0.0,0.0
None,559,688,0.0,0.0,0.0,0.0,0.0,0.0
None,420,865,0.0,0.0,0.0,0.0,0.0,0.0
None,256,357,0.0,0.0,0.0,0.0,0.0,0.0
None,503,266,0.0,0.0,0.0,0.0,0.0,0.0
None,429,813,0.0,0.0,0.0,0.0,0.0,0.0
None,452,849,0.0,0.0,0.0,0.0,0.0,0.0
Cc1ccc(-c2ccc(N3C(=O)c4ccc(C5CC(=O)N(C)C5=O)cc4C3=O)c(O)c2)cc1,69,843,6.99,24.99,101.07,352.46,2.94,0.0425
None,275,247,0.0,0.0,0.0,0.0,0.0,0.0
None,490,805,0.0,0.0,0.0,0.0,0.0,0.0
None,49,367,0.0,0.0,0.0,0.0,0.0,0.0
CCCCCCCN1C(=O)C2C=CC(Sc3ccc4c(c3)C(=O)N(C)C4=O)=CC2C1=O,574,993,60.34,56.96,87.82,247.74,3.77,0.2564
None,441,875,0.0,0.0,0.0,0.0,0.0,0.0
None,"325,294","852,669",0.0,0.0,0.0,0.0,0.0,0.0
None,353,585,0.0,0.0,0.0,0.0,0.0,0.0
None,209,726,0.0,0.0,0.0,0.0,0.0,0.0
None,27,700,0.0,0.0,0.0,0.0,0.0,0.0
Cc1ccc2cc(N3C(=O)c4ccc(C#Cc5ccc6c(c5)C(=O)N(C)C6=O)cc4C3=O)cc(F)c2c1F,"212,493","456,226",3.34,39.94,137.24,301.05,2.87,0.0191
None,"156,197","930,36",0.0,0.0,0.0,0.0,0.0,0.0
None,575,489,0.0,0.0,0.0,0.0,0.0,0.0
Cc1ccc2c(ccc3cc(N4C(=O)c5ccc(-c6ccc7c(c6)C(=O)N(C)C7=O)cc5C4=O)ccc32)c1,1,977,0.59,10.69,197.37,360.82,2.51,0.0042
None,"194,412","18,641",0.0,0.0,0.0,0.0,0.0,0.0
None,143,797,0.0,0.0,0.0,0.0,0.0,0.0
None,519,879,0.0,0.0,0.0,0.0,0.0,0.0
Cc1ccc2c(N3C(=O)c4cc5ccc(-c6ccc7c(c6)C(=O)N(C)C7=O)cc5cc4C3=O)ccc(C)c2c1,205,175,1.76,10.63,178.55,342.89,2.61,0.0123
None,"282,169,163","238,740,584",0.0,0.0,0.0,0.0,0.0,0.0
None,209,814,0.0,0.0,0.0,0.0,0.0,0.0
None,462,804,0.0,0.0,0.0,0.0,0.0,0.0
None,"169,307","617,551",0.0,0.0,0.0,0.0,0.0,0.0
None,147,363,0.0,0.0,0.0,0.0,0.0,0.0
None,420,26,0.0,0.0,0.0,0.0,0.0,0.0
None,435,395,0.0,0.0,0.0,0.0,0.0,0.0
None,162,763,0.0,0.0,0.0,0.0,0.0,0.0
None,"113,69","496,167",0.0,0.0,0.0,0.0,0.0,0.0
None,"99,415","661,247",0.0,0.0,0.0,0.0,0.0,0.0
None,446,681,0.0,0.0,0.0,0.0,0.0,0.0
None,"219,29","764,238",0.0,0.0,0.0,0.0,0.0,0.0
None,443,434,0.0,0.0,0.0,0.0,0.0,0.0
None,95,891,0.0,0.0,0.0,0.0,0.0,0.0
None,490,9,0.0,0.0,0.0,0.0,0.0,0.0
None,183,144,0.0,0.0,0.0,0.0,0.0,0.0
Cc1ccc(S(=O)(=O)c2ccc(N3C(=O)c4ccc(S(=O)c5ccc6c(c5)C(=O)N(C)C6=O)cc4C3=O)cn2)nc1,403,828,75.89,53.39,96.47,348.19,3.64,0.3693
None,199,133,0.0,0.0,0.0,0.0,0.0,0.0
None,"368,32","6,40",0.0,0.0,0.0,0.0,0.0,0.0
None,"119,263","765,596",0.0,0.0,0.0,0.0,0.0,0.0
None,"35,240","713,141",0.0,0.0,0.0,0.0,0.0,0.0
None,88,356,0.0,0.0,0.0,0.0,0.0,0.0
None,34,134,0.0,0.0,0.0,0.0,0.0,0.0
Cc1cc2ccc(N3C(=O)C4C=CC(c5ccc6c(c5)C(=O)N(C)C6=O)=CC4C3=O)cc2c2ccccc12,521,216,69.01,25.65,133.76,358.97,3.61,0.3998
None,519,578,0.0,0.0,0.0,0.0,0.0,0.0
None,549,640,0.0,0.0,0.0,0.0,0.0,0.0
None,240,971,0.0,0.0,0.0,0.0,0.0,0.0
None,431,808,0.0,0.0,0.0,0.0,0.0,0.0
None,299,666,0.0,0.0,0.0,0.0,0.0,0.0
Cc1ccc2c3c(ccc(N4C(=O)c5ccc(C6C=CC=C7C(=O)N(C)C(=O)C76)cc5C4=O)c13)C=C2,522,188,72.16,43.11,134.29,385.73,4.02,0.3747
None,292,353,0.0,0.0,0.0,0.0,0.0,0.0
None,"4,406","779,432",0.0,0.0,0.0,0.0,0.0,0.0
None,"320,290","284,627",0.0,0.0,0.0,0.0,0.0,0.0
None,429,106,0.0,0.0,0.0,0.0,0.0,0.0
None,"160,66","825,370",0.0,0.0,0.0,0.0,0.0,0.0
C=Cc1cc(-c2ccc(C)cc2-c2ccc3c(c2)C(=O)N(c2ccc(-c4cc(C)ccc4C)cc2)C3=O)cc2c1C(=O)N(C)C2=O,"114,479","769,690",2.95,17.45,160.79,342.53,2.94,0.0192
None,257,242,0.0,0.0,0.0,0.0,0.0,0.0
None,"98,348","525,771",0.0,0.0,0.0,0.0,0.0,0.0
None,38,67,0.0,0.0,0.0,0.0,0.0,0.0
None,"92,132,315,207,209","93,781,357,543,245",0.0,0.0,0.0,0.0,0.0,0.0
None,191,3,0.0,0.0,0.0,0.0,0.0,0.0
None,552,66,0.0,0.0,0.0,0.0,0.0,0.0
None,"571,390","954,331",0.0,0.0,0.0,0.0,0.0,0.0
None,"366,62","783,36",0.0,0.0,0.0,0.0,0.0,0.0
Cc1nc(-c2ccc(N3C(=O)C4=CC(C(=O)c5ccc6c(c5)C(=O)N(C)C6=O)=CCC4(C)C3=O)cc2)cs1,295,810,50.33,45.68,100.37,304.95,3.64,0.2468
None,119,308,0.0,0.0,0.0,0.0,0.0,0.0
Cc1ccc(C2(c3ccc(-n4c(=O)c5c6ccccccc7c8c(=O)n(C)c(=O)c8c8ccccccc(c5c4=O)c8c76)cc3)c3cc(S(=O)(=O)O)ccc3-c3ccc(S(=O)(=O)O)cc32)cc1,"237,163","767,870",68.24,47.22,88.99,463.14,3.95,0.3576
None,247,171,0.0,0.0,0.0,0.0,0.0,0.0
None,466,630,0.0,0.0,0.0,0.0,0.0,0.0
Cc1ccc(-c2cc(O)c(N3C(=O)c4ccc(C(C5=CCC6(C)C(=O)N(C)C(=O)C6=C5)(C(F)(F)F)C(F)(F)F)cc4C3=O)c(Cl)c2)cc1,301,882,71.42,44.79,113.19,287.47,4.09,0.3296
None,527,201,0.0,0.0,0.0,0.0,0.0,0.0
None,"121,202,431","467,714,274",0.0,0.0,0.0,0.0,0.0,0.0
None,"205,366,41","770,536,370",0.0,0.0,0.0,0.0,0.0,0.0
None,"510,565","969,41",0.0,0.0,0.0,0.0,0.0,0.0
None,438,92,0.0,0.0,0.0,0.0,0.0,0.0
None,"483,131","783,707",0.0,0.0,0.0,0.0,0.0,0.0
None,473,560,0.0,0.0,0.0,0.0,0.0,0.0
None,182,300,0.0,0.0,0.0,0.0,0.0,0.0
CC1=CC=C(c2ccc(N3C(=O)C4Cc5cc6c(cc5CC4C3=O)C(=O)N(C)C6=O)cc2)CC1(F)F,245,931,77.3,53.88,107.42,331.25,3.9,0.3605
None,231,251,0.0,0.0,0.0,0.0,0.0,0.0
None,67,272,0.0,0.0,0.0,0.0,0.0,0.0
None,158,200,0.0,0.0,0.0,0.0,0.0,0.0
None,232,441,0.0,0.0,0.0,0.0,0.0,0.0
None,432,989,0.0,0.0,0.0,0.0,0.0,0.0
None,"304,368,185","514,525,617",0.0,0.0,0.0,0.0,0.0,0.0
None,342,571,0.0,0.0,0.0,0.0,0.0,0.0
None,"505,485,15,88","991,531,524,333",0.0,0.0,0.0,0.0,0.0,0.0
None,519,22,0.0,0.0,0.0,0.0,0.0,0.0
CC1=C(c2ccc(C)cc2)CC(C)(C)C(N2C(=O)C3C4(F)C(=O)N(C)C(=O)C4C3(F)C2=O)=C1C,374,911,81.42,38.28,92.05,365.64,4.74,0.3714
None,305,510,0.0,0.0,0.0,0.0,0.0,0.0
None,"230,313","963,665",0.0,0.0,0.0,0.0,0.0,0.0
Cc1ccc(OC2=CC=C(N3C(=O)C4=CC=CC(c5ccc6c(c5)C(=O)N(C)C6=O)C4C3=O)CC=C2)cc1,522,353,79.34,53.76,96.95,314.92,4.15,0.348
None,50,241,0.0,0.0,0.0,0.0,0.0,0.0
None,398,708,0.0,0.0,0.0,0.0,0.0,0.0
Cc1ccc2cc3cc(N4C(=O)c5ccc(S(=O)(=O)c6ccc7c(c6)C(=O)N(C)C7=O)cc5C4=O)ccc3cc2c1,"135,562","659,999",50.6,42.66,106.85,341.33,2.71,0.2922
Cc1ccc2cc(N3C(=O)C4C5C(=O)N(C)C(=O)C5(F)C4C3=O)ccc2c1C,"515,573,372","158,61,158",75.49,11.1,122.9,447.27,3.94,0.4711
None,73,119,0.0,0.0,0.0,0.0,0.0,0.0
None,"566,552","710,363",0.0,0.0,0.0,0.0,0.0,0.0
Cc1cc2cc(C)c(N3C(=O)C4C5C=CC(C6C(=O)N(C)C(=O)C56)C4C3=O)cc2cc1C,"575,570,386","644,586,207",78.97,23.12,104.39,449.4,4.8,0.4178
None,293,95,0.0,0.0,0.0,0.0,0.0,0.0
Cc1ccc2cc(C)c(N3C(=O)c4ccc(OC5=CC=C6C(=O)N(C)C(=O)C6C5C)cc4C3=O)c(C)c2c1,2,91,79.8,56.28,104.84,345.69,3.95,0.3684
None,359,730,0.0,0.0,0.0,0.0,0.0,0.0
Cc1ccc(S(=O)(=O)c2ccc(N3C(=O)CC4(CC5CC4C4C6C(=O)N(C)C(=O)C6C54)C3=O)c(Cl)c2)cc1,"238,410","832,218",78.49,46.66,87.65,321.0,5.64,0.3124
C=Cc1cc(C(=O)CC(=O)c2ccc3c(c2)C(=O)N(c2cccc4cc5cccc(C)c5cc24)C3=O)cc2c1C(=O)N(C)C2=O,"515,479","256,999",0.65,44.34,124.49,316.27,3.11,0.0035
None,"485,70","443,121",0.0,0.0,0.0,0.0,0.0,0.0
Cc1cc(F)cc(-c2ccc(N3C(=O)c4ccc(C5(c6ccc7c(c6)C(=O)N(C)C7=O)CCc6ccccc65)cc4C3=O)cc2)c1,202,376,27.41,32.87,140.47,334.3,3.44,0.1551
Cc1ccc(S(=O)(=O)c2ccc(N3C(=O)CC(c4ccc(C5(c6ccc(-c7ccc8c(c7)C(=O)N(C)C8=O)c(C)c6)c6ccccc6-c6ccccc65)cc4C)C3=O)cc2)nc1,"504,69","836,688",76.09,40.84,85.27,409.97,3.96,0.3929
None,"515,153","448,6",0.0,0.0,0.0,0.0,0.0,0.0
None,394,169,0.0,0.0,0.0,0.0,0.0,0.0
None,247,712,0.0,0.0,0.0,0.0,0.0,0.0
None,321,437,0.0,0.0,0.0,0.0,0.0,0.0
None,123,395,0.0,0.0,0.0,0.0,0.0,0.0
None,"82,154,21,274","658,642,382,947",0.0,0.0,0.0,0.0,0.0,0.0
None,502,135,0.0,0.0,0.0,0.0,0.0,0.0
None,"211,519","281,12",0.0,0.0,0.0,0.0,0.0,0.0
None,529,189,0.0,0.0,0.0,0.0,0.0,0.0
None,"437,204","333,52",0.0,0.0,0.0,0.0,0.0,0.0
None,"4,54,281","794,171,337",0.0,0.0,0.0,0.0,0.0,0.0
None,223,879,0.0,0.0,0.0,0.0,0.0,0.0
None,328,516,0.0,0.0,0.0,0.0,0.0,0.0
Cc1ccc2c(c1)N(C)c1cc(N3C(=O)C4CC5C(=O)N(C)C(=O)C5C4C3=O)ccc1C2,"130,566","893,780",79.26,44.78,99.33,394.95,3.82,0.4091
None,123,695,0.0,0.0,0.0,0.0,0.0,0.0
None,3,775,0.0,0.0,0.0,0.0,0.0,0.0
Cc1ccc2c3ccc(N4C(=O)c5ccc(C6=CCC7C(=O)N(C)C(=O)C7=C6)cc5C4=O)c4cccc(c5cccc1c52)c43,538,643,5.63,35.23,103.31,375.28,3.63,0.0308
None,179,245,0.0,0.0,0.0,0.0,0.0,0.0
None,239,686,0.0,0.0,0.0,0.0,0.0,0.0
None,385,74,0.0,0.0,0.0,0.0,0.0,0.0
Cc1ccc([SiH2]c2ccc(N3C(=O)c4ccc(C#Cc5ccc6c(c5)C(=O)N(C)C6=O)cc4C3=O)cc2)cc1,493,849,4.1,52.44,117.15,242.3,3.03,0.0204
None,"324,143","40,820",0.0,0.0,0.0,0.0,0.0,0.0
None,261,210,0.0,0.0,0.0,0.0,0.0,0.0
None,"40,490","484,531",0.0,0.0,0.0,0.0,0.0,0.0
Cc1ccc2c(c1)OCCOCCOc1ccc(N3C(=O)C4=CC(C(=O)c5ccc6c(c5)C(=O)N(C)C6=O)=CCC4(C)C3=O)cc1OCCOCCO2,295,395,75.41,62.91,98.67,250.68,4.45,0.2797
None,569,390,0.0,0.0,0.0,0.0,0.0,0.0
None,513,34,0.0,0.0,0.0,0.0,0.0,0.0
None,225,904,0.0,0.0,0.0,0.0,0.0,0.0
None,186,892,0.0,0.0,0.0,0.0,0.0,0.0
None,401,67,0.0,0.0,0.0,0.0,0.0,0.0
None,493,745,0.0,0.0,0.0,0.0,0.0,0.0
None,51,878,0.0,0.0,0.0,0.0,0.0,0.0
None,53,942,0.0,0.0,0.0,0.0,0.0,0.0
Cc1ccc(C(=O)CCN2C(=O)CC(C3CC(=O)N(C)C3=O)C2=O)cc1,543,509,69.36,53.13,131.82,278.43,3.09,0.3552
None,298,816,0.0,0.0,0.0,0.0,0.0,0.0
None,367,933,0.0,0.0,0.0,0.0,0.0,0.0
Cc1cccc2cc3cccc(N4C(=O)C5C6CC(C5C4=O)C4(CCC5(CC7CC5C5C(=O)N(C)C(=O)C75)C4=O)C6)c3cc12,473,256,86.06,46.11,93.94,402.7,6.74,0.3742
None,139,970,0.0,0.0,0.0,0.0,0.0,0.0
None,"417,567","927,136",0.0,0.0,0.0,0.0,0.0,0.0
None,"121,200","660,82",0.0,0.0,0.0,0.0,0.0,0.0
None,"212,273","403,340",0.0,0.0,0.0,0.0,0.0,0.0
None,500,298,0.0,0.0,0.0,0.0,0.0,0.0
None,"204,31","947,306",0.0,0.0,0.0,0.0,0.0,0.0
None,381,619,0.0,0.0,0.0,0.0,0.0,0.0
None,"51,49","810,812",0.0,0.0,0.0,0.0,0.0,0.0
None,258,869,0.0,0.0,0.0,0.0,0.0,0.0
None,"82,342,430","973,184,196",0.0,0.0,0.0,0.0,0.0,0.0
Cc1ccc(N2C(=O)C3C4C(=O)N(C)C(=O)C4(C)C3(C)C2=O)cc1,370,996,71.6,15.31,136.24,439.35,3.85,0.4457
None,227,986,0.0,0.0,0.0,0.0,0.0,0.0
None,"158,111,398,459","937,237,499,903",0.0,0.0,0.0,0.0,0.0,0.0
None,56,572,0.0,0.0,0.0,0.0,0.0,0.0
None,470,620,0.0,0.0,0.0,0.0,0.0,0.0
None,"40,97,71,242","838,335,705,866",0.0,0.0,0.0,0.0,0.0,0.0
None,256,23,0.0,0.0,0.0,0.0,0.0,0.0
Cc1ccc2c(c1)Oc1cc(N3C(=O)C4C5C(=O)N(C)C(=O)C5(C)C4(C)C3=O)ccc1O2,370,366,74.56,51.26,104.03,292.78,4.19,0.3255
None,387,62,0.0,0.0,0.0,0.0,0.0,0.0
None,489,640,0.0,0.0,0.0,0.0,0.0,0.0
None,412,770,0.0,0.0,0.0,0.0,0.0,0.0
Cc1ccc2cccc3c4c(N5C(=O)C6C7CC(C6C5=O)C5C6CC(C8C(=O)N(C)C(=O)C68)C75)ccc5cccc(c1c23)c54,"80,353","610,291",78.05,43.87,105.29,461.05,5.68,0.366
None,51,36,0.0,0.0,0.0,0.0,0.0,0.0
None,198,882,0.0,0.0,0.0,0.0,0.0,0.0
None,415,662,0.0,0.0,0.0,0.0,0.0,0.0
None,203,200,0.0,0.0,0.0,0.0,0.0,0.0
None,"64,546","419,104",0.0,0.0,0.0,0.0,0.0,0.0
None,"71,84","40,330",0.0,0.0,0.0,0.0,0.0,0.0
C=Cc1cc2cccc(C)c2cc1C(=C)N1C(=O)c2ccc([Si](c3ccccc3)(c3ccccc3)c3ccc4c(c3)C(=O)N(C)C4=O)cc2C1=O,"382,214","765,160",8.43,47.88,131.96,257.76,3.48,0.0414
None,65,496,0.0,0.0,0.0,0.0,0.0,0.0
None,37,67,0.0,0.0,0.0,0.0,0.0,0.0
None,457,122,0.0,0.0,0.0,0.0,0.0,0.0
Cc1ccc(-c2cc(C)c(N3C(=O)C4OC5C(=O)N(C)C(=O)C5C4C3=O)c(Cl)c2)cc1,471,825,78.74,13.58,119.12,417.89,3.85,0.4806
None,"237,107","914,376",0.0,0.0,0.0,0.0,0.0,0.0
None,416,962,0.0,0.0,0.0,0.0,0.0,0.0
None,522,318,0.0,0.0,0.0,0.0,0.0,0.0
None,468,313,0.0,0.0,0.0,0.0,0.0,0.0
None,"128,474,79","246,960,248",0.0,0.0,0.0,0.0,0.0,0.0
None,"120,113","944,928",0.0,0.0,0.0,0.0,0.0,0.0
None,507,89,0.0,0.0,0.0,0.0,0.0,0.0
Cc1cc(C)c2c(N3C(=O)c4ccc(OC5=CC=C6C(=O)N(C)C(=O)C6C5)cc4C3=O)cccc2c1,96,181,70.32,53.2,95.57,305.83,3.57,0.3336
None,408,228,0.0,0.0,0.0,0.0,0.0,0.0
None,"522,171","325,49",0.0,0.0,0.0,0.0,0.0,0.0
None,277,144,0.0,0.0,0.0,0.0,0.0,0.0
None,"315,266","537,155",0.0,0.0,0.0,0.0,0.0,0.0
None,"333,466","867,746",0.0,0.0,0.0,0.0,0.0,0.0
Cc1ccc2c(c1)C1C(=O)N(c3cc4cc(C)c(C)cc4cc3C)C(=O)C1CC2C1CC(=O)N(C)C1=O,547,207,80.01,47.12,100.91,391.06,3.97,0.3997
None,523,617,0.0,0.0,0.0,0.0,0.0,0.0
None,188,855,0.0,0.0,0.0,0.0,0.0,0.0
Cc1ccc(N2C(=O)C3CCC4C(=O)N(C)C(=O)C4C3C2=O)c2c(C)cccc12,356,124,80.51,42.8,115.66,434.93,3.7,0.4449
Cc1c(F)cccc1-c1ccc(N2C(=O)c3ccc(OC4=CC=CC5C(=O)N(C)C(=O)C45)cc3C2=O)cc1,7,471,76.54,40.07,106.02,331.05,3.66,0.395
None,"449,187","676,692",0.0,0.0,0.0,0.0,0.0,0.0
None,408,408,0.0,0.0,0.0,0.0,0.0,0.0
Cc1cc(F)cc2c(N3C(=O)C4(F)C5C(=O)N(C)C(=O)C5C4(F)C3=O)c(F)ccc12,373,241,77.91,20.13,116.62,386.75,4.33,0.4273
Cc1ncc(-c2ccc(N3C(=O)c4ccc(C5CCC6(CC5)CC(=O)N(C)C6=O)cc4C3=O)cc2)s1,332,846,24.31,52.97,88.79,339.0,3.35,0.1215
None,285,373,0.0,0.0,0.0,0.0,0.0,0.0
None,65,591,0.0,0.0,0.0,0.0,0.0,0.0
C=Cc1cc(N2C(=O)C3C4CCC(c5cc6c(cc54)C(=O)N(C)C6=O)C3C2=O)cc2c(C=C)cc(C)cc12,216,126,68.01,53.25,121.06,344.23,5.03,0.2761
None,"437,427","256,770",0.0,0.0,0.0,0.0,0.0,0.0
None,"161,111,92","708,602,733",0.0,0.0,0.0,0.0,0.0,0.0
None,419,849,0.0,0.0,0.0,0.0,0.0,0.0
None,309,988,0.0,0.0,0.0,0.0,0.0,0.0
None,476,414,0.0,0.0,0.0,0.0,0.0,0.0
Cc1ccc(C(CF)(c2ncc(-n3c(=O)c4c(C(=O)c5ccc6c(c5)C(=O)OC6=O)c5c(=O)n(C)c(=O)c5c(C5=CC=CC6CC56)c4c3=O)cn2)C(F)(F)F)cc1,"19,401","699,535",41.58,45.41,98.77,365.02,4.99,0.1765
None,"80,555,419","542,760,714",0.0,0.0,0.0,0.0,0.0,0.0
Cc1cc(C)c2c(N3C(=O)C4C5C=CC(c6cc7c(cc65)C(=O)N(C)C7=O)C4C3=O)cccc2c1C,217,164,78.29,28.89,105.98,460.31,4.79,0.4074
None,393,735,0.0,0.0,0.0,0.0,0.0,0.0
None,"105,110","833,847",0.0,0.0,0.0,0.0,0.0,0.0
None,470,869,0.0,0.0,0.0,0.0,0.0,0.0
None,199,667,0.0,0.0,0.0,0.0,0.0,0.0
Cc1cc(C)c2c(N3C(=O)c4ccc(S(=O)(=O)c5ccc6c(c5)C(=O)N(C)C6=O)cc4C3=O)c(C)ccc2c1,562,125,75.47,48.48,102.5,339.5,2.8,0.4183
None,127,746,0.0,0.0,0.0,0.0,0.0,0.0
None,390,581,0.0,0.0,0.0,0.0,0.0,0.0
Cc1ccc2cc3ccccc3c(N3C(=O)C4C5C(=O)N(C)C(=O)C5(C)C4(F)C3=O)c2c1,364,211,74.04,35.96,134.92,403.74,4.1,0.3993
None,92,144,0.0,0.0,0.0,0.0,0.0,0.0
None,61,970,0.0,0.0,0.0,0.0,0.0,0.0
Cc1cc(OC2=CCC(C)C=C2)ccc1-c1ccc(-n2c(=O)c3cc4c(=O)n(C)c(=O)c4c(-c4ccc5c(c4)C(=O)OC5=O)c3c2=O)cc1,"173,130","62,275",12.82,29.63,91.75,337.89,3.89,0.0671
None,504,614,0.0,0.0,0.0,0.0,0.0,0.0
None,438,650,0.0,0.0,0.0,0.0,0.0,0.0
None,530,393,0.0,0.0,0.0,0.0,0.0,0.0
None,339,23,0.0,0.0,0.0,0.0,0.0,0.0
None,488,71,0.0,0.0,0.0,0.0,0.0,0.0
None,110,76,0.0,0.0,0.0,0.0,0.0,0.0
None,170,694,0.0,0.0,0.0,0.0,0.0,0.0
None,"350,60,235","952,668,176",0.0,0.0,0.0,0.0,0.0,0.0
Cc1ccc2c(c1)OCCOCCOCCOc1ccc(N3C(=O)C4(F)C5(C)C(=O)N(C)C(=O)C5(C)C4(F)C3=O)cc1OCCO2,"363,43,442","679,446,385",80.17,63.46,88.34,251.23,4.94,0.2665
None,322,739,0.0,0.0,0.0,0.0,0.0,0.0
None,106,590,0.0,0.0,0.0,0.0,0.0,0.0
None,465,366,0.0,0.0,0.0,0.0,0.0,0.0
None,385,475,0.0,0.0,0.0,0.0,0.0,0.0
None,448,954,0.0,0.0,0.0,0.0,0.0,0.0
None,273,649,0.0,0.0,0.0,0.0,0.0,0.0
C=C(c1cccc(C)c1)c1ccccc1N1C(=O)c2ccc(-c3c4c(=O)oc(=O)c4cc4c(=O)n(C)c(=O)c34)cc2C1=O,173,176,0.22,31.8,191.66,346.18,3.09,0.0014
None,89,133,0.0,0.0,0.0,0.0,0.0,0.0
None,254,942,0.0,0.0,0.0,0.0,0.0,0.0
None,149,387,0.0,0.0,0.0,0.0,0.0,0.0
None,412,677,0.0,0.0,0.0,0.0,0.0,0.0
None,396,180,0.0,0.0,0.0,0.0,0.0,0.0
None,"535,133","747,285",0.0,0.0,0.0,0.0,0.0,0.0
None,330,728,0.0,0.0,0.0,0.0,0.0,0.0
None,491,29,0.0,0.0,0.0,0.0,0.0,0.0
None,340,171,0.0,0.0,0.0,0.0,0.0,0.0
None,84,270,0.0,0.0,0.0,0.0,0.0,0.0
None,518,860,0.0,0.0,0.0,0.0,0.0,0.0
Cc1ccc(F)c(F)c1N1C(=O)C2C3CC(C4C(=O)N(C)C(=O)C34)C2C1=O,"572,437,416","460,681,5",79.06,27.65,106.36,441.92,4.72,0.4119
None,281,639,0.0,0.0,0.0,0.0,0.0,0.0
None,460,768,0.0,0.0,0.0,0.0,0.0,0.0
Cc1cc(F)c(F)c(F)c1N1C(=O)C2C3C(=O)N(C)C(=O)C3C2C1=O,544,2,79.51,15.94,108.23,442.43,3.93,0.4803
None,436,516,0.0,0.0,0.0,0.0,0.0,0.0
None,"329,301","696,923",0.0,0.0,0.0,0.0,0.0,0.0
None,"217,199,57","641,514,585",0.0,0.0,0.0,0.0,0.0,0.0
None,"60,271","179,133",0.0,0.0,0.0,0.0,0.0,0.0
None,"277,2","946,194",0.0,0.0,0.0,0.0,0.0,0.0
None,232,177,0.0,0.0,0.0,0.0,0.0,0.0
None,"25,378","686,50",0.0,0.0,0.0,0.0,0.0,0.0
None,452,142,0.0,0.0,0.0,0.0,0.0,0.0
None,191,752,0.0,0.0,0.0,0.0,0.0,0.0
Cc1cc2ccccc2c2cc(N3C(=O)C4CC=C(C(c5ccc6c(c5)C(=O)N(C)C6=O)(C(F)(F)F)C(F)(F)F)CC4C3=O)ccc12,348,194,81.05,51.39,104.06,343.13,3.99,0.3808
None,468,258,0.0,0.0,0.0,0.0,0.0,0.0
None,"214,441","18,156",0.0,0.0,0.0,0.0,0.0,0.0
None,"81,102","823,433",0.0,0.0,0.0,0.0,0.0,0.0
C=C(c1ccc(C)cc1)c1ccc(N2C(=O)C3CC4CC5C(=O)N(C)C(=O)C5C4CC3C2=O)cc1,"351,43","679,967",74.75,47.44,109.54,380.67,4.08,0.3671
None,"58,187","617,40",0.0,0.0,0.0,0.0,0.0,0.0
None,293,187,0.0,0.0,0.0,0.0,0.0,0.0
None,490,599,0.0,0.0,0.0,0.0,0.0,0.0
None,511,968,0.0,0.0,0.0,0.0,0.0,0.0
None,61,910,0.0,0.0,0.0,0.0,0.0,0.0
None,"306,243","742,225",0.0,0.0,0.0,0.0,0.0,0.0
CC1=C(C2CC(=O)N(C)C2=O)CCC2C(=O)N(C3C=CC(Cc4ccc(C)cc4)=CC3(Cl)Cl)C(=O)C12,484,841,84.47,50.67,88.66,302.26,4.64,0.342
Cc1ccc(S(=O)(=O)c2ccc(N3C(=O)C4CC5C(=O)N(C)C(=O)C5CC4C3=O)cc2)c(Cl)c1,542,830,77.7,47.33,89.76,355.61,3.66,0.3888
None,"81,511","889,552",0.0,0.0,0.0,0.0,0.0,0.0
None,213,565,0.0,0.0,0.0,0.0,0.0,0.0
None,203,907,0.0,0.0,0.0,0.0,0.0,0.0
None,234,447,0.0,0.0,0.0,0.0,0.0,0.0
None,395,436,0.0,0.0,0.0,0.0,0.0,0.0
None,89,793,0.0,0.0,0.0,0.0,0.0,0.0
None,231,307,0.0,0.0,0.0,0.0,0.0,0.0
None,419,741,0.0,0.0,0.0,0.0,0.0,0.0
None,"79,124","263,597",0.0,0.0,0.0,0.0,0.0,0.0
None,419,23,0.0,0.0,0.0,0.0,0.0,0.0
None,"484,223","325,476",0.0,0.0,0.0,0.0,0.0,0.0
Cc1cc(N2C(=O)C3C4(F)C(=O)N(C)C(=O)C4C3(F)C2=O)c2c(C)cccc2c1C,374,155,77.49,45.11,95.42,439.47,4.47,0.3782
None,513,381,0.0,0.0,0.0,0.0,0.0,0.0
None,281,761,0.0,0.0,0.0,0.0,0.0,0.0
None,179,733,0.0,0.0,0.0,0.0,0.0,0.0
None,106,541,0.0,0.0,0.0,0.0,0.0,0.0
None,398,833,0.0,0.0,0.0,0.0,0.0,0.0
None,37,698,0.0,0.0,0.0,0.0,0.0,0.0
None,481,940,0.0,0.0,0.0,0.0,0.0,0.0
None,215,540,0.0,0.0,0.0,0.0,0.0,0.0
None,"142,368,534","586,221,263",0.0,0.0,0.0,0.0,0.0,0.0
None,322,752,0.0,0.0,0.0,0.0,0.0,0.0
None,"115,26","92,83",0.0,0.0,0.0,0.0,0.0,0.0
None,502,476,0.0,0.0,0.0,0.0,0.0,0.0
None,446,976,0.0,0.0,0.0,0.0,0.0,0.0
None,"286,328","445,473",0.0,0.0,0.0,0.0,0.0,0.0
None,249,368,0.0,0.0,0.0,0.0,0.0,0.0
None,477,773,0.0,0.0,0.0,0.0,0.0,0.0
None,402,788,0.0,0.0,0.0,0.0,0.0,0.0
None,412,678,0.0,0.0,0.0,0.0,0.0,0.0
None,239,118,0.0,0.0,0.0,0.0,0.0,0.0
None,229,349,0.0,0.0,0.0,0.0,0.0,0.0
None,258,417,0.0,0.0,0.0,0.0,0.0,0.0
None,549,999,0.0,0.0,0.0,0.0,0.0,0.0
None,"450,235","980,728",0.0,0.0,0.0,0.0,0.0,0.0
None,196,928,0.0,0.0,0.0,0.0,0.0,0.0
Cc1ccc2c(c1)OCCOc1ccc(N3C(=O)C4C5C(=O)N(C)C(=O)C5(C)C4(F)C3=O)cc1OCCOCCO2,"214,364","717,386",80.68,61.7,91.15,264.73,4.66,0.2921
None,507,705,0.0,0.0,0.0,0.0,0.0,0.0
None,67,918,0.0,0.0,0.0,0.0,0.0,0.0
None,"510,156,129","815,592,573",0.0,0.0,0.0,0.0,0.0,0.0
None,94,910,0.0,0.0,0.0,0.0,0.0,0.0
None,456,68,0.0,0.0,0.0,0.0,0.0,0.0
None,451,467,0.0,0.0,0.0,0.0,0.0,0.0
None,421,193,0.0,0.0,0.0,0.0,0.0,0.0
None,"45,204,85","882,987,437",0.0,0.0,0.0,0.0,0.0,0.0
None,322,538,0.0,0.0,0.0,0.0,0.0,0.0
None,137,969,0.0,0.0,0.0,0.0,0.0,0.0
None,436,828,0.0,0.0,0.0,0.0,0.0,0.0
None,285,15,0.0,0.0,0.0,0.0,0.0,0.0
None,"278,465","188,44",0.0,0.0,0.0,0.0,0.0,0.0
None,383,362,0.0,0.0,0.0,0.0,0.0,0.0
None,472,595,0.0,0.0,0.0,0.0,0.0,0.0
None,"32,192","115,927",0.0,0.0,0.0,0.0,0.0,0.0
None,523,421,0.0,0.0,0.0,0.0,0.0,0.0
None,140,322,0.0,0.0,0.0,0.0,0.0,0.0
Cc1cccc2c(N3C(=O)C4(F)C5(C)C(=O)N(C)C(=O)C5(C)C4(F)C3=O)ccc(C#N)c12,363,132,72.12,50.11,122.88,318.82,4.49,0.3162
None,"13,405","740,978",0.0,0.0,0.0,0.0,0.0,0.0
Cc1c(F)cccc1N1C(=O)C2CC3CC4C(=O)N(C)C(=O)C4C3CC2C1=O,"351,312","19,1",81.14,54.3,104.0,426.32,4.1,0.3963
None,148,11,0.0,0.0,0.0,0.0,0.0,0.0
Cc1cccc2c1c(N1C(=O)C3C4CCC(c5cc6c(cc54)C(=O)N(C)C6=O)C3C1=O)cc1ccccc12,216,88,79.36,39.53,120.81,407.33,4.63,0.3889
None,301,647,0.0,0.0,0.0,0.0,0.0,0.0
None,323,850,0.0,0.0,0.0,0.0,0.0,0.0
Cc1cc(N2C(=O)c3ccc(C4=CC5C(=O)N(C)C(=O)C5C=C4)cc3C2=O)c2cc(C)cc(C)c2c1,521,170,79.78,19.07,119.71,381.52,3.72,0.4715
None,504,26,0.0,0.0,0.0,0.0,0.0,0.0
None,346,410,0.0,0.0,0.0,0.0,0.0,0.0
None,155,248,0.0,0.0,0.0,0.0,0.0,0.0
None,264,91,0.0,0.0,0.0,0.0,0.0,0.0
None,163,808,0.0,0.0,0.0,0.0,0.0,0.0
None,462,1001,0.0,0.0,0.0,0.0,0.0,0.0
None,191,91,0.0,0.0,0.0,0.0,0.0,0.0
None,"521,311","725,689",0.0,0.0,0.0,0.0,0.0,0.0
None,545,625,0.0,0.0,0.0,0.0,0.0,0.0
None,"473,548","969,264",0.0,0.0,0.0,0.0,0.0,0.0
Cc1ccc(C2CCC(C#CN3C(=O)C4=CC(C(=O)c5ccc6c(c5)C(=O)N(C)C6=O)=CCC4(C)C3=O)CC2)cc1,295,493,77.52,58.59,125.17,295.83,4.0,0.3425
None,"161,185,419","543,835,627",0.0,0.0,0.0,0.0,0.0,0.0
None,"563,491","403,781",0.0,0.0,0.0,0.0,0.0,0.0
None,252,659,0.0,0.0,0.0,0.0,0.0,0.0
None,529,450,0.0,0.0,0.0,0.0,0.0,0.0
None,319,533,0.0,0.0,0.0,0.0,0.0,0.0
Cc1ccc2c(c1)-c1cc(-n3c(=O)c4c5ccccccc6c7c(=O)n(C)c(=O)c7c7ccccccc(c4c3=O)c7c65)ccc1C21c2ccccc2Oc2ccccc21,"237,393,475,346","8,873,482,0",3.51,41.27,103.7,405.99,4.18,0.0178
None,167,1001,0.0,0.0,0.0,0.0,0.0,0.0
None,448,775,0.0,0.0,0.0,0.0,0.0,0.0
None,"437,34","402,541",0.0,0.0,0.0,0.0,0.0,0.0
None,503,290,0.0,0.0,0.0,0.0,0.0,0.0
None,488,994,0.0,0.0,0.0,0.0,0.0,0.0
Cc1ccc2c3c(ccc(N4C(=O)C5=CC=C(Oc6ccc7c(c6)C(=O)N(C)C7=O)CC5C4=O)c13)C=C2,"96,97","152,188",36.75,39.89,96.38,326.67,3.83,0.1834
None,247,97,0.0,0.0,0.0,0.0,0.0,0.0
None,439,904,0.0,0.0,0.0,0.0,0.0,0.0
None,477,298,0.0,0.0,0.0,0.0,0.0,0.0
None,203,460,0.0,0.0,0.0,0.0,0.0,0.0
None,546,72,0.0,0.0,0.0,0.0,0.0,0.0
None,"12,347,533","170,161,989",0.0,0.0,0.0,0.0,0.0,0.0
None,209,965,0.0,0.0,0.0,0.0,0.0,0.0
None,389,943,0.0,0.0,0.0,0.0,0.0,0.0
None,46,833,0.0,0.0,0.0,0.0,0.0,0.0
Cc1ccc(S(=O)(=O)c2ccc(N3C(=O)c4cc5c(cc4C3=O)=CC3C(=O)N(C)C(=O)C3C=5)cc2)cc1Cl,551,832,77.84,37.17,93.84,351.5,3.78,0.4032
None,"565,206","586,663",0.0,0.0,0.0,0.0,0.0,0.0
Cc1ccc(-c2ccc3c(N4C(=O)c5ccc(C(C6=CCC7C(=O)N(C)C(=O)C7C6)(C(F)(F)F)C(F)(F)F)cc5C4=O)cccc3c2)cc1,348,218,77.97,51.86,103.74,342.04,3.96,0.3665
None,433,452,0.0,0.0,0.0,0.0,0.0,0.0
None,215,408,0.0,0.0,0.0,0.0,0.0,0.0
None,"164,381","981,466",0.0,0.0,0.0,0.0,0.0,0.0
Cc1ccc(-c2ccc(N3C(=O)c4ccc(C5C=CC(OC6=CC7C(=O)N(C)C(=O)C7C=C6)=CC5)cc4C3=O)c(Cl)c2O)cc1,116,840,70.48,27.86,87.64,367.33,4.4,0.3549
Cc1ccc2ccc(N3C(=O)C4C5C(=O)N(C)C(=O)C5(C)C4(C)C3=O)cc2c1,"12,370","635,709",71.43,14.29,136.11,420.56,3.92,0.4377
None,185,37,0.0,0.0,0.0,0.0,0.0,0.0
None,346,496,0.0,0.0,0.0,0.0,0.0,0.0
None,425,881,0.0,0.0,0.0,0.0,0.0,0.0
None,548,724,0.0,0.0,0.0,0.0,0.0,0.0
None,551,796,0.0,0.0,0.0,0.0,0.0,0.0
None,229,621,0.0,0.0,0.0,0.0,0.0,0.0
None,"134,257","118,981",0.0,0.0,0.0,0.0,0.0,0.0
None,174,476,0.0,0.0,0.0,0.0,0.0,0.0
Cc1cc2ccccc2c2cc(N3C(=O)C4=CC=CC(c5ccc6c(c5)C(=O)N(C)C6=O)C4C3=O)ccc12,522,194,72.56,47.61,134.13,361.76,3.67,0.3785
None,203,423,0.0,0.0,0.0,0.0,0.0,0.0
None,450,326,0.0,0.0,0.0,0.0,0.0,0.0
None,"329,528,264","523,609,10",0.0,0.0,0.0,0.0,0.0,0.0
None,155,169,0.0,0.0,0.0,0.0,0.0,0.0
None,184,97,0.0,0.0,0.0,0.0,0.0,0.0
Cc1ccc2c(c1)sc1cc(-n3c(=O)c4cc5ccc6c7cc8c(=O)n(C)c(=O)c8cc7ccc6c5cc4c3=O)ccc12,"262,281","733,529",0.1,28.0,111.51,414.99,2.94,0.0006
None,512,177,0.0,0.0,0.0,0.0,0.0,0.0
None,518,522,0.0,0.0,0.0,0.0,0.0,0.0
None,195,272,0.0,0.0,0.0,0.0,0.0,0.0
None,189,950,0.0,0.0,0.0,0.0,0.0,0.0
None,507,697,0.0,0.0,0.0,0.0,0.0,0.0
None,"449,394","652,737",0.0,0.0,0.0,0.0,0.0,0.0
None,328,682,0.0,0.0,0.0,0.0,0.0,0.0
None,"573,239","933,521",0.0,0.0,0.0,0.0,0.0,0.0
None,369,626,0.0,0.0,0.0,0.0,0.0,0.0
None,"349,102,447","491,623,986",0.0,0.0,0.0,0.0,0.0,0.0
None,48,665,0.0,0.0,0.0,0.0,0.0,0.0
None,"485,256,502","815,675,251",0.0,0.0,0.0,0.0,0.0,0.0
C=Cc1cccc(-c2ccc(C)c(Cl)c2Cl)c1-c1ccc(N2C(=O)C3=CCC(c4ccc5c(c4)C(=O)N(C)C5=O)C=C3C2=O)cc1,"23,295","20,797",14.14,46.31,101.78,391.11,3.85,0.0721
None,281,623,0.0,0.0,0.0,0.0,0.0,0.0
None,234,268,0.0,0.0,0.0,0.0,0.0,0.0
None,"52,99","721,38",0.0,0.0,0.0,0.0,0.0,0.0
None,444,645,0.0,0.0,0.0,0.0,0.0,0.0
None,443,994,0.0,0.0,0.0,0.0,0.0,0.0
None,524,595,0.0,0.0,0.0,0.0,0.0,0.0
None,"470,276","764,873",0.0,0.0,0.0,0.0,0.0,0.0
None,561,759,0.0,0.0,0.0,0.0,0.0,0.0
None,"216,107,84","783,885,773",0.0,0.0,0.0,0.0,0.0,0.0
None,460,213,0.0,0.0,0.0,0.0,0.0,0.0
None,540,592,0.0,0.0,0.0,0.0,0.0,0.0
None,"289,196","195,406",0.0,0.0,0.0,0.0,0.0,0.0
None,486,987,0.0,0.0,0.0,0.0,0.0,0.0
None,402,137,0.0,0.0,0.0,0.0,0.0,0.0
None,"337,10","862,118",0.0,0.0,0.0,0.0,0.0,0.0
None,465,471,0.0,0.0,0.0,0.0,0.0,0.0
CC1CCC(c2ccc(N3C(=O)C4C5C=CC(c6cc7c(cc65)C(=O)N(C)C7=O)C4C3=O)cc2)CC1C,217,640,76.12,39.96,86.18,398.18,5.07,0.3387
None,"87,182,176","741,198,803",0.0,0.0,0.0,0.0,0.0,0.0
None,546,289,0.0,0.0,0.0,0.0,0.0,0.0
None,"134,31","949,648",0.0,0.0,0.0,0.0,0.0,0.0
None,"345,383","465,285",0.0,0.0,0.0,0.0,0.0,0.0
None,170,66,0.0,0.0,0.0,0.0,0.0,0.0
None,228,713,0.0,0.0,0.0,0.0,0.0,0.0
None,"9,117","627,522",0.0,0.0,0.0,0.0,0.0,0.0
CCCC(C)(CCC)c1ccc(N2C(=O)C3(C)C(C)(C2=O)C2(F)C(=O)N(C)C(=O)C32F)cc1,363,16,79.58,45.42,128.49,261.57,4.53,0.3399
None,453,315,0.0,0.0,0.0,0.0,0.0,0.0
None,447,715,0.0,0.0,0.0,0.0,0.0,0.0
None,461,389,0.0,0.0,0.0,0.0,0.0,0.0
None,50,352,0.0,0.0,0.0,0.0,0.0,0.0
Cc1cc2nc3cc(N4C(=O)c5ccc(C6=CC=C7C(=O)N(C)C(=O)C7C6)cc5C4=O)c(C)cc3c(C)c2cc1C,508,903,69.65,19.03,96.94,412.56,3.68,0.415
None,"314,67,330","823,417,367",0.0,0.0,0.0,0.0,0.0,0.0
None,186,365,0.0,0.0,0.0,0.0,0.0,0.0
None,258,463,0.0,0.0,0.0,0.0,0.0,0.0
Cc1cc2c(C)cccc2c(C)c1N1C(=O)C2CC3C(CC2C1=O)C1C(=O)N(C)C(=O)C31,426,163,78.95,46.86,104.83,444.52,4.19,0.4016
None,271,419,0.0,0.0,0.0,0.0,0.0,0.0
None,206,929,0.0,0.0,0.0,0.0,0.0,0.0
None,498,293,0.0,0.0,0.0,0.0,0.0,0.0
None,450,349,0.0,0.0,0.0,0.0,0.0,0.0
None,522,859,0.0,0.0,0.0,0.0,0.0,0.0
None,"485,498","482,944",0.0,0.0,0.0,0.0,0.0,0.0
CCCN1C(=O)c2ccc(S(=O)(=O)c3ccc4c(c3)C(=O)N(C)C4=O)cc2C1=O,562,983,67.28,54.91,105.32,277.26,2.38,0.365
None,381,389,0.0,0.0,0.0,0.0,0.0,0.0
None,423,679,0.0,0.0,0.0,0.0,0.0,0.0
None,137,189,0.0,0.0,0.0,0.0,0.0,0.0
Cc1ccc2cc(N3C(=O)CC(C)(c4ccc5c(c4)C(=O)N(C)C5=O)C3=O)cc(F)c2c1,528,453,69.46,19.98,146.59,315.12,3.21,0.4226
None,10,182,0.0,0.0,0.0,0.0,0.0,0.0
None,178,515,0.0,0.0,0.0,0.0,0.0,0.0
None,124,294,0.0,0.0,0.0,0.0,0.0,0.0
None,92,880,0.0,0.0,0.0,0.0,0.0,0.0
None,421,436,0.0,0.0,0.0,0.0,0.0,0.0
None,379,905,0.0,0.0,0.0,0.0,0.0,0.0
None,34,667,0.0,0.0,0.0,0.0,0.0,0.0
None,"277,385","467,768",0.0,0.0,0.0,0.0,0.0,0.0
None,323,606,0.0,0.0,0.0,0.0,0.0,0.0
None,"135,51","438,709",0.0,0.0,0.0,0.0,0.0,0.0
None,413,630,0.0,0.0,0.0,0.0,0.0,0.0
None,446,513,0.0,0.0,0.0,0.0,0.0,0.0
None,140,362,0.0,0.0,0.0,0.0,0.0,0.0
None,480,272,0.0,0.0,0.0,0.0,0.0,0.0
None,241,937,0.0,0.0,0.0,0.0,0.0,0.0
None,253,212,0.0,0.0,0.0,0.0,0.0,0.0
Cc1cccc2c(-n3c(=O)c4c5ccccccc6c7c(=O)n(C)c(=O)c7c7ccccccc(c4c3=O)c7c65)c3ccccc3cc12,237,195,0.57,40.22,241.24,406.55,3.27,0.0036
Cc1cccc2c1CCCC2N1C(=O)c2ccc(C3C=CC=C4C(=O)N(C)C(=O)C43)cc2C1=O,522,249,80.34,59.9,89.58,358.5,4.0,0.3594
None,44,391,0.0,0.0,0.0,0.0,0.0,0.0
None,209,405,0.0,0.0,0.0,0.0,0.0,0.0
Cc1ccc2cc(N3C(=O)c4ccc([Si](C)(C)O[Si](C)(C)c5ccc6c(c5)C(=O)N(C)C6=O)cc4C3=O)ccc2c1C,499,158,78.87,32.19,134.61,318.0,3.2,0.4529
None,235,224,0.0,0.0,0.0,0.0,0.0,0.0
None,"406,56","234,76",0.0,0.0,0.0,0.0,0.0,0.0
None,"14,62","445,866",0.0,0.0,0.0,0.0,0.0,0.0
Cc1cccc2cccc(N=Nc3cccc4cccc(N5C(=O)c6ccc(S(=O)c7ccc8c(c7)C(=O)N(C)C8=O)cc6C5=O)c34)c12,403,89,39.73,54.92,98.77,358.64,3.75,0.191
None,"311,346","424,795",0.0,0.0,0.0,0.0,0.0,0.0
Cc1ccc(-c2ccc(N3C(=O)C4=CC(C(=O)c5ccc6c(c5)C(=O)N(C)C6=O)=CCC4C3=O)cc2)c(F)c1F,172,492,14.3,16.13,97.94,359.95,3.53,0.0847
None,527,355,0.0,0.0,0.0,0.0,0.0,0.0
None,281,712,0.0,0.0,0.0,0.0,0.0,0.0
None,"347,310","202,658",0.0,0.0,0.0,0.0,0.0,0.0
None,415,377,0.0,0.0,0.0,0.0,0.0,0.0
None,367,524,0.0,0.0,0.0,0.0,0.0,0.0
None,155,236,0.0,0.0,0.0,0.0,0.0,0.0
None,"278,224","742,510",0.0,0.0,0.0,0.0,0.0,0.0
None,198,606,0.0,0.0,0.0,0.0,0.0,0.0
None,140,603,0.0,0.0,0.0,0.0,0.0,0.0
None,"535,206","700,605",0.0,0.0,0.0,0.0,0.0,0.0
None,463,568,0.0,0.0,0.0,0.0,0.0,0.0
Cc1ccc2c(c1)-c1ccccc1C21c2ccccc2-c2cc(N3C(=O)c4ccc(-c5ccc6cc7c(cc6c5)C(=O)N(C)C7=O)cc4C3=O)ccc21,205,1003,4.37,32.05,120.5,382.54,3.91,0.0239
None,"326,333","69,604",0.0,0.0,0.0,0.0,0.0,0.0
None,70,822,0.0,0.0,0.0,0.0,0.0,0.0
None,239,306,0.0,0.0,0.0,0.0,0.0,0.0
None,27,737,0.0,0.0,0.0,0.0,0.0,0.0
None,"376,429","730,918",0.0,0.0,0.0,0.0,0.0,0.0
None,"131,435","902,535",0.0,0.0,0.0,0.0,0.0,0.0
None,444,582,0.0,0.0,0.0,0.0,0.0,0.0
None,"373,311","827,350",0.0,0.0,0.0,0.0,0.0,0.0
None,203,821,0.0,0.0,0.0,0.0,0.0,0.0
None,418,937,0.0,0.0,0.0,0.0,0.0,0.0
None,77,70,0.0,0.0,0.0,0.0,0.0,0.0
None,527,95,0.0,0.0,0.0,0.0,0.0,0.0
None,"276,441","523,401",0.0,0.0,0.0,0.0,0.0,0.0
Cc1ccc2ccccc2c1C1=C(N2C(=O)C3C=CC(CCCCc4ccc5c(c4)C(=O)N(C)C5=O)=CC3C2=O)CC=C2C=CC=CC21,"151,320","730,204",75.15,38.77,80.86,361.3,4.6,0.3437
None,395,236,0.0,0.0,0.0,0.0,0.0,0.0
None,400,788,0.0,0.0,0.0,0.0,0.0,0.0
None,"238,90","187,169",0.0,0.0,0.0,0.0,0.0,0.0
None,10,73,0.0,0.0,0.0,0.0,0.0,0.0
Cc1cccc2c1C(N1C(=O)C3C4(F)C(=O)N(C)C(=O)C4C3(F)C1=O)=CC(C)C2,"563,374","168,747",79.4,55.46,98.38,403.63,4.89,0.3344
None,412,396,0.0,0.0,0.0,0.0,0.0,0.0
None,"17,99","259,270",0.0,0.0,0.0,0.0,0.0,0.0
None,"358,574","807,361",0.0,0.0,0.0,0.0,0.0,0.0
None,163,563,0.0,0.0,0.0,0.0,0.0,0.0
C=CC(C)c1ccc(N2C(=O)C3CCC(C4CCCC5C(=O)N(C)C(=O)C54)CC3C2=O)cc1,352,55,82.97,59.47,85.33,288.11,4.29,0.3311
None,10,272,0.0,0.0,0.0,0.0,0.0,0.0
None,"127,28","882,837",0.0,0.0,0.0,0.0,0.0,0.0
None,271,127,0.0,0.0,0.0,0.0,0.0,0.0
None,513,283,0.0,0.0,0.0,0.0,0.0,0.0
None,10,286,0.0,0.0,0.0,0.0,0.0,0.0
Cc1cc2ccccc2c2cc(N3C(=O)c4cc(-c5ccc6c(c5)C(=O)N(C)C6=O)cc(F)c4C3=O)ccc12,345,194,1.29,27.95,173.7,335.92,2.68,0.0083
None,"277,328","132,100",0.0,0.0,0.0,0.0,0.0,0.0
None,395,47,0.0,0.0,0.0,0.0,0.0,0.0
Cc1ccc(S(=O)(=O)c2ccc(N3C(=O)C4CCC5CC6C(=O)N(C)C(=O)C6CC5C4C3=O)cc2)c(C)c1,86,831,80.57,53.37,85.8,330.66,4.13,0.3563
None,"110,312","304,83",0.0,0.0,0.0,0.0,0.0,0.0
None,"282,470","914,430",0.0,0.0,0.0,0.0,0.0,0.0
None,"117,278,282,206","157,542,691,639",0.0,0.0,0.0,0.0,0.0,0.0
Cc1ccc2nc3ccc(N4C(=O)C5C6(C)C(=O)N(C)C(=O)C6C5(C)C4=O)cc3c(C)c2c1,"555,36","856,662",72.94,21.93,95.7,449.23,4.12,0.4182
None,335,417,0.0,0.0,0.0,0.0,0.0,0.0
Cc1cc(N=Nc2cccc3ccccc23)cc(N2C(=O)c3c(F)c(F)c(-c4ccc5c(c4)C(=O)N(C)C5=O)c(F)c3C2=O)c1,100,87,5.92,31.98,138.94,345.61,3.2,0.0348
None,386,663,0.0,0.0,0.0,0.0,0.0,0.0
Cc1ccc(C(CCCF)(C(F)(F)F)C2(N3C(=O)C4C5CC(c6c(C)cc(-c7ccc8c(c7)C(=O)N(C)C8=O)cc6C)C(C5)C4C3=O)CCCCC2)cc1,"13,64","697,921",76.31,49.88,87.64,288.54,5.75,0.2876
None,"510,550,120","971,82,942",0.0,0.0,0.0,0.0,0.0,0.0
None,"207,507","513,789",0.0,0.0,0.0,0.0,0.0,0.0
Cc1ccc2cc(N3C(=O)c4ccc(-c5c6c(=O)oc(=O)c6c(C)c6c(=O)n(C)c(=O)c56)cc4C3=O)ccc2c1,502,974,0.62,5.99,177.94,386.34,2.99,0.0043
None,469,32,0.0,0.0,0.0,0.0,0.0,0.0
None,3,589,0.0,0.0,0.0,0.0,0.0,0.0
None,299,663,0.0,0.0,0.0,0.0,0.0,0.0
None,66,822,0.0,0.0,0.0,0.0,0.0,0.0
None,"192,354","655,825",0.0,0.0,0.0,0.0,0.0,0.0
None,272,832,0.0,0.0,0.0,0.0,0.0,0.0
None,281,917,0.0,0.0,0.0,0.0,0.0,0.0
Cc1ccc(C(c2ccc(F)c(N3C(=O)C4C5(C)C(=O)N(C)C(=O)C5C4(C)C3=O)c2)C(Cl)(Cl)Cl)cc1,"105,555","970,367",77.14,55.02,92.24,339.81,4.49,0.3245
Cc1ccc(-c2ccc(CC(F)(F)N3C(=O)c4ccc(-c5c6c(=O)oc(=O)c6c(C)c6c(=O)n(C)c(=O)c56)cc4C3=O)cc2-c2cc(C)ccc2C)cc1,"502,361,432","543,963,583",9.61,33.2,105.61,410.68,3.55,0.055
None,"28,90","2,979",0.0,0.0,0.0,0.0,0.0,0.0
None,179,254,0.0,0.0,0.0,0.0,0.0,0.0
Cc1cccc2cc(N3C(=O)c4cc5ccccc5c(C(F)(F)C(F)(F)C(F)(F)C(F)(F)C(F)(F)C(F)(F)c5ccc6c(c5)C(=O)N(C)C6=O)c4C3=O)cc(C)c12,"276,161","584,99",70.22,57.5,121.05,345.06,3.68,0.3396
None,259,654,0.0,0.0,0.0,0.0,0.0,0.0
None,254,304,0.0,0.0,0.0,0.0,0.0,0.0
None,260,206,0.0,0.0,0.0,0.0,0.0,0.0
None,259,389,0.0,0.0,0.0,0.0,0.0,0.0
None,242,303,0.0,0.0,0.0,0.0,0.0,0.0
None,"286,72,139","296,303,341",0.0,0.0,0.0,0.0,0.0,0.0
None,353,999,0.0,0.0,0.0,0.0,0.0,0.0
None,"306,298","251,372",0.0,0.0,0.0,0.0,0.0,0.0
None,225,459,0.0,0.0,0.0,0.0,0.0,0.0
CC1C=CC(Cc2ccc(N3C(=O)C4(F)C5C(=O)N(C)C(=O)C5C4(F)C3=O)cc2)=CC1(C)C,373,839,81.17,62.83,91.38,298.11,4.78,0.2961
None,176,339,0.0,0.0,0.0,0.0,0.0,0.0
CC1=CC(c2ccc(N3C(=O)c4ccc(-c5ccc6c(c5)C(=O)N(C)C6=O)cc4C3=O)cc2)CC=C1,1,333,11.46,38.81,101.25,347.83,3.2,0.0635
None,453,890,0.0,0.0,0.0,0.0,0.0,0.0
None,"124,208","670,513",0.0,0.0,0.0,0.0,0.0,0.0
None,468,799,0.0,0.0,0.0,0.0,0.0,0.0
None,319,250,0.0,0.0,0.0,0.0,0.0,0.0
None,"83,64","116,154",0.0,0.0,0.0,0.0,0.0,0.0
None,"406,60","687,363",0.0,0.0,0.0,0.0,0.0,0.0
None,266,569,0.0,0.0,0.0,0.0,0.0,0.0
None,198,556,0.0,0.0,0.0,0.0,0.0,0.0
None,397,367,0.0,0.0,0.0,0.0,0.0,0.0
None,138,704,0.0,0.0,0.0,0.0,0.0,0.0
Cc1ccc2cc3c(cc2c1)C(c1ccccc1)(c1ccccc1)c1cc2cc(N4C(=O)C5C=CC(CCCCc6ccc7c(c6)C(=O)N(C)C7=O)=CC5C4=O)ccc2cc1O3,151,435,51.44,39.73,93.24,312.26,4.4,0.2337
None,335,762,0.0,0.0,0.0,0.0,0.0,0.0
None,309,85,0.0,0.0,0.0,0.0,0.0,0.0
None,268,485,0.0,0.0,0.0,0.0,0.0,0.0
None,555,576,0.0,0.0,0.0,0.0,0.0,0.0
None,"573,461","534,881",0.0,0.0,0.0,0.0,0.0,0.0
None,128,324,0.0,0.0,0.0,0.0,0.0,0.0
None,61,357,0.0,0.0,0.0,0.0,0.0,0.0
None,545,986,0.0,0.0,0.0,0.0,0.0,0.0
Cc1ccc(C)c(N2C(=O)c3ccc(C#CCCCCC#Cc4ccc5c(c4)C(=O)N(C)C5=O)cc3C2=O)c1,"12,218","978,401",4.39,61.19,125.07,240.65,2.89,0.0214
None,"352,338","850,43",0.0,0.0,0.0,0.0,0.0,0.0
None,"152,84","543,143",0.0,0.0,0.0,0.0,0.0,0.0
None,"125,70","797,466",0.0,0.0,0.0,0.0,0.0,0.0
None,292,952,0.0,0.0,0.0,0.0,0.0,0.0
None,"101,51","913,616",0.0,0.0,0.0,0.0,0.0,0.0
None,432,92,0.0,0.0,0.0,0.0,0.0,0.0
None,99,888,0.0,0.0,0.0,0.0,0.0,0.0
None,259,725,0.0,0.0,0.0,0.0,0.0,0.0
None,480,698,0.0,0.0,0.0,0.0,0.0,0.0
Cc1c(F)c(F)c(S(=O)(=O)c2c(F)c(F)c(N3C(=O)c4ccc(C(C5=CC=C6C(=O)N(C)C(=O)C6(C)C5)(C(F)(F)F)C(F)(F)F)cc4C3=O)c(F)c2F)c(F)c1F,316,793,85.57,53.05,83.87,291.58,4.68,0.3336
None,386,692,0.0,0.0,0.0,0.0,0.0,0.0
None,"94,528,323","825,728,963",0.0,0.0,0.0,0.0,0.0,0.0
None,438,98,0.0,0.0,0.0,0.0,0.0,0.0
None,300,262,0.0,0.0,0.0,0.0,0.0,0.0
None,"13,491","926,49",0.0,0.0,0.0,0.0,0.0,0.0
Cc1ccc2cc3c(cc2c1)C(C)(C)c1cc2cc(N4C(=O)c5ccc(C6CC(=O)N(C)C6=O)cc5C4=O)ccc2cc1O3,"69,389","772,428",62.31,37.06,91.63,328.86,3.55,0.3262
None,144,304,0.0,0.0,0.0,0.0,0.0,0.0
None,174,633,0.0,0.0,0.0,0.0,0.0,0.0
Cc1ccc(C2(c3c(C)c(F)c(N4C(=O)c5ccc([Si](C)(C)c6ccc7c(c6)C(=O)N(C)C7=O)cc5C4=O)c(F)c3F)CCCCCCC2)cc1,"571,238","685,484",53.66,39.56,92.65,392.0,3.54,0.2918
None,148,754,0.0,0.0,0.0,0.0,0.0,0.0
None,"16,89","808,669",0.0,0.0,0.0,0.0,0.0,0.0
None,377,58,0.0,0.0,0.0,0.0,0.0,0.0
None,274,434,0.0,0.0,0.0,0.0,0.0,0.0
None,40,370,0.0,0.0,0.0,0.0,0.0,0.0
None,"102,42,127","280,607,515",0.0,0.0,0.0,0.0,0.0,0.0
None,275,768,0.0,0.0,0.0,0.0,0.0,0.0
None,"136,84,388","970,396,162",0.0,0.0,0.0,0.0,0.0,0.0
C=Cc1cc(-c2ccc(C)cc2)ccc1N1C(=O)c2ccc(OC3=CCC4(C)C(=O)N(C)C(=O)C4=C3)cc2C1=O,5,776,37.55,55.52,124.5,285.73,3.68,0.1752
None,316,30,0.0,0.0,0.0,0.0,0.0,0.0
None,64,436,0.0,0.0,0.0,0.0,0.0,0.0
None,"289,572,507","564,422,767",0.0,0.0,0.0,0.0,0.0,0.0
Cc1c(F)c(F)c(S(=O)(=O)c2c(F)c(F)c(N3C(=O)C4=CC(c5ccc6c(c5)C(=O)N(C)C6=O)=CCC4C3=O)c(F)c2F)c(F)c1F,538,793,82.6,36.38,85.55,310.2,4.2,0.3896
None,"51,430","798,166",0.0,0.0,0.0,0.0,0.0,0.0
Cc1cc(C)c2cccc(N3C(=O)C4C5CC6C(=O)N(C)C(=O)C6CC5C4C3=O)c2c1,426,110,78.59,49.45,109.74,422.49,4.01,0.3989
None,"315,141","32,160",0.0,0.0,0.0,0.0,0.0,0.0
None,"526,489","275,596",0.0,0.0,0.0,0.0,0.0,0.0
None,292,973,0.0,0.0,0.0,0.0,0.0,0.0
None,"51,82","607,87",0.0,0.0,0.0,0.0,0.0,0.0
None,"103,497","396,832",0.0,0.0,0.0,0.0,0.0,0.0
None,168,949,0.0,0.0,0.0,0.0,0.0,0.0
Cc1ccc(C2(C)C(=O)Nc3cc(N4C(=O)c5ccc(CCCCC6=CC7C(=O)N(C)C(=O)C7C=C6)cc5C4=O)ccc32)cc1,151,802,77.02,33.93,94.8,353.54,4.24,0.3826
Cc1ccc2c(c1)N(C)c1cc(N3C(=O)C4=CC=CC(CC(Cc5ccc6c(c5)C(=O)N(C)C6=O)(C(F)(F)F)C(F)(F)F)C4C3=O)ccc1C2,"347,522","893,570",81.41,59.31,90.57,271.47,4.46,0.3125
None,253,988,0.0,0.0,0.0,0.0,0.0,0.0
None,"550,466","406,603",0.0,0.0,0.0,0.0,0.0,0.0
None,"409,478,509","704,489,90",0.0,0.0,0.0,0.0,0.0,0.0
None,"40,210","428,949",0.0,0.0,0.0,0.0,0.0,0.0
None,404,804,0.0,0.0,0.0,0.0,0.0,0.0
None,"290,256","121,972",0.0,0.0,0.0,0.0,0.0,0.0
None,"41,40","235,149",0.0,0.0,0.0,0.0,0.0,0.0
None,273,687,0.0,0.0,0.0,0.0,0.0,0.0
None,64,359,0.0,0.0,0.0,0.0,0.0,0.0
None,183,720,0.0,0.0,0.0,0.0,0.0,0.0
None,561,704,0.0,0.0,0.0,0.0,0.0,0.0
None,17,476,0.0,0.0,0.0,0.0,0.0,0.0
CC1=CCC=C(Oc2ccc(N3C(=O)C4CCCC(C5CCC6C(=O)N(C)C(=O)C6C5)C4C3=O)cc2)C=C1,"325,64,352","343,284,828",82.62,57.59,85.05,274.45,4.48,0.3185
None,215,720,0.0,0.0,0.0,0.0,0.0,0.0
None,408,983,0.0,0.0,0.0,0.0,0.0,0.0
None,350,888,0.0,0.0,0.0,0.0,0.0,0.0
None,539,270,0.0,0.0,0.0,0.0,0.0,0.0
None,112,412,0.0,0.0,0.0,0.0,0.0,0.0
None,267,796,0.0,0.0,0.0,0.0,0.0,0.0
None,"302,56","874,204",0.0,0.0,0.0,0.0,0.0,0.0
Cc1ccc(-c2ccc(N=Nc3ccc(-c4c(C)cc(-n5c(=O)c6c(C7=CC=CC8CC78)c7c(=O)oc(=O)c7c(-c7ccc8c(c7)C(=O)N(C)C8=O)c6c5=O)cc4C)cc3)cc2)cc1,"401,14","422,565",33.11,28.96,120.58,388.58,4.61,0.1689
None,"119,85","64,134",0.0,0.0,0.0,0.0,0.0,0.0
None,392,75,0.0,0.0,0.0,0.0,0.0,0.0
None,"341,99","943,401",0.0,0.0,0.0,0.0,0.0,0.0
None,552,642,0.0,0.0,0.0,0.0,0.0,0.0
None,"238,367","865,373",0.0,0.0,0.0,0.0,0.0,0.0
None,396,369,0.0,0.0,0.0,0.0,0.0,0.0
None,"483,248","19,819",0.0,0.0,0.0,0.0,0.0,0.0
None,425,388,0.0,0.0,0.0,0.0,0.0,0.0
None,400,501,0.0,0.0,0.0,0.0,0.0,0.0
Cc1c(F)c(F)c(S(=O)(=O)c2c(F)c(F)c(N3C(=O)c4ccc(C5CC(=O)N(C)C5=O)cc4C3=O)c(F)c2F)c(F)c1F,"69,558","62,793",82.77,41.01,86.25,317.19,3.85,0.4027
None,159,134,0.0,0.0,0.0,0.0,0.0,0.0
Cc1ccc(NC(=S)N2C(=O)c3ccc(C4CC(=O)N(C)C4=O)cc3C2=O)cc1,69,852,8.03,25.85,97.76,382.92,3.04,0.049
None,"226,153","508,129",0.0,0.0,0.0,0.0,0.0,0.0
None,76,232,0.0,0.0,0.0,0.0,0.0,0.0
None,183,103,0.0,0.0,0.0,0.0,0.0,0.0
None,3,197,0.0,0.0,0.0,0.0,0.0,0.0
Cc1ccc2cc(N3C(=O)C4C5C=CC(C4C3=O)C3C4C(=O)N(C)C(=O)C4C53)c3ccccc3c2c1,458,216,76.63,25.73,108.63,449.95,5.11,0.3919
None,469,495,0.0,0.0,0.0,0.0,0.0,0.0
None,"51,82","464,677",0.0,0.0,0.0,0.0,0.0,0.0
None,527,433,0.0,0.0,0.0,0.0,0.0,0.0
None,139,358,0.0,0.0,0.0,0.0,0.0,0.0
None,240,680,0.0,0.0,0.0,0.0,0.0,0.0
None,459,425,0.0,0.0,0.0,0.0,0.0,0.0
CC1=CCC(C)(c2ccc(N3C(=O)C4C5C(C)=CC(C)(C6C(=O)N(C)C(=O)C56)C4C3=O)cc2)C=C1,376,351,82.68,22.87,99.76,327.85,5.48,0.385
None,436,282,0.0,0.0,0.0,0.0,0.0,0.0
None,568,941,0.0,0.0,0.0,0.0,0.0,0.0
None,144,624,0.0,0.0,0.0,0.0,0.0,0.0
None,498,361,0.0,0.0,0.0,0.0,0.0,0.0
None,"510,505","222,729",0.0,0.0,0.0,0.0,0.0,0.0
None,359,588,0.0,0.0,0.0,0.0,0.0,0.0
None,309,144,0.0,0.0,0.0,0.0,0.0,0.0
None,127,910,0.0,0.0,0.0,0.0,0.0,0.0
None,488,300,0.0,0.0,0.0,0.0,0.0,0.0
None,77,782,0.0,0.0,0.0,0.0,0.0,0.0
None,523,906,0.0,0.0,0.0,0.0,0.0,0.0
None,454,737,0.0,0.0,0.0,0.0,0.0,0.0
None,"111,294,226,406","905,987,859,69",0.0,0.0,0.0,0.0,0.0,0.0
None,391,284,0.0,0.0,0.0,0.0,0.0,0.0
None,197,866,0.0,0.0,0.0,0.0,0.0,0.0
Cc1ccc2c(N3C(=O)C4C5C(=O)N(C)C(=O)C5C4C3=O)ccc(C)c2c1,"544,379","950,175",76.49,12.17,125.72,446.91,3.62,0.4925
Cc1cc2ccc(N3C(=O)c4ccc(C(C5=CCC6C(=O)N(C)C(=O)C6C5)(C(F)(F)F)C(F)(F)F)cc4C3=O)cc2c(C)c1C,348,91,85.37,52.32,101.17,325.84,4.07,0.3875
C=Cc1cc2c(cc1-c1c3ccc4c5c(=O)n(C)c(=O)c5c(-c5ccc6c(c5)C(=O)OC6=O)c5ccc(c6c(=O)n(-c7ccc(-c8cc(C)ccc8C)cc7)c(=O)c16)c3c54)C(=O)OC2=O,"256,489","724,189",0.28,16.44,101.42,330.67,3.95,0.0016
None,225,349,0.0,0.0,0.0,0.0,0.0,0.0
Cc1cc2cc3cc(C)c(-n4c(=O)c5c6c(=O)oc(=O)c6c6c7c(=O)oc(=O)c7c7c(=O)n(C)c(=O)c7c6c5c4=O)cc3nc2cc1C,384,904,0.99,1.11,165.16,468.62,3.49,0.007
None,"528,178,347","715,420,833",0.0,0.0,0.0,0.0,0.0,0.0
None,256,431,0.0,0.0,0.0,0.0,0.0,0.0
None,242,279,0.0,0.0,0.0,0.0,0.0,0.0
None,252,854,0.0,0.0,0.0,0.0,0.0,0.0
None,165,880,0.0,0.0,0.0,0.0,0.0,0.0
None,29,225,0.0,0.0,0.0,0.0,0.0,0.0
None,178,176,0.0,0.0,0.0,0.0,0.0,0.0
None,250,667,0.0,0.0,0.0,0.0,0.0,0.0
None,96,379,0.0,0.0,0.0,0.0,0.0,0.0
None,6,741,0.0,0.0,0.0,0.0,0.0,0.0
None,109,888,0.0,0.0,0.0,0.0,0.0,0.0
Cc1ccc2cc3cccc(N4C(=O)C5=CC(c6ccc7c(c6)C(=O)N(C)C7=O)=CCC5C4=O)c3cc2c1,538,217,11.72,33.98,102.77,336.61,3.47,0.0638
None,280,462,0.0,0.0,0.0,0.0,0.0,0.0
None,149,436,0.0,0.0,0.0,0.0,0.0,0.0
None,288,822,0.0,0.0,0.0,0.0,0.0,0.0
None,"226,556","385,911",0.0,0.0,0.0,0.0,0.0,0.0
None,"160,261","957,136",0.0,0.0,0.0,0.0,0.0,0.0
None,11,107,0.0,0.0,0.0,0.0,0.0,0.0
None,480,717,0.0,0.0,0.0,0.0,0.0,0.0
None,457,332,0.0,0.0,0.0,0.0,0.0,0.0
None,518,375,0.0,0.0,0.0,0.0,0.0,0.0
None,277,901,0.0,0.0,0.0,0.0,0.0,0.0
Cc1c(C)c(C)c2nc3c(C)c(N4C(=O)c5ccc(OC6=CC=CC7C(=O)N(C)C(=O)C67)cc5C4=O)ccc3cc2c1C,"7,252","970,652",83.12,30.09,99.72,433.51,4.08,0.4582
None,127,89,0.0,0.0,0.0,0.0,0.0,0.0
None,379,173,0.0,0.0,0.0,0.0,0.0,0.0
None,295,363,0.0,0.0,0.0,0.0,0.0,0.0
Cc1ccc2c(N3C(=O)C4C(=O)N(C)C(=O)C4C3=O)c(C)ccc2c1C,"111,355","973,689",81.6,10.67,123.61,468.61,3.47,0.5429
CCC(C)c1ccc(N2C(=O)c3ccc(-c4ccc(-c5ccc6c(c5)C(=O)N(C)C6=O)cc4)cc3C2=O)cc1,"16,1","32,295",25.68,29.46,106.02,280.69,2.87,0.1477
None,559,902,0.0,0.0,0.0,0.0,0.0,0.0
Cc1ccc2cccc(N3C(=O)C4C=CC(C(c5ccc6c(c5)C(=O)N(C)C6=O)(C(F)(F)F)C(F)(F)F)=CC4C3=O)c2c1C,294,254,85.51,49.4,99.73,358.5,4.13,0.4016
Cc1c(N2C(=O)c3ccc(-c4cc(F)c5c(c4F)C(=O)N(C)C5=O)cc3C2=O)ccc(F)c1F,327,5,10.5,12.49,130.52,391.57,2.88,0.0706
None,"553,460","422,51",0.0,0.0,0.0,0.0,0.0,0.0
None,"182,356,398","729,714,756",0.0,0.0,0.0,0.0,0.0,0.0
Cc1ccc(C2(c3ccc(-n4c(=O)c5c6ccccc6c6c(ccc7c8c(=O)n(C)c(=O)c8c8ccccc8c76)c5c4=O)c(C)c3)c3ccccc3-c3ccccc32)cc1C,283,895,11.02,39.83,115.86,455.08,3.32,0.0654
None,181,955,0.0,0.0,0.0,0.0,0.0,0.0
None,"26,123","724,170",0.0,0.0,0.0,0.0,0.0,0.0
None,"91,470","733,58",0.0,0.0,0.0,0.0,0.0,0.0
None,361,615,0.0,0.0,0.0,0.0,0.0,0.0
None,61,346,0.0,0.0,0.0,0.0,0.0,0.0
None,186,647,0.0,0.0,0.0,0.0,0.0,0.0
None,104,581,0.0,0.0,0.0,0.0,0.0,0.0
Cc1ccc2ccc3c(N4C(=O)C5C6C(=O)N(C)C(=O)C6(C)C5(F)C4=O)ccc4ccc1c2c43,364,637,76.91,10.7,134.79,429.15,4.17,0.4675
Cc1cccc2c1c(N1C(=O)C3C4CC(C3C1=O)C1(CCC3(CC5CC3C3C(=O)N(C)C(=O)C53)C1=O)C4)cc1ccccc12,"16,473","778,88",85.98,44.97,93.94,401.83,6.76,0.3761
Cc1ccc2c(C)c3ccc(N4C(=O)c5ccc(C(CF)(C(F)(F)F)C6(C)CC(=O)N(C)C6=O)cc5C4=O)cc3nc2c1,"333,528","661,808",79.84,48.13,127.19,307.23,4.08,0.3737
None,"449,560","262,378",0.0,0.0,0.0,0.0,0.0,0.0
None,280,715,0.0,0.0,0.0,0.0,0.0,0.0
None,437,28,0.0,0.0,0.0,0.0,0.0,0.0
None,394,357,0.0,0.0,0.0,0.0,0.0,0.0
None,462,76,0.0,0.0,0.0,0.0,0.0,0.0
None,"226,532","815,593",0.0,0.0,0.0,0.0,0.0,0.0
None,235,774,0.0,0.0,0.0,0.0,0.0,0.0
None,378,798,0.0,0.0,0.0,0.0,0.0,0.0
None,"158,25","991,418",0.0,0.0,0.0,0.0,0.0,0.0
None,488,69,0.0,0.0,0.0,0.0,0.0,0.0
None,431,489,0.0,0.0,0.0,0.0,0.0,0.0
None,319,959,0.0,0.0,0.0,0.0,0.0,0.0
None,"297,219","905,535",0.0,0.0,0.0,0.0,0.0,0.0
None,399,610,0.0,0.0,0.0,0.0,0.0,0.0
None,264,881,0.0,0.0,0.0,0.0,0.0,0.0
None,206,350,0.0,0.0,0.0,0.0,0.0,0.0
None,215,883,0.0,0.0,0.0,0.0,0.0,0.0
None,"221,195","202,675",0.0,0.0,0.0,0.0,0.0,0.0
None,124,271,0.0,0.0,0.0,0.0,0.0,0.0
None,342,339,0.0,0.0,0.0,0.0,0.0,0.0
None,413,970,0.0,0.0,0.0,0.0,0.0,0.0
None,145,647,0.0,0.0,0.0,0.0,0.0,0.0
Cc1ccc2ccccc2c1C1=C(N2C(=O)CC(C)(c3ccc(C(=C(Cl)Cl)c4ccc(-c5ccc6c(c5)C(=O)N(C)C6=O)cc4)cc3)C2=O)CC=C2C=CC=CC21,"101,528","204,54",67.81,28.08,87.37,355.01,4.49,0.3335
None,"115,391","572,620",0.0,0.0,0.0,0.0,0.0,0.0
None,"440,304","680,21",0.0,0.0,0.0,0.0,0.0,0.0
None,281,482,0.0,0.0,0.0,0.0,0.0,0.0
None,210,615,0.0,0.0,0.0,0.0,0.0,0.0
Cc1ccc(N=Nc2ccc(N3C(=O)C4C5(F)C(=O)N(C)C(=O)C5C4(F)C3=O)c3ccccc23)cc1,374,260,77.99,44.26,95.71,341.37,4.35,0.3581
None,533,366,0.0,0.0,0.0,0.0,0.0,0.0
None,379,757,0.0,0.0,0.0,0.0,0.0,0.0
None,129,448,0.0,0.0,0.0,0.0,0.0,0.0
None,34,749,0.0,0.0,0.0,0.0,0.0,0.0
None,488,684,0.0,0.0,0.0,0.0,0.0,0.0
None,445,207,0.0,0.0,0.0,0.0,0.0,0.0
None,"154,430","2,936",0.0,0.0,0.0,0.0,0.0,0.0
None,76,507,0.0,0.0,0.0,0.0,0.0,0.0
Cc1ccc(OC2=CC=C(N3C(=O)CC(C4CC5C(=O)N(C)C(=O)C5c5cc(C)ccc54)C3=O)CC=C2)cc1,547,353,81.55,51.02,90.08,264.11,4.37,0.3322
None,"113,501","107,302",0.0,0.0,0.0,0.0,0.0,0.0
Cc1ccc2c3c(ccc(N4C(=O)c5ccc(-c6ccc7cc8c(cc7c6)C(=O)N(C)C8=O)cc5C4=O)c13)C=C2,"205,470","331,188",0.55,10.52,189.82,361.46,2.93,0.0038
None,415,287,0.0,0.0,0.0,0.0,0.0,0.0
None,423,27,0.0,0.0,0.0,0.0,0.0,0.0
None,138,870,0.0,0.0,0.0,0.0,0.0,0.0
Cc1ccc2c(C)cc(N3C(=O)C45CCCCC46C(=O)N(C)C(=O)C64CCCCC45C3=O)c(C)c2c1,"371,523","467,82",83.78,42.3,95.1,380.73,5.58,0.3654
None,"13,431","856,253",0.0,0.0,0.0,0.0,0.0,0.0
None,228,946,0.0,0.0,0.0,0.0,0.0,0.0
None,568,159,0.0,0.0,0.0,0.0,0.0,0.0
None,488,232,0.0,0.0,0.0,0.0,0.0,0.0
CC1=CC(C)(C)C(c2ccc(N3C(=O)c4ccc(C(=O)C5=CC6=C(CC5C)C(=O)OC6=O)c(-c5ccc6c(c5)C(=O)N(C)C6=O)c4C3=O)cc2)=CC1(C)C,"145,298","932,237",75.21,17.79,86.75,282.98,4.44,0.3699
Cc1cc(C)c2ccc(N3C(=O)c4ccc(-c5ccc6c(c5)C(=O)N(C)C6=O)cc4C3=O)cc2c1C,1,190,7.16,10.67,154.3,371.26,2.55,0.0502
None,433,317,0.0,0.0,0.0,0.0,0.0,0.0
None,"101,489","181,204",0.0,0.0,0.0,0.0,0.0,0.0
None,397,123,0.0,0.0,0.0,0.0,0.0,0.0
None,"47,20,185","707,468,806",0.0,0.0,0.0,0.0,0.0,0.0
None,"365,373","127,734",0.0,0.0,0.0,0.0,0.0,0.0
None,186,371,0.0,0.0,0.0,0.0,0.0,0.0
None,94,67,0.0,0.0,0.0,0.0,0.0,0.0
Cc1ccc2c(c1)C(F)(F)C(F)(F)c1cc(N3C(=O)C4=CC=C(C(=O)c5ccc6c(c5)C(=O)N(C)C6=O)CC4C3=O)ccc1-2,"336,188","850,620",59.26,20.63,99.4,348.26,4.0,0.3235
None,"278,451","42,984",0.0,0.0,0.0,0.0,0.0,0.0
None,281,905,0.0,0.0,0.0,0.0,0.0,0.0
None,"565,298,243","284,842,78",0.0,0.0,0.0,0.0,0.0,0.0
None,"176,85","667,145",0.0,0.0,0.0,0.0,0.0,0.0
None,"103,62","659,48",0.0,0.0,0.0,0.0,0.0,0.0
None,452,195,0.0,0.0,0.0,0.0,0.0,0.0
None,"136,281","620,379",0.0,0.0,0.0,0.0,0.0,0.0
None,491,415,0.0,0.0,0.0,0.0,0.0,0.0
Cc1ccc(-c2ccc3c(N4C(=O)C5(C)C(C)(C4=O)C4(F)C(=O)N(C)C(=O)C54F)cccc3c2)cc1,363,218,73.66,29.97,140.46,328.22,4.17,0.3844
None,49,428,0.0,0.0,0.0,0.0,0.0,0.0
None,"192,474","941,965",0.0,0.0,0.0,0.0,0.0,0.0
None,480,41,0.0,0.0,0.0,0.0,0.0,0.0
None,177,385,0.0,0.0,0.0,0.0,0.0,0.0
None,262,486,0.0,0.0,0.0,0.0,0.0,0.0
None,"124,556","245,253",0.0,0.0,0.0,0.0,0.0,0.0
None,177,845,0.0,0.0,0.0,0.0,0.0,0.0
None,511,414,0.0,0.0,0.0,0.0,0.0,0.0
None,"347,10","514,250",0.0,0.0,0.0,0.0,0.0,0.0
None,191,143,0.0,0.0,0.0,0.0,0.0,0.0
None,"315,34","186,665",0.0,0.0,0.0,0.0,0.0,0.0
Cc1ccc2ccc(C)c(N3C(=O)C4C=CC(Oc5ccc6c(c5)C(=O)N(C)C6=O)=CC4C3=O)c2c1,"8,573,222","69,298,150",80.78,33.27,106.35,324.07,3.72,0.4253
None,"169,174","716,297",0.0,0.0,0.0,0.0,0.0,0.0
None,118,334,0.0,0.0,0.0,0.0,0.0,0.0
None,549,585,0.0,0.0,0.0,0.0,0.0,0.0
None,340,487,0.0,0.0,0.0,0.0,0.0,0.0
None,253,8,0.0,0.0,0.0,0.0,0.0,0.0
None,"186,280","303,680",0.0,0.0,0.0,0.0,0.0,0.0
Cc1cc(-c2ccc(N3C(=O)c4ccc(-c5ccc6cc7c(cc6c5)C(=O)N(C)C7=O)cc4C3=O)cc2)c(C)c(C)c1C,205,804,9.77,8.75,144.93,375.33,2.74,0.0675
Cc1c(N2C(=O)C3C4CC(C3C2=O)C2(CCC3(CC5CC3C3C(=O)N(C)C(=O)C53)C2=O)C4)c2ccccc2c2ccccc12,"473,223","267,636",85.99,42.23,93.94,414.33,6.74,0.3863
None,466,313,0.0,0.0,0.0,0.0,0.0,0.0
None,"204,134,470","6,152,308",0.0,0.0,0.0,0.0,0.0,0.0
None,89,793,0.0,0.0,0.0,0.0,0.0,0.0
None,540,793,0.0,0.0,0.0,0.0,0.0,0.0
None,95,455,0.0,0.0,0.0,0.0,0.0,0.0
None,"251,66","589,493",0.0,0.0,0.0,0.0,0.0,0.0
None,6,863,0.0,0.0,0.0,0.0,0.0,0.0
None,365,255,0.0,0.0,0.0,0.0,0.0,0.0
None,423,682,0.0,0.0,0.0,0.0,0.0,0.0
None,193,321,0.0,0.0,0.0,0.0,0.0,0.0
None,415,479,0.0,0.0,0.0,0.0,0.0,0.0
None,307,843,0.0,0.0,0.0,0.0,0.0,0.0
Cc1c(C)c2ccc3cc(N4C(=O)c5cc(-c6ccc7c(c6)C(=O)N(C)C7=O)cc(F)c5C4=O)cc4c(C)c(C)c(c1C)c2c34,345,614,18.27,8.94,126.04,445.88,3.15,0.1248
None,312,386,0.0,0.0,0.0,0.0,0.0,0.0
None,41,50,0.0,0.0,0.0,0.0,0.0,0.0
None,"145,15","670,252",0.0,0.0,0.0,0.0,0.0,0.0
None,408,258,0.0,0.0,0.0,0.0,0.0,0.0
None,383,274,0.0,0.0,0.0,0.0,0.0,0.0
None,"222,358","642,377",0.0,0.0,0.0,0.0,0.0,0.0
None,39,405,0.0,0.0,0.0,0.0,0.0,0.0
None,198,524,0.0,0.0,0.0,0.0,0.0,0.0
Cc1cc2c(c(N3C(=O)c4ccc(CCCCC5=CC6C(=O)N(C)C(=O)C6C=C5)cc4C3=O)c1)CCCC2,151,116,22.36,45.41,97.27,283.45,3.82,0.1049
None,539,650,0.0,0.0,0.0,0.0,0.0,0.0
Cc1ccc(-c2cc(Cl)c(N3C(=O)c4cc(C(c5ccc6c(c5)C(=O)N(C)C6=O)(C(F)F)C(F)(F)F)cc(C)c4C3=O)cc2Cl)cc1,"160,536","824,489",80.86,32.23,115.7,353.67,3.76,0.4387
None,553,812,0.0,0.0,0.0,0.0,0.0,0.0
None,480,277,0.0,0.0,0.0,0.0,0.0,0.0
None,200,879,0.0,0.0,0.0,0.0,0.0,0.0
None,"122,494","633,1002",0.0,0.0,0.0,0.0,0.0,0.0
Cc1c(C)c(-c2ccc3c(c2)C(=O)N(C)C3=O)c(C)c2c1C(=O)N(c1ccc(F)c3c(C)ccc(F)c13)C2=O,330,235,39.89,11.87,125.32,439.18,3.01,0.272
None,61,999,0.0,0.0,0.0,0.0,0.0,0.0
None,215,609,0.0,0.0,0.0,0.0,0.0,0.0
None,246,519,0.0,0.0,0.0,0.0,0.0,0.0
Cc1ccc2c(c1)C(c1ccc3c(c1)C(=O)N(C)C3=O)(c1ccc3c(c1)C(=O)N(c1cc4c(cc1C)Nc1cc(C)c(C)cc1C4)C3=O)c1cc(C)ccc1-2,190,658,26.6,35.83,100.91,442.52,3.4,0.156
None,"51,450","130,788",0.0,0.0,0.0,0.0,0.0,0.0
None,297,728,0.0,0.0,0.0,0.0,0.0,0.0
None,28,326,0.0,0.0,0.0,0.0,0.0,0.0
None,499,332,0.0,0.0,0.0,0.0,0.0,0.0
None,161,744,0.0,0.0,0.0,0.0,0.0,0.0
Cc1c(C)c2ccc3cc(N4C(=O)C5C6CC(C5C4=O)C4(CC(=O)N(C)C4=O)C6)cc4c(C)c(C)c(c1C)c2c34,358,614,79.23,27.92,96.89,462.39,5.63,0.4006
Cc1ccc2ccc(N3C(=O)C4=CCC=C(c5ccc6c(c5)C(=O)N(C)C6=O)C=C4C3=O)cc2c1C,514,150,7.37,12.28,116.8,343.17,3.12,0.0465
None,396,57,0.0,0.0,0.0,0.0,0.0,0.0
None,293,40,0.0,0.0,0.0,0.0,0.0,0.0
None,432,873,0.0,0.0,0.0,0.0,0.0,0.0
None,37,144,0.0,0.0,0.0,0.0,0.0,0.0
None,532,622,0.0,0.0,0.0,0.0,0.0,0.0
None,572,734,0.0,0.0,0.0,0.0,0.0,0.0
Cc1ccc(-c2ccc(N3C(=O)c4ccc(-c5ccc6c(c5C)C(=O)N(C)C6=O)cc4C3=O)cc2)c(F)c1F,314,492,4.94,9.7,140.49,410.43,2.7,0.0348
Cc1cc(N2C(=O)C3CC4C(=O)N(C)C(=O)C4C3C2=O)cc2cccc(F)c12,566,71,79.99,42.94,117.61,408.56,3.68,0.4351
Cc1ccc2c(N3C(=O)C4C(C3=O)C3C5CC(C6C7CC(C56)C5C6C(=O)N(C)C(=O)C6C75)C43)cc(C)cc2c1,409,86,81.75,43.13,92.9,440.64,6.14,0.3736
None,308,232,0.0,0.0,0.0,0.0,0.0,0.0
None,346,311,0.0,0.0,0.0,0.0,0.0,0.0
None,226,318,0.0,0.0,0.0,0.0,0.0,0.0
None,171,219,0.0,0.0,0.0,0.0,0.0,0.0
None,424,361,0.0,0.0,0.0,0.0,0.0,0.0
None,138,608,0.0,0.0,0.0,0.0,0.0,0.0
None,555,575,0.0,0.0,0.0,0.0,0.0,0.0
None,"193,502","547,88",0.0,0.0,0.0,0.0,0.0,0.0
None,"129,416,466","561,432,730",0.0,0.0,0.0,0.0,0.0,0.0
None,"207,466","233,212",0.0,0.0,0.0,0.0,0.0,0.0
None,37,888,0.0,0.0,0.0,0.0,0.0,0.0
CC1CCC(C2CCC(N3C(=O)c4ccc(C5C=CC=C6C(=O)N(C)C(=O)C65)cc4C3=O)CC2)CC1,522,533,81.79,66.96,101.85,316.19,3.85,0.3504
None,541,44,0.0,0.0,0.0,0.0,0.0,0.0
CCCCCc1ccc(N2C(=O)C3=CC=CC(c4ccc5c(c4)C(=O)N(C)C5=O)C3C2=O)cc1,522,35,71.6,50.09,122.71,276.27,3.53,0.3476
Cc1cc2ccc(N3C(=O)C4=CC(c5ccc6c(c5)C(=O)N(C)C6=O)=CCC4C3=O)cc2cc1C,"102,538","147,941",32.57,20.58,99.19,330.77,3.42,0.1881
None,537,996,0.0,0.0,0.0,0.0,0.0,0.0
None,"373,302","987,26",0.0,0.0,0.0,0.0,0.0,0.0
Cc1cc(N2C(=O)c3cc4c(cc3C2=O)C2C=CC4C3C(=O)N(C)C(=O)C23)c2cccc(C)c2c1,217,110,76.87,30.07,110.5,443.99,4.72,0.3979
None,3,95,0.0,0.0,0.0,0.0,0.0,0.0
None,261,43,0.0,0.0,0.0,0.0,0.0,0.0
None,"302,530","421,701",0.0,0.0,0.0,0.0,0.0,0.0
None,426,360,0.0,0.0,0.0,0.0,0.0,0.0
None,381,361,0.0,0.0,0.0,0.0,0.0,0.0
None,196,111,0.0,0.0,0.0,0.0,0.0,0.0
None,340,918,0.0,0.0,0.0,0.0,0.0,0.0
None,418,624,0.0,0.0,0.0,0.0,0.0,0.0
None,339,360,0.0,0.0,0.0,0.0,0.0,0.0
None,"368,320","717,756",0.0,0.0,0.0,0.0,0.0,0.0
None,66,966,0.0,0.0,0.0,0.0,0.0,0.0
None,43,253,0.0,0.0,0.0,0.0,0.0,0.0
None,55,406,0.0,0.0,0.0,0.0,0.0,0.0
None,474,70,0.0,0.0,0.0,0.0,0.0,0.0
None,334,60,0.0,0.0,0.0,0.0,0.0,0.0
None,263,532,0.0,0.0,0.0,0.0,0.0,0.0
None,355,360,0.0,0.0,0.0,0.0,0.0,0.0
None,512,332,0.0,0.0,0.0,0.0,0.0,0.0
None,432,840,0.0,0.0,0.0,0.0,0.0,0.0
None,42,297,0.0,0.0,0.0,0.0,0.0,0.0
None,6,448,0.0,0.0,0.0,0.0,0.0,0.0
Cc1ccc(-c2ccc(N3C(=O)C4C5(C)C(=O)N(C)C(=O)C5(C)C4(C)C3=O)cc2Cl)cc1,375,833,71.69,16.94,97.97,388.71,3.98,0.4101
None,488,4,0.0,0.0,0.0,0.0,0.0,0.0
None,205,52,0.0,0.0,0.0,0.0,0.0,0.0
None,400,418,0.0,0.0,0.0,0.0,0.0,0.0
None,307,71,0.0,0.0,0.0,0.0,0.0,0.0
None,495,60,0.0,0.0,0.0,0.0,0.0,0.0
None,"97,397","384,888",0.0,0.0,0.0,0.0,0.0,0.0
None,"230,107","564,219",0.0,0.0,0.0,0.0,0.0,0.0
None,35,139,0.0,0.0,0.0,0.0,0.0,0.0
None,422,395,0.0,0.0,0.0,0.0,0.0,0.0
None,424,744,0.0,0.0,0.0,0.0,0.0,0.0
None,207,578,0.0,0.0,0.0,0.0,0.0,0.0
None,315,360,0.0,0.0,0.0,0.0,0.0,0.0
None,467,872,0.0,0.0,0.0,0.0,0.0,0.0
None,0,976,0.0,0.0,0.0,0.0,0.0,0.0
None,"32,448","820,251",0.0,0.0,0.0,0.0,0.0,0.0
None,"207,532","637,406",0.0,0.0,0.0,0.0,0.0,0.0
None,210,485,0.0,0.0,0.0,0.0,0.0,0.0
None,177,426,0.0,0.0,0.0,0.0,0.0,0.0
None,429,217,0.0,0.0,0.0,0.0,0.0,0.0
None,310,254,0.0,0.0,0.0,0.0,0.0,0.0
None,178,15,0.0,0.0,0.0,0.0,0.0,0.0
None,20,308,0.0,0.0,0.0,0.0,0.0,0.0
None,183,761,0.0,0.0,0.0,0.0,0.0,0.0
None,45,859,0.0,0.0,0.0,0.0,0.0,0.0
None,281,24,0.0,0.0,0.0,0.0,0.0,0.0
None,"256,412","376,562",0.0,0.0,0.0,0.0,0.0,0.0
None,59,41,0.0,0.0,0.0,0.0,0.0,0.0
None,6,949,0.0,0.0,0.0,0.0,0.0,0.0
Cc1ccc2c(c1)NC1C=C(N3C(=O)c4ccc(-c5c6c(cc7ccccc57)C(=O)N(C)C6=O)cc4C3=O)C=CC1C2=O,"161,145","907,660",56.4,28.41,130.66,403.21,4.02,0.3166
None,"107,43","216,945",0.0,0.0,0.0,0.0,0.0,0.0
None,"286,505,183","213,81,860",0.0,0.0,0.0,0.0,0.0,0.0
None,482,976,0.0,0.0,0.0,0.0,0.0,0.0
None,381,546,0.0,0.0,0.0,0.0,0.0,0.0
None,354,718,0.0,0.0,0.0,0.0,0.0,0.0
None,73,606,0.0,0.0,0.0,0.0,0.0,0.0
None,66,604,0.0,0.0,0.0,0.0,0.0,0.0
None,"25,229","319,226",0.0,0.0,0.0,0.0,0.0,0.0
None,537,534,0.0,0.0,0.0,0.0,0.0,0.0
None,488,751,0.0,0.0,0.0,0.0,0.0,0.0
None,558,366,0.0,0.0,0.0,0.0,0.0,0.0
None,"62,6","279,475",0.0,0.0,0.0,0.0,0.0,0.0
None,540,494,0.0,0.0,0.0,0.0,0.0,0.0
Cc1cc2c(c(C)c1C)Oc1c(ccc(C)c1C)C21c2ccccc2-c2ccc(N3C(=O)C4C5C(=O)N(C)C(=O)C5(C)C4(C)C3=O)cc21,370,429,75.78,29.0,97.64,423.24,5.14,0.3695
None,305,370,0.0,0.0,0.0,0.0,0.0,0.0
None,"211,520,298","825,852,760",0.0,0.0,0.0,0.0,0.0,0.0
Cc1cccc2cc3ccccc3c(N3C(=O)C4CCCC(C5CCC6C(=O)N(C)C(=O)C6C5)C4C3=O)c12,"485,352","220,118",81.33,52.27,95.91,301.94,4.2,0.3525
None,196,649,0.0,0.0,0.0,0.0,0.0,0.0
None,"58,313,286,197","719,844,320,175",0.0,0.0,0.0,0.0,0.0,0.0
CC1=CC2(C)C3C(=O)N(C)C(=O)C3C1C1C(=O)N(c3cccc4c3Cc3cccc(C)c3C4)C(=O)C12,"207,376","688,118",78.3,51.3,86.64,363.5,5.23,0.3155
None,"115,470","869,28",0.0,0.0,0.0,0.0,0.0,0.0
None,385,993,0.0,0.0,0.0,0.0,0.0,0.0
CC1=C(N2C(=O)c3ccc(C(=O)C4=CC=C5C(=O)N(C)C(=O)C5C4)cc3C2=O)CCC=C1c1cccc(C)c1C,336,153,49.52,37.21,93.64,338.9,3.95,0.2483
None,"13,398","545,673",0.0,0.0,0.0,0.0,0.0,0.0
None,218,370,0.0,0.0,0.0,0.0,0.0,0.0
None,418,985,0.0,0.0,0.0,0.0,0.0,0.0
None,448,817,0.0,0.0,0.0,0.0,0.0,0.0
None,"4,112,393","176,494,242",0.0,0.0,0.0,0.0,0.0,0.0
None,430,850,0.0,0.0,0.0,0.0,0.0,0.0
None,208,486,0.0,0.0,0.0,0.0,0.0,0.0
None,217,21,0.0,0.0,0.0,0.0,0.0,0.0
None,395,768,0.0,0.0,0.0,0.0,0.0,0.0
None,292,793,0.0,0.0,0.0,0.0,0.0,0.0
None,388,33,0.0,0.0,0.0,0.0,0.0,0.0
None,494,629,0.0,0.0,0.0,0.0,0.0,0.0
None,271,43,0.0,0.0,0.0,0.0,0.0,0.0
None,210,43,0.0,0.0,0.0,0.0,0.0,0.0
None,"219,368","707,456",0.0,0.0,0.0,0.0,0.0,0.0
None,"301,212","24,109",0.0,0.0,0.0,0.0,0.0,0.0
Cc1ccc2cc3cc(N4C(=O)c5ccc(C(C6=CC7C(=O)N(C)C(=O)C7C=C6)(C(F)(F)F)C(F)(F)F)cc5C4=O)c(F)cc3cc2c1,294,615,81.37,44.03,98.82,364.45,4.24,0.3887
Cc1ccc(C2(c3ccc(N4C(=O)c5ccc(-c6c7c(cc8ccccc68)C(=O)N(C)C7=O)cc5C4=O)cc3)CC(C)CC(C)(C)C2)cc1O,"161,504","799,843",66.58,44.39,100.22,373.69,3.93,0.3341
None,231,105,0.0,0.0,0.0,0.0,0.0,0.0
None,162,766,0.0,0.0,0.0,0.0,0.0,0.0
Cc1cc(F)c(F)cc1N1C(=O)C2C3C(=O)N(C)C(=O)C3(F)C2C1=O,"350,372","3,907",77.94,18.78,113.39,422.64,4.05,0.4547
None,194,269,0.0,0.0,0.0,0.0,0.0,0.0
Cc1ccc(S(=O)c2ccc(N3C(=O)C4C5CCC(c6cc7c(cc65)C(=O)N(C)C7=O)C4C3=O)cc2)cc1,"169,216","838,863",79.07,48.48,93.18,359.11,4.81,0.3351
None,"193,433","787,174",0.0,0.0,0.0,0.0,0.0,0.0
None,364,356,0.0,0.0,0.0,0.0,0.0,0.0
None,478,616,0.0,0.0,0.0,0.0,0.0,0.0
None,"87,46","127,197",0.0,0.0,0.0,0.0,0.0,0.0
None,430,215,0.0,0.0,0.0,0.0,0.0,0.0
None,511,14,0.0,0.0,0.0,0.0,0.0,0.0
None,61,183,0.0,0.0,0.0,0.0,0.0,0.0
None,234,340,0.0,0.0,0.0,0.0,0.0,0.0
None,438,627,0.0,0.0,0.0,0.0,0.0,0.0
None,407,65,0.0,0.0,0.0,0.0,0.0,0.0
None,443,917,0.0,0.0,0.0,0.0,0.0,0.0
None,201,283,0.0,0.0,0.0,0.0,0.0,0.0
None,"153,265","819,532",0.0,0.0,0.0,0.0,0.0,0.0
None,"219,243","837,462",0.0,0.0,0.0,0.0,0.0,0.0
None,306,200,0.0,0.0,0.0,0.0,0.0,0.0
None,3,458,0.0,0.0,0.0,0.0,0.0,0.0
None,525,729,0.0,0.0,0.0,0.0,0.0,0.0
None,277,859,0.0,0.0,0.0,0.0,0.0,0.0
None,175,871,0.0,0.0,0.0,0.0,0.0,0.0
None,59,895,0.0,0.0,0.0,0.0,0.0,0.0
None,162,546,0.0,0.0,0.0,0.0,0.0,0.0
CCCCC(CCCCF)(c1ccc(C)c(C#N)c1)c1cn(-c2ccc(N3C(=O)C4C5CC(C4C3=O)C3(CCC4(CC6CC4C4C(=O)N(C)C(=O)C64)C3=O)C5)cc2)cn1,"473,77,204","515,940,806",85.75,45.99,86.23,292.88,7.44,0.3325
None,"248,295","118,663",0.0,0.0,0.0,0.0,0.0,0.0
None,239,676,0.0,0.0,0.0,0.0,0.0,0.0
None,33,871,0.0,0.0,0.0,0.0,0.0,0.0
None,"129,186","386,660",0.0,0.0,0.0,0.0,0.0,0.0
None,"349,308","573,504",0.0,0.0,0.0,0.0,0.0,0.0
None,"313,250","661,898",0.0,0.0,0.0,0.0,0.0,0.0
None,287,584,0.0,0.0,0.0,0.0,0.0,0.0
None,229,48,0.0,0.0,0.0,0.0,0.0,0.0
None,"315,204","899,579",0.0,0.0,0.0,0.0,0.0,0.0
None,385,869,0.0,0.0,0.0,0.0,0.0,0.0
None,"35,524","256,50",0.0,0.0,0.0,0.0,0.0,0.0
None,393,444,0.0,0.0,0.0,0.0,0.0,0.0
None,495,457,0.0,0.0,0.0,0.0,0.0,0.0
None,246,112,0.0,0.0,0.0,0.0,0.0,0.0
None,340,141,0.0,0.0,0.0,0.0,0.0,0.0
CC1=C(C2CC(=O)N(c3ccc(C)c4c3CC=CC4)C2=O)CCC2C(=O)N(C)C(=O)C12,"98,484","133,273",83.51,56.82,86.69,348.2,4.33,0.3571
CC1CCC(c2ccc(N3C(=O)C4C5CC(C4C3=O)C3(CCC4(CC6CC4C4C(=O)N(C)C(=O)C64)C3=O)C5)cc2)CC1,"553,12,473","520,95,30",87.52,51.4,86.83,374.99,6.69,0.3565
None,269,820,0.0,0.0,0.0,0.0,0.0,0.0
None,356,355,0.0,0.0,0.0,0.0,0.0,0.0
None,541,574,0.0,0.0,0.0,0.0,0.0,0.0
None,140,817,0.0,0.0,0.0,0.0,0.0,0.0
None,393,578,0.0,0.0,0.0,0.0,0.0,0.0
None,475,292,0.0,0.0,0.0,0.0,0.0,0.0
CC1=C(c2ccc(C)cc2)CC(C)(C)C(N2C(=O)C3CC4C(=O)N(C)C(=O)C4CC3C2=O)=C1C,"111,542","911,781",82.71,52.62,97.95,391.44,4.18,0.3892
None,252,719,0.0,0.0,0.0,0.0,0.0,0.0
None,279,268,0.0,0.0,0.0,0.0,0.0,0.0
None,258,940,0.0,0.0,0.0,0.0,0.0,0.0
None,530,42,0.0,0.0,0.0,0.0,0.0,0.0
None,"84,526,321","1001,302,971",0.0,0.0,0.0,0.0,0.0,0.0
None,89,721,0.0,0.0,0.0,0.0,0.0,0.0
Cc1ccc2cc(N3C(=O)C4C(C3=O)C3C5CC(C6C7C(=O)N(C)C(=O)C7C56)C43)c(F)c(F)c2c1F,"411,272","803,229",79.73,24.95,95.15,427.66,5.64,0.3973
None,450,268,0.0,0.0,0.0,0.0,0.0,0.0
Cc1ccc(-c2c(F)cc(N3C(=O)c4ccc(C5=CC6C(=O)N(C)C(=O)C6C=C5)cc4C3=O)c(F)c2F)cc1,521,763,75.31,14.07,110.33,354.93,3.79,0.4398
None,422,288,0.0,0.0,0.0,0.0,0.0,0.0
None,343,65,0.0,0.0,0.0,0.0,0.0,0.0
None,488,991,0.0,0.0,0.0,0.0,0.0,0.0
None,"81,452","245,684",0.0,0.0,0.0,0.0,0.0,0.0
None,495,774,0.0,0.0,0.0,0.0,0.0,0.0
None,321,67,0.0,0.0,0.0,0.0,0.0,0.0
None,531,466,0.0,0.0,0.0,0.0,0.0,0.0
None,191,760,0.0,0.0,0.0,0.0,0.0,0.0
None,"197,288","420,84",0.0,0.0,0.0,0.0,0.0,0.0
None,287,570,0.0,0.0,0.0,0.0,0.0,0.0
Cc1ccc(-c2ccc(N3C(=O)c4ccc(C5CCC6(CC5)CC(=O)N(C)C6=O)cc4C3=O)cc2F)cc1,332,295,23.89,53.62,108.91,411.8,3.19,0.1307
None,283,487,0.0,0.0,0.0,0.0,0.0,0.0
None,275,956,0.0,0.0,0.0,0.0,0.0,0.0
None,"133,21,430","691,612,362",0.0,0.0,0.0,0.0,0.0,0.0
None,104,421,0.0,0.0,0.0,0.0,0.0,0.0
None,"214,214,168","81,502,172",0.0,0.0,0.0,0.0,0.0,0.0
Cc1ccc2c(ccc3cc(N4C(=O)c5ccc(C6=CC7C(=O)N(C)C(=O)C7C=C6)cc5C4=O)ccc32)c1,"131,521","977,808",54.55,12.3,133.57,363.47,3.61,0.3351
None,426,766,0.0,0.0,0.0,0.0,0.0,0.0
None,272,372,0.0,0.0,0.0,0.0,0.0,0.0
None,561,762,0.0,0.0,0.0,0.0,0.0,0.0
C=C(CC(C)(C)c1ccc(N2C(=O)C3C4(F)C(=O)N(C)C(=O)C4C3(F)C2=O)cc1)c1ccc(C)cc1,"165,374","928,748",77.22,36.56,92.97,321.27,4.4,0.3596
None,501,429,0.0,0.0,0.0,0.0,0.0,0.0
None,389,923,0.0,0.0,0.0,0.0,0.0,0.0
None,"214,440","286,677",0.0,0.0,0.0,0.0,0.0,0.0
None,551,590,0.0,0.0,0.0,0.0,0.0,0.0
None,234,260,0.0,0.0,0.0,0.0,0.0,0.0
None,92,142,0.0,0.0,0.0,0.0,0.0,0.0
CC1=C(C2CC(=O)N(C)C2=O)CCC2C(=O)N(c3cc(C)c4ccc5cccc6ccc3c4c56)C(=O)C12,484,633,81.35,38.5,90.52,385.37,4.03,0.4149
None,"211,419","5,633",0.0,0.0,0.0,0.0,0.0,0.0
None,541,542,0.0,0.0,0.0,0.0,0.0,0.0
None,167,135,0.0,0.0,0.0,0.0,0.0,0.0
None,89,138,0.0,0.0,0.0,0.0,0.0,0.0
None,274,536,0.0,0.0,0.0,0.0,0.0,0.0
None,287,43,0.0,0.0,0.0,0.0,0.0,0.0
None,252,717,0.0,0.0,0.0,0.0,0.0,0.0
None,385,276,0.0,0.0,0.0,0.0,0.0,0.0
None,130,870,0.0,0.0,0.0,0.0,0.0,0.0
None,438,735,0.0,0.0,0.0,0.0,0.0,0.0
None,"118,396","836,679",0.0,0.0,0.0,0.0,0.0,0.0
None,300,883,0.0,0.0,0.0,0.0,0.0,0.0
None,250,262,0.0,0.0,0.0,0.0,0.0,0.0
None,229,80,0.0,0.0,0.0,0.0,0.0,0.0
None,369,413,0.0,0.0,0.0,0.0,0.0,0.0
None,271,342,0.0,0.0,0.0,0.0,0.0,0.0
Cc1ccc(-c2c(F)cc(N3C(=O)CC4(CC5CC4C4C6C(=O)N(C)C(=O)C6C54)C3=O)cc2F)cc1,410,626,76.21,42.62,96.43,352.27,5.66,0.3236
Cc1c(F)cc2cc(N3C(=O)C4C5CC(c6ccc7c(c6)C(=O)N(C)C7=O)C(C5)C4C3=O)ccc2c1F,64,232,75.81,42.34,108.61,392.84,4.76,0.351
None,532,361,0.0,0.0,0.0,0.0,0.0,0.0
Cc1cc(C)c(N2C(=O)C3C4CC(C3C2=O)C2C3CC(C5C(=O)N(C)C(=O)C35)C42)c(C)c1C,353,1002,81.74,45.71,94.88,435.27,5.59,0.3673
None,350,432,0.0,0.0,0.0,0.0,0.0,0.0
None,"506,533","774,518",0.0,0.0,0.0,0.0,0.0,0.0
None,"60,323","833,477",0.0,0.0,0.0,0.0,0.0,0.0
None,34,315,0.0,0.0,0.0,0.0,0.0,0.0
None,"279,411","409,853",0.0,0.0,0.0,0.0,0.0,0.0
None,67,537,0.0,0.0,0.0,0.0,0.0,0.0
None,447,359,0.0,0.0,0.0,0.0,0.0,0.0
None,"117,503","989,218",0.0,0.0,0.0,0.0,0.0,0.0
None,177,396,0.0,0.0,0.0,0.0,0.0,0.0
None,"337,194,184","69,568,799",0.0,0.0,0.0,0.0,0.0,0.0
C=Cc1ccc2c(c1)C(c1ccc3c(c1)C(=O)N(C)C3=O)(c1ccc3c(c1)C(=O)N(c1ncc(-c4ccc(C)cc4)s1)C3=O)c1cc(C=C)ccc1-2,150,846,3.21,57.56,98.2,338.86,3.42,0.0157
None,"332,165","923,144",0.0,0.0,0.0,0.0,0.0,0.0
None,46,976,0.0,0.0,0.0,0.0,0.0,0.0
None,475,331,0.0,0.0,0.0,0.0,0.0,0.0
None,530,702,0.0,0.0,0.0,0.0,0.0,0.0
None,138,800,0.0,0.0,0.0,0.0,0.0,0.0
None,"450,428","522,956",0.0,0.0,0.0,0.0,0.0,0.0
None,446,742,0.0,0.0,0.0,0.0,0.0,0.0
None,296,114,0.0,0.0,0.0,0.0,0.0,0.0
None,"311,290","534,306",0.0,0.0,0.0,0.0,0.0,0.0
Cc1ccc(-c2ccc(N3C(=O)C4CCC5CC6C(=O)N(C)C(=O)C6CC5C4C3=O)cc2)cc1C#N,86,806,78.07,50.69,99.77,342.43,4.12,0.3596
None,244,187,0.0,0.0,0.0,0.0,0.0,0.0
None,543,357,0.0,0.0,0.0,0.0,0.0,0.0
None,3,610,0.0,0.0,0.0,0.0,0.0,0.0
None,301,370,0.0,0.0,0.0,0.0,0.0,0.0
None,56,277,0.0,0.0,0.0,0.0,0.0,0.0
None,420,213,0.0,0.0,0.0,0.0,0.0,0.0
Cc1ccc2c(C)cc(N3C(=O)c4ccc([Si](c5ccccc5)(c5ccccc5)c5ccc6c(c5)C(=O)N(C)C6=O)cc4C3=O)c(C)c2c1,"382,574,319","803,695,190",61.35,38.68,117.5,306.71,3.17,0.336
Cc1ccccc1N1C(=O)c2cc3cc4ccccc4c(-c4ccc5c(c4)C(=O)N(C)C5=O)c3cc2C1=O,74,984,1.2,35.18,197.37,351.03,2.55,0.0078
None,440,431,0.0,0.0,0.0,0.0,0.0,0.0
None,"337,99","256,616",0.0,0.0,0.0,0.0,0.0,0.0
None,428,716,0.0,0.0,0.0,0.0,0.0,0.0
None,475,981,0.0,0.0,0.0,0.0,0.0,0.0
None,"222,486","949,431",0.0,0.0,0.0,0.0,0.0,0.0
CCCCCCC(F)C(C)(c1ccc(N2C(=O)CC(C3CC4C(=O)N(C)C(=O)C4c4ccccc43)C2=O)cc1)c1cc(C(C)(C)C)c(Cl)c(C)c1C,"564,328,342","961,873,66",81.59,47.25,83.36,249.7,4.81,0.309
Cc1cc(N=Nc2cccc3ccccc23)cc(N2C(=O)c3ccc(C#Cc4ccc5c(c4)C(=O)N(C)C5=O)cc3C2=O)c1,493,87,2.29,42.88,175.14,289.55,3.02,0.013
None,477,524,0.0,0.0,0.0,0.0,0.0,0.0
Cc1ccc(-c2ccc(N3C(=O)CC(C4CC(=O)N(C)C4=O)C3=O)cc2)c(Cl)c1Cl,"85,543","797,729",77.86,26.74,140.73,362.64,3.27,0.4702
C=Cc1cc(-c2ccc(C)cc2)cc(-c2cc(Cl)c(N3C(=O)c4ccc(S(=O)(=O)c5ccc6c(c5)C(=O)N(C)C6=O)cc4C3=O)c(Cl)c2)c1,"562,260","401,519",47.89,46.19,105.01,326.96,3.09,0.257
None,531,675,0.0,0.0,0.0,0.0,0.0,0.0
Cc1cccc2c(C)c(N3C(=O)C4C5CCC(C6C(=O)N(C)C(=O)C56)C4C3=O)ccc12,496,569,78.04,37.5,112.38,434.2,4.63,0.3918
None,447,644,0.0,0.0,0.0,0.0,0.0,0.0
None,501,37,0.0,0.0,0.0,0.0,0.0,0.0
None,194,292,0.0,0.0,0.0,0.0,0.0,0.0
None,"222,88","459,948",0.0,0.0,0.0,0.0,0.0,0.0
None,65,275,0.0,0.0,0.0,0.0,0.0,0.0
None,242,277,0.0,0.0,0.0,0.0,0.0,0.0
None,404,418,0.0,0.0,0.0,0.0,0.0,0.0
None,353,371,0.0,0.0,0.0,0.0,0.0,0.0
Cc1ccc2c(c1)C(c1ccc3c(c1)C(=O)N(C)C3=O)(c1ccc3c(c1)C(=O)N(c1cccc4c(C)c(C#N)ccc14)C3=O)c1cc(C)ccc1-2,190,130,18.54,36.22,106.45,363.04,3.23,0.1052
None,218,877,0.0,0.0,0.0,0.0,0.0,0.0
None,"214,456","610,827",0.0,0.0,0.0,0.0,0.0,0.0
None,"69,425","681,936",0.0,0.0,0.0,0.0,0.0,0.0
None,413,894,0.0,0.0,0.0,0.0,0.0,0.0
None,67,201,0.0,0.0,0.0,0.0,0.0,0.0
Cc1cc2ccc(N3C(=O)C4CC=C(C(c5ccc6c(c5)C(=O)N(C)C6=O)(C(F)(F)F)C(F)(F)F)CC4C3=O)cc2cc1C,348,148,85.06,53.92,102.42,330.67,3.97,0.3905
None,266,82,0.0,0.0,0.0,0.0,0.0,0.0
None,"564,182","760,21",0.0,0.0,0.0,0.0,0.0,0.0
None,"329,264","875,445",0.0,0.0,0.0,0.0,0.0,0.0
None,33,77,0.0,0.0,0.0,0.0,0.0,0.0
None,457,944,0.0,0.0,0.0,0.0,0.0,0.0
None,511,391,0.0,0.0,0.0,0.0,0.0,0.0
None,471,74,0.0,0.0,0.0,0.0,0.0,0.0
None,478,599,0.0,0.0,0.0,0.0,0.0,0.0
None,499,12,0.0,0.0,0.0,0.0,0.0,0.0
Cc1ccc2c(c1)C(=O)c1cc(N3C(=O)c4ccc(-c5c#ccc6c5C(=O)N(C)C6=O)cc4C3=O)ccc1C2=O,159,889,0.74,13.72,188.02,356.7,3.39,0.0048
Cc1ccc(C2C=CC=C(N3C(=O)C4C5C=CC(C6C(=O)N(C)C(=O)C56)C4C3=O)C=C2)cc1,575,288,78.95,39.35,85.49,426.47,5.28,0.3611
None,"377,241","791,271",0.0,0.0,0.0,0.0,0.0,0.0
None,225,288,0.0,0.0,0.0,0.0,0.0,0.0
Cc1cc(N=Nc2cccc3ccccc23)cc(N2C(=O)C3C(C2=O)C2C4CC(C5C6C(=O)N(C)C(=O)C6C45)C32)c1,411,87,75.94,33.77,107.77,433.44,5.54,0.3678
None,210,398,0.0,0.0,0.0,0.0,0.0,0.0
None,442,746,0.0,0.0,0.0,0.0,0.0,0.0
None,244,587,0.0,0.0,0.0,0.0,0.0,0.0
None,"248,463","481,300",0.0,0.0,0.0,0.0,0.0,0.0
None,546,766,0.0,0.0,0.0,0.0,0.0,0.0
None,412,79,0.0,0.0,0.0,0.0,0.0,0.0
COc1ccc(N2C(=O)C3=CC(C(=O)c4ccc5c(c4)C(=O)N(C)C5=O)=CCC3C2=O)cc1,172,303,42.34,40.12,97.99,299.83,3.31,0.2215
None,269,602,0.0,0.0,0.0,0.0,0.0,0.0
None,381,380,0.0,0.0,0.0,0.0,0.0,0.0
None,"454,44","472,150",0.0,0.0,0.0,0.0,0.0,0.0
None,147,884,0.0,0.0,0.0,0.0,0.0,0.0
None,268,457,0.0,0.0,0.0,0.0,0.0,0.0
None,498,491,0.0,0.0,0.0,0.0,0.0,0.0
None,232,805,0.0,0.0,0.0,0.0,0.0,0.0
None,391,962,0.0,0.0,0.0,0.0,0.0,0.0
None,"94,7,559","55,88,863",0.0,0.0,0.0,0.0,0.0,0.0
None,361,379,0.0,0.0,0.0,0.0,0.0,0.0
None,"248,354","769,751",0.0,0.0,0.0,0.0,0.0,0.0
None,334,638,0.0,0.0,0.0,0.0,0.0,0.0
None,300,135,0.0,0.0,0.0,0.0,0.0,0.0
None,104,549,0.0,0.0,0.0,0.0,0.0,0.0
None,166,274,0.0,0.0,0.0,0.0,0.0,0.0
None,560,376,0.0,0.0,0.0,0.0,0.0,0.0
None,561,534,0.0,0.0,0.0,0.0,0.0,0.0
None,"313,289","544,48",0.0,0.0,0.0,0.0,0.0,0.0
None,2,57,0.0,0.0,0.0,0.0,0.0,0.0
None,275,252,0.0,0.0,0.0,0.0,0.0,0.0
None,89,372,0.0,0.0,0.0,0.0,0.0,0.0
None,71,372,0.0,0.0,0.0,0.0,0.0,0.0
None,461,355,0.0,0.0,0.0,0.0,0.0,0.0
CCN1C(=O)C2C3C(=O)N(C)C(=O)C3C2(F)C1=O,"372,338","930,989",77.87,36.21,107.42,428.67,4.26,0.4092
None,446,511,0.0,0.0,0.0,0.0,0.0,0.0
None,548,703,0.0,0.0,0.0,0.0,0.0,0.0
None,224,540,0.0,0.0,0.0,0.0,0.0,0.0
None,418,376,0.0,0.0,0.0,0.0,0.0,0.0
None,"366,275","406,745",0.0,0.0,0.0,0.0,0.0,0.0
Cc1ccc(-c2ccc(N3C(=O)C4(C)C5C(=O)N(C)C(=O)C5(C)C4(C)C3=O)c3c2CCCC3)cc1,375,607,71.16,41.81,91.82,363.84,4.23,0.3419
None,517,638,0.0,0.0,0.0,0.0,0.0,0.0
C=C(c1cccc(C)c1)c1ccccc1N1C(=O)c2ccc(-c3cc(F)c4c(c3F)C(=O)N(C)C4=O)cc2C1=O,"327,189,274","18,684,176",3.4,36.01,151.03,356.44,2.94,0.0206
None,"317,66","201,602",0.0,0.0,0.0,0.0,0.0,0.0
None,"251,81","940,274",0.0,0.0,0.0,0.0,0.0,0.0
None,"88,512","393,439",0.0,0.0,0.0,0.0,0.0,0.0
None,"313,360","947,163",0.0,0.0,0.0,0.0,0.0,0.0
None,510,578,0.0,0.0,0.0,0.0,0.0,0.0
None,484,283,0.0,0.0,0.0,0.0,0.0,0.0
Cc1ccc2nc3ccc(N4C(=O)c5ccc(OC6=CCC7(C)C(=O)N(C)C(=O)C7=C6)cc5C4=O)cc3cc2c1,5,671,60.8,46.98,124.42,317.88,3.63,0.3064
None,480,886,0.0,0.0,0.0,0.0,0.0,0.0
Cc1ccc(C2=CCC(F)(N3C(=O)c4ccc(-c5cc6c(=O)n(C)c(=O)c6c6c(C)cc7c(=O)oc(=O)c7c56)cc4C3=O)C=C2)cc1,"182,453","556,959",6.08,9.97,119.39,378.93,4.03,0.036
None,561,523,0.0,0.0,0.0,0.0,0.0,0.0
None,"349,200","950,102",0.0,0.0,0.0,0.0,0.0,0.0
None,146,634,0.0,0.0,0.0,0.0,0.0,0.0
None,286,143,0.0,0.0,0.0,0.0,0.0,0.0
None,163,238,0.0,0.0,0.0,0.0,0.0,0.0
None,"30,259","701,36",0.0,0.0,0.0,0.0,0.0,0.0
None,"113,300,277","54,247,521",0.0,0.0,0.0,0.0,0.0,0.0
None,52,617,0.0,0.0,0.0,0.0,0.0,0.0
None,"550,449","961,828",0.0,0.0,0.0,0.0,0.0,0.0
None,"21,407","169,35",0.0,0.0,0.0,0.0,0.0,0.0
None,292,477,0.0,0.0,0.0,0.0,0.0,0.0
None,253,573,0.0,0.0,0.0,0.0,0.0,0.0
None,488,902,0.0,0.0,0.0,0.0,0.0,0.0
None,238,872,0.0,0.0,0.0,0.0,0.0,0.0
Cc1cc2ccc3cc(N4C(=O)C5C=CC(C6(c7ccc8c(c7)C(=O)N(C)C8=O)c7ccccc7-c7ccccc76)=CC5C4=O)cc4ccc(c1)c2c34,47,611,63.69,29.71,105.36,405.06,4.17,0.3422
None,463,427,0.0,0.0,0.0,0.0,0.0,0.0
None,447,770,0.0,0.0,0.0,0.0,0.0,0.0
None,257,169,0.0,0.0,0.0,0.0,0.0,0.0
None,34,474,0.0,0.0,0.0,0.0,0.0,0.0
None,511,150,0.0,0.0,0.0,0.0,0.0,0.0
None,483,357,0.0,0.0,0.0,0.0,0.0,0.0
None,178,72,0.0,0.0,0.0,0.0,0.0,0.0
Cc1c(F)cc(-c2ccc(N3C(=O)c4ccc(-c5ccc6cc7c(cc6c5)C(=O)N(C)C7=O)cc4C3=O)cc2)c(F)c1C,205,495,2.54,10.05,140.91,347.78,2.84,0.017
None,420,196,0.0,0.0,0.0,0.0,0.0,0.0
None,187,678,0.0,0.0,0.0,0.0,0.0,0.0
None,530,392,0.0,0.0,0.0,0.0,0.0,0.0
None,377,323,0.0,0.0,0.0,0.0,0.0,0.0
None,366,324,0.0,0.0,0.0,0.0,0.0,0.0
None,"506,270","765,825",0.0,0.0,0.0,0.0,0.0,0.0
None,511,653,0.0,0.0,0.0,0.0,0.0,0.0
None,388,803,0.0,0.0,0.0,0.0,0.0,0.0
Cc1ccc(-c2c(F)cccc2N2C(=O)c3ccc(C(=O)C4=CCC5C(=O)N(C)C(=O)C5=C4)cc3C2=O)cc1,172,473,16.13,34.01,100.32,354.86,3.51,0.0884
None,"211,62,205","572,398,364",0.0,0.0,0.0,0.0,0.0,0.0
None,433,151,0.0,0.0,0.0,0.0,0.0,0.0
None,137,795,0.0,0.0,0.0,0.0,0.0,0.0
None,43,615,0.0,0.0,0.0,0.0,0.0,0.0
None,167,393,0.0,0.0,0.0,0.0,0.0,0.0
None,239,363,0.0,0.0,0.0,0.0,0.0,0.0
Cc1cc(C)c2ccc(N3C(=O)c4ccc(-c5c6c(=O)oc(=O)c6cc6c(=O)n(C)c(=O)c56)cc4C3=O)cc2c1C,173,190,1.44,5.77,154.93,427.1,3.06,0.0101
CC(=O)c1ccc(N2C(=O)C3C(C2=O)C2(F)C(=O)N(C)C(=O)C32F)cc1,373,516,75.52,12.87,134.7,395.43,3.97,0.4548
None,"222,58,109","905,930,443",0.0,0.0,0.0,0.0,0.0,0.0
None,"105,487","395,692",0.0,0.0,0.0,0.0,0.0,0.0
None,559,669,0.0,0.0,0.0,0.0,0.0,0.0
None,190,356,0.0,0.0,0.0,0.0,0.0,0.0
None,169,140,0.0,0.0,0.0,0.0,0.0,0.0
None,"220,57","20,562",0.0,0.0,0.0,0.0,0.0,0.0
None,"160,307","566,425",0.0,0.0,0.0,0.0,0.0,0.0
None,447,823,0.0,0.0,0.0,0.0,0.0,0.0
None,537,217,0.0,0.0,0.0,0.0,0.0,0.0
None,250,692,0.0,0.0,0.0,0.0,0.0,0.0
None,"226,569","471,879",0.0,0.0,0.0,0.0,0.0,0.0
None,"117,460","538,140",0.0,0.0,0.0,0.0,0.0,0.0
None,"51,448","720,203",0.0,0.0,0.0,0.0,0.0,0.0
None,263,894,0.0,0.0,0.0,0.0,0.0,0.0
None,"538,288,345","742,408,446",0.0,0.0,0.0,0.0,0.0,0.0
None,546,816,0.0,0.0,0.0,0.0,0.0,0.0
Cc1cc(C)c2ccc(N3C(=O)c4ccc(-c5ccc6c(c5)C(=O)N(C)C6=O)cc4C3=O)cc2c1,1,146,2.81,12.84,172.11,334.93,2.48,0.0195
None,492,378,0.0,0.0,0.0,0.0,0.0,0.0
None,361,356,0.0,0.0,0.0,0.0,0.0,0.0
None,"440,342,206","989,97,148",0.0,0.0,0.0,0.0,0.0,0.0
None,"112,280","247,705",0.0,0.0,0.0,0.0,0.0,0.0
None,10,869,0.0,0.0,0.0,0.0,0.0,0.0
None,466,691,0.0,0.0,0.0,0.0,0.0,0.0
None,501,350,0.0,0.0,0.0,0.0,0.0,0.0
None,"382,161,316","31,726,62",0.0,0.0,0.0,0.0,0.0,0.0
None,"221,267","593,351",0.0,0.0,0.0,0.0,0.0,0.0
None,"212,347,428","808,983,854",0.0,0.0,0.0,0.0,0.0,0.0
None,"124,512","443,595",0.0,0.0,0.0,0.0,0.0,0.0
None,232,166,0.0,0.0,0.0,0.0,0.0,0.0
None,"111,30,420","207,618,366",0.0,0.0,0.0,0.0,0.0,0.0
None,166,979,0.0,0.0,0.0,0.0,0.0,0.0
None,387,938,0.0,0.0,0.0,0.0,0.0,0.0
None,"164,148","180,47",0.0,0.0,0.0,0.0,0.0,0.0
None,543,11,0.0,0.0,0.0,0.0,0.0,0.0
None,"416,37","407,886",0.0,0.0,0.0,0.0,0.0,0.0
Cc1ccc2c(F)c(N3C(=O)C4=CCC(c5ccc6c(c5)C(=O)N(C)C6=O)C=C4C3=O)c(F)c(F)c2c1,23,233,47.92,38.98,95.2,346.97,3.77,0.2458
Cc1ccc(-c2ccc(F)cc2N2C(=O)C3C=CC(C(c4ccc5c(c4)C(=O)N(C)C5=O)(C(F)(F)F)C(F)(F)F)=CC3C2=O)cc1,294,474,84.1,42.16,99.22,358.64,4.06,0.4139
None,174,109,0.0,0.0,0.0,0.0,0.0,0.0
None,509,396,0.0,0.0,0.0,0.0,0.0,0.0
None,27,747,0.0,0.0,0.0,0.0,0.0,0.0
None,457,89,0.0,0.0,0.0,0.0,0.0,0.0
Cc1ccc2c(c1)OCCOc1ccc(N3C(=O)c4cc5ccccc5c(-c5ccc6c(c5)C(=O)N(C)C6=O)c4C3=O)cc1OCCOCCOCCO2,"161,363","541,385",40.0,62.54,107.97,287.29,3.65,0.1776
None,"14,468","797,344",0.0,0.0,0.0,0.0,0.0,0.0
Cc1ccc(-c2ccc(N3C(=O)C4C5CCC(c6cc7c(cc65)C(=O)N(C)C7=O)C4C3=O)cc2)c(C#N)c1,"211,216","551,860",77.23,31.61,107.77,356.33,4.56,0.377
None,"105,197","897,124",0.0,0.0,0.0,0.0,0.0,0.0
None,381,984,0.0,0.0,0.0,0.0,0.0,0.0
None,442,659,0.0,0.0,0.0,0.0,0.0,0.0
None,145,57,0.0,0.0,0.0,0.0,0.0,0.0
None,463,739,0.0,0.0,0.0,0.0,0.0,0.0
CCCCc1ccc(N2C(=O)C3CCC(c4ccc5c(c4)C(=O)N(C)C5=O)CC3C2=O)cc1,24,40,78.76,47.85,93.09,289.63,3.35,0.3898
None,275,468,0.0,0.0,0.0,0.0,0.0,0.0
Cc1ccc(C2(c3ccc(N4C(=O)C5CC6CC7C(=O)N(C)C(=O)C7C6CC5C4=O)c(F)c3)c3ccccc3-c3ccccc32)cc1F,"351,380","554,896",84.35,50.32,96.48,421.46,4.47,0.395
None,390,315,0.0,0.0,0.0,0.0,0.0,0.0
None,473,417,0.0,0.0,0.0,0.0,0.0,0.0
None,334,562,0.0,0.0,0.0,0.0,0.0,0.0
None,229,706,0.0,0.0,0.0,0.0,0.0,0.0
None,529,840,0.0,0.0,0.0,0.0,0.0,0.0
None,447,19,0.0,0.0,0.0,0.0,0.0,0.0
None,"151,527","807,684",0.0,0.0,0.0,0.0,0.0,0.0
None,388,600,0.0,0.0,0.0,0.0,0.0,0.0
None,524,849,0.0,0.0,0.0,0.0,0.0,0.0
Cc1cccc2ccc(N3C(=O)c4ccc(C#Cc5ccc(C#Cc6ccc7c(c6)C(=O)N(C)C7=O)cc5)cc4C3=O)cc12,249,225,1.12,50.07,148.6,257.84,2.91,0.0059
CC1=C(c2ccc(C)cc2)CC(C)(C)C(N2C(=O)c3ccc(C4=C5C(=O)N(C)C(=O)C5=CCC4)cc3C2=O)=C1C,"127,517,371,33","566,762,700,911",50.57,38.87,112.13,366.12,3.42,0.2791
None,"365,109","966,570",0.0,0.0,0.0,0.0,0.0,0.0
None,495,814,0.0,0.0,0.0,0.0,0.0,0.0
None,388,162,0.0,0.0,0.0,0.0,0.0,0.0
Cc1ccc([SiH2]c2ccc(N3C(=O)CC(C4CC(=O)N(C)C4=O)C3=O)cc2)cc1,"543,285","799,849",78.81,49.42,109.92,266.77,3.63,0.3711
None,"204,102","304,622",0.0,0.0,0.0,0.0,0.0,0.0
None,299,482,0.0,0.0,0.0,0.0,0.0,0.0
None,460,41,0.0,0.0,0.0,0.0,0.0,0.0
None,90,587,0.0,0.0,0.0,0.0,0.0,0.0
None,"204,533","839,247",0.0,0.0,0.0,0.0,0.0,0.0
None,253,197,0.0,0.0,0.0,0.0,0.0,0.0
None,43,281,0.0,0.0,0.0,0.0,0.0,0.0
None,71,349,0.0,0.0,0.0,0.0,0.0,0.0
None,104,198,0.0,0.0,0.0,0.0,0.0,0.0
None,"502,434","760,507",0.0,0.0,0.0,0.0,0.0,0.0
None,229,668,0.0,0.0,0.0,0.0,0.0,0.0
None,436,380,0.0,0.0,0.0,0.0,0.0,0.0
None,267,227,0.0,0.0,0.0,0.0,0.0,0.0
None,"214,386","736,384",0.0,0.0,0.0,0.0,0.0,0.0
None,529,943,0.0,0.0,0.0,0.0,0.0,0.0
Cc1ccc2c3cccc4c(N5C(=O)C6C(C5=O)C5C7CC(C8C9CC(C78)C7C8C(=O)N(C)C(=O)C8C97)C65)ccc(c5cccc1c25)c43,"409,16","689,613",83.31,39.86,97.16,497.49,6.16,0.4081
None,"131,559","561,339",0.0,0.0,0.0,0.0,0.0,0.0
Cc1cc(-c2ccc(N3C(=O)C4C5CC6C(=O)N(C)C(=O)C6CC5C4C3=O)cc2)c2ccccc2c1,426,581,77.32,43.37,114.81,377.68,3.92,0.3968
None,504,613,0.0,0.0,0.0,0.0,0.0,0.0
None,30,372,0.0,0.0,0.0,0.0,0.0,0.0
None,"28,288","510,205",0.0,0.0,0.0,0.0,0.0,0.0
None,307,801,0.0,0.0,0.0,0.0,0.0,0.0
Cc1cc(N2C(=O)c3c(-c4ccc5c(c4)C(=O)N(C)C5=O)c(C4CC(=O)OC(=O)C4)c4ccc(C)cc4c3C2=O)c2ccccc2c1,"311,383","257,109",15.36,52.29,100.71,343.34,3.27,0.079
Cc1ccc2c(c1)OCCOc1cc(N3C(=O)C4C5C=CC(C4C3=O)C3C4C(=O)N(C)C(=O)C4C53)ccc1OCCOCCO2,"458,98","873,389",80.94,53.55,77.5,316.09,5.75,0.3028
None,138,553,0.0,0.0,0.0,0.0,0.0,0.0
None,490,48,0.0,0.0,0.0,0.0,0.0,0.0
None,392,873,0.0,0.0,0.0,0.0,0.0,0.0
None,"110,203","32,456",0.0,0.0,0.0,0.0,0.0,0.0
None,491,612,0.0,0.0,0.0,0.0,0.0,0.0
None,136,417,0.0,0.0,0.0,0.0,0.0,0.0
None,240,417,0.0,0.0,0.0,0.0,0.0,0.0
Cc1cccc2c1ccc1cccc(N3C(=O)C4(C)C5C(=O)N(C)C(=O)C5(C)C4(C)C3=O)c12,375,209,72.3,49.56,97.76,405.55,4.19,0.3493
None,335,423,0.0,0.0,0.0,0.0,0.0,0.0
None,38,270,0.0,0.0,0.0,0.0,0.0,0.0
None,250,441,0.0,0.0,0.0,0.0,0.0,0.0
None,61,372,0.0,0.0,0.0,0.0,0.0,0.0
None,267,226,0.0,0.0,0.0,0.0,0.0,0.0
None,232,640,0.0,0.0,0.0,0.0,0.0,0.0
C=Cc1ccc2c(c1)C(c1ccc3c(c1)C(=O)N(C)C3=O)(c1ccc3c(c1)C(=O)N(c1ccc(C)c4c(C)ccc(C)c14)C3=O)c1cc(C=C)ccc1-2,150,115,11.15,58.66,116.35,353.75,3.4,0.0558
None,21,372,0.0,0.0,0.0,0.0,0.0,0.0
None,160,364,0.0,0.0,0.0,0.0,0.0,0.0
None,485,486,0.0,0.0,0.0,0.0,0.0,0.0
Cc1c(C(C)(CC(C)C)c2ccc(N3C(=O)c4ccc(-c5cc(F)c6c(c5F)C(=O)N(C)C6=O)cc4C3=O)cc2)ccc2ccccc12,"327,575","941,580",78.92,31.6,121.83,316.53,3.68,0.4241
Cc1cccc2cccc(N=Nc3cccc4cccc(N5C(=O)C6CC(C7CC(=O)N(C)C7=O)c7ccccc7C6C5=O)c34)c12,"194,153,564","89,458,1002",81.86,49.18,113.8,345.37,4.25,0.3792
CC1C=CC(c2ccc(N3C(=O)c4ccc(C5=C6C(=O)N(C)C(=O)C6CC=C5)cc4C3=O)cc2)CC1,516,280,75.31,42.18,90.62,351.49,4.13,0.362
CCCN1C(=O)C2CC3C(=O)N(C)C(=O)C3C2C1=O,566,983,80.7,53.5,125.73,416.06,3.57,0.4289
None,"538,413,570","27,455,885",0.0,0.0,0.0,0.0,0.0,0.0
None,"245,271","738,272",0.0,0.0,0.0,0.0,0.0,0.0
None,261,870,0.0,0.0,0.0,0.0,0.0,0.0
None,513,944,0.0,0.0,0.0,0.0,0.0,0.0
None,29,409,0.0,0.0,0.0,0.0,0.0,0.0
None,241,84,0.0,0.0,0.0,0.0,0.0,0.0
None,"25,302","415,968",0.0,0.0,0.0,0.0,0.0,0.0
None,"136,466","117,414",0.0,0.0,0.0,0.0,0.0,0.0
None,"100,414","672,269",0.0,0.0,0.0,0.0,0.0,0.0
None,312,273,0.0,0.0,0.0,0.0,0.0,0.0
None,378,243,0.0,0.0,0.0,0.0,0.0,0.0
None,367,826,0.0,0.0,0.0,0.0,0.0,0.0
None,"454,455","905,108",0.0,0.0,0.0,0.0,0.0,0.0
None,"233,456","591,119",0.0,0.0,0.0,0.0,0.0,0.0
None,442,461,0.0,0.0,0.0,0.0,0.0,0.0
None,288,592,0.0,0.0,0.0,0.0,0.0,0.0
None,206,146,0.0,0.0,0.0,0.0,0.0,0.0
None,386,789,0.0,0.0,0.0,0.0,0.0,0.0
None,535,892,0.0,0.0,0.0,0.0,0.0,0.0
Cc1cccc2c1CCCC2N1C(=O)c2ccc(C3=CCC4C(=O)N(C)C(=O)C4=C3)cc2C1=O,538,249,72.06,53.89,91.23,369.72,3.81,0.3461
None,"550,11","227,359",0.0,0.0,0.0,0.0,0.0,0.0
Cc1cccc2cccc(N=Nc3cccc4cccc(N5C(=O)C6C7(F)C(=O)N(C)C(=O)C7C6(F)C5=O)c34)c12,374,89,80.13,56.73,95.2,354.03,4.54,0.3366
Cc1c(F)ccc2c(N3C(=O)C4=CC(C(=O)c5ccc6c(c5)C(=O)N(C)C6=O)=CCC4(C)C3=O)ccc(F)c12,295,240,61.08,16.38,135.05,323.88,3.82,0.3512
CN1C(=O)C2C3C(=O)N(c4ccc(C(C)(C)C)cc4)C(=O)C3(C)C2(C)C1=O,370,49,77.17,19.2,116.51,400.69,3.92,0.4504
None,147,982,0.0,0.0,0.0,0.0,0.0,0.0
None,298,251,0.0,0.0,0.0,0.0,0.0,0.0
CCCCc1ccc(N2C(=O)c3ccc(S(=O)c4ccc5c(c4)C(=O)N(C)C5=O)cc3C2=O)cc1,403,40,22.37,51.82,98.54,255.0,3.12,0.1094
Cc1cccc2c(N3C(=O)C4OC5C(=O)N(C)C(=O)C5C4C3=O)c(F)c(F)c(F)c12,"471,164","594,248",79.4,20.57,105.07,431.9,4.16,0.4537
None,469,83,0.0,0.0,0.0,0.0,0.0,0.0
None,98,378,0.0,0.0,0.0,0.0,0.0,0.0
None,"485,510","598,368",0.0,0.0,0.0,0.0,0.0,0.0
None,"52,405","989,415",0.0,0.0,0.0,0.0,0.0,0.0
None,"105,385","411,888",0.0,0.0,0.0,0.0,0.0,0.0
None,239,31,0.0,0.0,0.0,0.0,0.0,0.0
None,"553,46","983,773",0.0,0.0,0.0,0.0,0.0,0.0
Cc1ccc(C2=CC(C)(C)C(N3C(=O)C45CCCCC46C(=O)N(C)C(=O)C64CCCCC45C3=O)=CC2(C)C)cc1,"371,409","918,932",85.31,44.12,85.31,337.44,5.98,0.3496
None,"156,349","1001,425",0.0,0.0,0.0,0.0,0.0,0.0
None,"118,305","60,893",0.0,0.0,0.0,0.0,0.0,0.0
None,439,623,0.0,0.0,0.0,0.0,0.0,0.0
None,"125,121","24,273",0.0,0.0,0.0,0.0,0.0,0.0
None,49,886,0.0,0.0,0.0,0.0,0.0,0.0
Cc1ccc(OC2=CC=C(N3C(=O)C4C5C(=O)N(C)C(=O)C5(C)C4(C)C3=O)CC=C2)cc1,370,353,74.49,50.31,99.91,290.45,4.55,0.307
None,"54,52","681,689",0.0,0.0,0.0,0.0,0.0,0.0
None,"85,76","954,39",0.0,0.0,0.0,0.0,0.0,0.0
None,274,633,0.0,0.0,0.0,0.0,0.0,0.0
CC1=CC=C(C2(c3ccc(N4C(=O)c5ccc(OC6=CC=C7C(=O)N(C)C(=O)C7(C)C6)cc5C4=O)cc3)CCCCC2)CC1,9,712,60.07,53.78,97.56,284.26,4.07,0.2595
None,427,49,0.0,0.0,0.0,0.0,0.0,0.0
None,180,709,0.0,0.0,0.0,0.0,0.0,0.0
Cc1ccc(S(=O)(=O)c2ccc(N3C(=O)C4OC5C(=O)N(C)C(=O)C5C4C3=O)cc2C)cc1,471,831,76.97,43.97,90.07,370.06,3.83,0.3875
None,224,341,0.0,0.0,0.0,0.0,0.0,0.0
Cc1ccc(S(=O)(=O)c2ccc(N3C(=O)C4OC5C(=O)N(C)C(=O)C5C4C3=O)cn2)nc1,"471,298,470","127,455,828",75.75,36.55,91.24,411.97,4.21,0.3893
None,281,688,0.0,0.0,0.0,0.0,0.0,0.0
None,37,705,0.0,0.0,0.0,0.0,0.0,0.0
None,179,891,0.0,0.0,0.0,0.0,0.0,0.0
None,472,969,0.0,0.0,0.0,0.0,0.0,0.0
None,"130,267","787,113",0.0,0.0,0.0,0.0,0.0,0.0
Cc1ccc2c(c1)C(=O)c1cc(N3C(=O)C4OC5C(=O)N(C)C(=O)C5C4C3=O)ccc1-2,471,505,74.23,13.29,125.27,425.42,3.87,0.4569
None,427,755,0.0,0.0,0.0,0.0,0.0,0.0
Cc1ccc(-c2cc(N3C(=O)C4C=CC=C(Oc5ccc6c(c5)C(=O)N(C)C6=O)C4C3=O)c3ccccc3c2)cc1,7,83,72.29,39.31,109.18,325.27,3.67,0.3734
Cc1ccc(-c2ccc3c(C)cc(N4C(=O)C5C6C(=O)N(C)C(=O)C6C5C4=O)cc3c2)cc1,"337,544","579,932",77.58,9.14,125.64,400.05,3.63,0.4903
None,188,835,0.0,0.0,0.0,0.0,0.0,0.0
None,"120,254","598,222",0.0,0.0,0.0,0.0,0.0,0.0
None,"510,54,378","847,221,773",0.0,0.0,0.0,0.0,0.0,0.0
None,309,293,0.0,0.0,0.0,0.0,0.0,0.0
None,"160,296","168,434",0.0,0.0,0.0,0.0,0.0,0.0
Cc1ccc(-c2ccc(N3C(=O)c4ccc(CCCCC5=CC6C(=O)N(C)C(=O)C6C=C5)cc4C3=O)cc2)nc1,151,534,40.37,38.07,116.22,302.95,3.68,0.2072
None,359,685,0.0,0.0,0.0,0.0,0.0,0.0
None,393,393,0.0,0.0,0.0,0.0,0.0,0.0
None,10,784,0.0,0.0,0.0,0.0,0.0,0.0
None,406,853,0.0,0.0,0.0,0.0,0.0,0.0
None,224,321,0.0,0.0,0.0,0.0,0.0,0.0
None,66,593,0.0,0.0,0.0,0.0,0.0,0.0
None,462,26,0.0,0.0,0.0,0.0,0.0,0.0
None,36,751,0.0,0.0,0.0,0.0,0.0,0.0
None,"289,112,408","697,478,706",0.0,0.0,0.0,0.0,0.0,0.0
None,516,283,0.0,0.0,0.0,0.0,0.0,0.0
None,568,656,0.0,0.0,0.0,0.0,0.0,0.0
None,90,260,0.0,0.0,0.0,0.0,0.0,0.0
None,"535,412,15","415,547,910",0.0,0.0,0.0,0.0,0.0,0.0
CC1C=CC(Cc2ccc(N3C(=O)c4ccc(C5=C6C(=O)N(C)C(=O)C6CC=C5)cc4C3=O)cc2)=CC1(Cl)Cl,516,841,75.32,51.93,90.81,294.09,4.25,0.3205
None,459,278,0.0,0.0,0.0,0.0,0.0,0.0
Cc1c(C)c2ccc3cc(N4C(=O)C5C(=O)N(C)C(=O)C5C4=O)cc4c(C)c(C)c(c1C)c2c34,355,614,83.03,6.65,111.34,469.81,3.75,0.541
Cc1cc2c(C)cccc2cc1-c1ccc(N2C(=O)c3cc4c(cc3C2=O)CC2C(=O)N(C)C(=O)C2C4)cc1,245,167,67.48,47.13,130.99,344.07,3.47,0.3561
None,396,444,0.0,0.0,0.0,0.0,0.0,0.0
None,"190,154","446,684",0.0,0.0,0.0,0.0,0.0,0.0
None,"63,341","904,309",0.0,0.0,0.0,0.0,0.0,0.0
COc1ccc(N2C(=O)c3cc4cc5ccccc5c(-c5ccc6c(c5)C(=O)N(C)C6=O)c4cc3C2=O)cc1,74,303,3.77,37.76,150.02,317.81,2.54,0.023
None,527,625,0.0,0.0,0.0,0.0,0.0,0.0
None,71,574,0.0,0.0,0.0,0.0,0.0,0.0
None,569,932,0.0,0.0,0.0,0.0,0.0,0.0
None,118,412,0.0,0.0,0.0,0.0,0.0,0.0
None,312,289,0.0,0.0,0.0,0.0,0.0,0.0
None,"233,497","612,975",0.0,0.0,0.0,0.0,0.0,0.0
None,"406,81,553,138","469,519,298,125",0.0,0.0,0.0,0.0,0.0,0.0
CC1=C(C2CC(=O)N(C)C2=O)CCC2C(=O)N(c3ccc4c(c3)OCCOCCOc3cc(C)ccc3OCCOCCOCCO4)C(=O)C12,484,393,89.52,63.42,69.17,258.21,4.74,0.3043
None,178,511,0.0,0.0,0.0,0.0,0.0,0.0
None,279,328,0.0,0.0,0.0,0.0,0.0,0.0
None,430,387,0.0,0.0,0.0,0.0,0.0,0.0
None,241,281,0.0,0.0,0.0,0.0,0.0,0.0
None,139,969,0.0,0.0,0.0,0.0,0.0,0.0
None,37,735,0.0,0.0,0.0,0.0,0.0,0.0
None,"4,349","550,645",0.0,0.0,0.0,0.0,0.0,0.0
None,"343,531","199,348",0.0,0.0,0.0,0.0,0.0,0.0
None,"112,530","447,449",0.0,0.0,0.0,0.0,0.0,0.0
None,565,487,0.0,0.0,0.0,0.0,0.0,0.0
None,"105,478","389,191",0.0,0.0,0.0,0.0,0.0,0.0
None,448,324,0.0,0.0,0.0,0.0,0.0,0.0
Cc1ccc(S(=O)(=O)c2ccc(N3C(=O)C4C=CC(C5(c6ccc7c(c6)C(=O)N(C)C7=O)c6ccccc6-c6ccccc65)=CC4C3=O)cc2Cl)c(Cl)c1,"339,47","815,952",83.72,35.63,88.16,398.32,4.19,0.4275
None,400,151,0.0,0.0,0.0,0.0,0.0,0.0
None,"220,382","961,26",0.0,0.0,0.0,0.0,0.0,0.0
None,"114,120,464","603,139,475",0.0,0.0,0.0,0.0,0.0,0.0
None,65,897,0.0,0.0,0.0,0.0,0.0,0.0
None,423,384,0.0,0.0,0.0,0.0,0.0,0.0
None,508,379,0.0,0.0,0.0,0.0,0.0,0.0
None,354,752,0.0,0.0,0.0,0.0,0.0,0.0
None,267,516,0.0,0.0,0.0,0.0,0.0,0.0
None,238,812,0.0,0.0,0.0,0.0,0.0,0.0
Cc1ccc(C2=CC(C)(C)C(N3C(=O)c4ccc(C(=O)C5=CCC6C(=O)N(C)C(=O)C6=C5)cc4C3=O)=CC2(C)C)cc1,"172,504","779,932",78.93,23.62,90.87,314.3,4.1,0.406
None,"278,429","708,640",0.0,0.0,0.0,0.0,0.0,0.0
None,346,83,0.0,0.0,0.0,0.0,0.0,0.0
None,123,486,0.0,0.0,0.0,0.0,0.0,0.0
None,455,728,0.0,0.0,0.0,0.0,0.0,0.0
None,25,30,0.0,0.0,0.0,0.0,0.0,0.0
None,277,371,0.0,0.0,0.0,0.0,0.0,0.0
Cc1c(-c2ccc3c(c2)C(=O)N(c2ccc4ccc5ccc(C)c6ccc2c4c56)C3=O)ccc2c1C(=O)N(C)C2=O,314,632,1.32,8.96,181.14,372.18,2.84,0.0092
None,289,595,0.0,0.0,0.0,0.0,0.0,0.0
Cc1ccc(C2(c3ccc(N4C(=O)c5ccc([Si](c6ccccc6)(c6ccccc6)c6ccc7c(c6)C(=O)N(C)C7=O)cc5C4=O)cc3)c3cc(S(=O)(=O)O)ccc3-c3ccc(S(=O)(=O)O)cc32)cc1,"79,382","677,870",81.22,48.88,85.04,376.75,3.73,0.4046
None,398,829,0.0,0.0,0.0,0.0,0.0,0.0
None,31,870,0.0,0.0,0.0,0.0,0.0,0.0
None,"483,429","800,675",0.0,0.0,0.0,0.0,0.0,0.0
None,527,490,0.0,0.0,0.0,0.0,0.0,0.0
None,196,700,0.0,0.0,0.0,0.0,0.0,0.0
Cc1ccc2c(c1)C1c3ccccc3C2c2cc(N3C(=O)C4C(C3=O)C3(F)C(=O)N(C)C(=O)C43F)ccc21,"128,373","940,1001",77.18,44.46,87.14,419.27,5.2,0.3415
None,398,413,0.0,0.0,0.0,0.0,0.0,0.0
None,115,703,0.0,0.0,0.0,0.0,0.0,0.0
None,308,571,0.0,0.0,0.0,0.0,0.0,0.0
None,169,349,0.0,0.0,0.0,0.0,0.0,0.0
None,"516,280","450,200",0.0,0.0,0.0,0.0,0.0,0.0
None,139,737,0.0,0.0,0.0,0.0,0.0,0.0
None,323,196,0.0,0.0,0.0,0.0,0.0,0.0
None,455,508,0.0,0.0,0.0,0.0,0.0,0.0
None,"19,96","257,554",0.0,0.0,0.0,0.0,0.0,0.0
None,224,446,0.0,0.0,0.0,0.0,0.0,0.0
Cc1ccc2c(c1)c(=O)oc1cc(N3C(=O)C4CCC5CC6C(=O)N(C)C(=O)C6CC5C4C3=O)ccc12,86,502,79.9,47.53,105.88,391.21,4.22,0.3868
None,"483,156","427,747",0.0,0.0,0.0,0.0,0.0,0.0
CCCCC(C)CCCc1ccc(N2C(=O)C3=CC=C(Oc4ccc5c(c4)C(=O)N(C)C5=O)C(C)C3C2=O)cc1,2,496,75.57,55.39,86.51,220.56,3.98,0.3049
None,"227,435","657,358",0.0,0.0,0.0,0.0,0.0,0.0
None,104,80,0.0,0.0,0.0,0.0,0.0,0.0
Cc1ccc2c(-c3ccc(N4C(=O)c5ccc(C6CCC7C(=O)N(C)C(=O)C7C6)cc5C4=O)cc3)c3cc(C)ccc3nc2c1,24,886,68.75,40.84,96.42,403.85,3.73,0.3673
None,428,759,0.0,0.0,0.0,0.0,0.0,0.0
None,"347,38","994,333",0.0,0.0,0.0,0.0,0.0,0.0
None,"236,285","216,52",0.0,0.0,0.0,0.0,0.0,0.0
C=Cc1cc(C)ccc1-c1ccc(N2C(=O)C3C(=O)N(C)C(=O)C3C2=O)cc1,"88,355","943,239",59.53,21.47,138.71,398.39,3.36,0.3717
None,37,719,0.0,0.0,0.0,0.0,0.0,0.0
None,"60,113,145","211,484,14",0.0,0.0,0.0,0.0,0.0,0.0
None,475,267,0.0,0.0,0.0,0.0,0.0,0.0
None,473,381,0.0,0.0,0.0,0.0,0.0,0.0
Cc1ccc2c(c1)S(=O)(=O)c1cc(-n3c(=O)c4c5ccccccc6c7c(=O)n(C)c(=O)c7c7ccccccc(c4c3=O)c7c65)ccc1O2,237,655,17.2,39.49,100.5,389.53,3.66,0.0926
Cc1ccc(C#CC#Cc2ccc(N3C(=O)c4ccc(C5(c6ccc7c(c6)C(=O)N(C)C7=O)c6ccccc6C6CCCCC65)cc4C3=O)c(F)c2)cc1F,152,481,74.23,50.16,104.71,308.71,4.47,0.3172
Cc1cc(F)c(-c2ccc(N3C(=O)c4cc5cc6ccccc6c(-c6ccc7c(c6)C(=O)N(C)C7=O)c5cc4C3=O)cc2)c(F)c1F,74,763,1.08,28.99,139.36,358.42,2.97,0.0067
None,254,87,0.0,0.0,0.0,0.0,0.0,0.0
None,451,733,0.0,0.0,0.0,0.0,0.0,0.0
None,238,342,0.0,0.0,0.0,0.0,0.0,0.0
None,97,337,0.0,0.0,0.0,0.0,0.0,0.0
None,"103,340","940,177",0.0,0.0,0.0,0.0,0.0,0.0
None,396,937,0.0,0.0,0.0,0.0,0.0,0.0
None,"474,34","690,173",0.0,0.0,0.0,0.0,0.0,0.0
None,341,480,0.0,0.0,0.0,0.0,0.0,0.0
None,76,908,0.0,0.0,0.0,0.0,0.0,0.0
None,531,859,0.0,0.0,0.0,0.0,0.0,0.0
None,"564,22","621,307",0.0,0.0,0.0,0.0,0.0,0.0
CC1=CCC=Cc2c1cccc2N1C(=O)c2ccc(C3CCC4C(=O)N(C)C(=O)C4C3)cc2C1=O,"24,146,279","276,624,162",78.91,50.34,92.26,384.21,3.97,0.3826
None,338,1002,0.0,0.0,0.0,0.0,0.0,0.0
Cc1ccc(C#Cc2ccc(N3C(=O)C4=CC(C(c5ccc6c(c5)C(=O)N(C)C6=O)(C(F)(F)F)C(F)(F)F)=CCC4(C)C3=O)cc2)cc1,301,971,79.74,56.63,108.08,283.77,4.01,0.3456
None,"207,307","87,887",0.0,0.0,0.0,0.0,0.0,0.0
None,"102,306,369,309","919,1000,409,713",0.0,0.0,0.0,0.0,0.0,0.0
None,"72,12,405","791,875,934",0.0,0.0,0.0,0.0,0.0,0.0
None,115,986,0.0,0.0,0.0,0.0,0.0,0.0
None,30,28,0.0,0.0,0.0,0.0,0.0,0.0
Cc1ccc2cc3ccc(N4C(=O)C5C=c6cc7c(cc6=CC5C4=O)C(=O)N(C)C7=O)c(C)c3nc2c1C,"550,551,446","411,458,876",78.23,9.11,120.98,460.32,4.0,0.4924
None,319,472,0.0,0.0,0.0,0.0,0.0,0.0
None,39,657,0.0,0.0,0.0,0.0,0.0,0.0
Cc1ccc(-c2ccc3ccc4c(N5C(=O)c6cc7cc(-c8ccc9c(c8)C(=O)N(C)C9=O)cc(C(F)(F)C(F)(F)C(F)(F)C(F)(F)C(F)(F)C(F)(F)C(F)(F)C(F)(F)F)c7cc6C5=O)ccc5ccc2c3c54)cc1,"289,435","447,595",34.17,34.08,121.86,366.0,4.03,0.1803
Cc1cc2ccccc2c2cccc(N3C(=O)c4cc5ccc(-c6ccc7c(c6)C(=O)N(C)C7=O)cc5cc4C3=O)c12,205,88,0.63,32.54,192.21,363.68,2.71,0.0041
None,"154,325","508,541",0.0,0.0,0.0,0.0,0.0,0.0
None,419,989,0.0,0.0,0.0,0.0,0.0,0.0
None,"535,84","733,368",0.0,0.0,0.0,0.0,0.0,0.0
None,"41,310","524,726",0.0,0.0,0.0,0.0,0.0,0.0
None,46,788,0.0,0.0,0.0,0.0,0.0,0.0
None,448,969,0.0,0.0,0.0,0.0,0.0,0.0
None,299,132,0.0,0.0,0.0,0.0,0.0,0.0
None,"401,148","409,964",0.0,0.0,0.0,0.0,0.0,0.0
None,"505,30","781,508",0.0,0.0,0.0,0.0,0.0,0.0
None,485,578,0.0,0.0,0.0,0.0,0.0,0.0
None,199,699,0.0,0.0,0.0,0.0,0.0,0.0
None,469,289,0.0,0.0,0.0,0.0,0.0,0.0
None,419,865,0.0,0.0,0.0,0.0,0.0,0.0
None,308,960,0.0,0.0,0.0,0.0,0.0,0.0
None,144,536,0.0,0.0,0.0,0.0,0.0,0.0
None,287,86,0.0,0.0,0.0,0.0,0.0,0.0
None,457,985,0.0,0.0,0.0,0.0,0.0,0.0
None,413,940,0.0,0.0,0.0,0.0,0.0,0.0
Cc1cc2nc3ccc(N4C(=O)c5ccc(-c6c7c(=O)oc(=O)c7cc7c(=O)n(C)c(=O)c67)cc5C4=O)cc3nc2cc1C,"173,307","593,664",0.55,3.89,182.35,421.64,3.14,0.0039
Cc1ccc2cc3c(cc2c1)C(C)(c1ccccc1)c1cc2cc(N4C(=O)c5ccc(C#CCCCCC#Cc6ccc7c(c6)C(=O)N(C)C7=O)cc5C4=O)ccc2cc1O3,218,438,34.56,52.32,97.19,236.06,4.16,0.1418
Cc1c(F)cc2cc(N3C(=O)c4ccc(S(=O)c5ccc6c(c5)C(=O)N(C)C6=O)cc4C3=O)ccc2c1F,"342,403","232,590",21.09,47.39,97.29,331.71,3.46,0.107
None,483,323,0.0,0.0,0.0,0.0,0.0,0.0
None,395,505,0.0,0.0,0.0,0.0,0.0,0.0
None,501,388,0.0,0.0,0.0,0.0,0.0,0.0
None,"119,422","968,557",0.0,0.0,0.0,0.0,0.0,0.0
None,390,590,0.0,0.0,0.0,0.0,0.0,0.0
None,428,352,0.0,0.0,0.0,0.0,0.0,0.0
None,299,456,0.0,0.0,0.0,0.0,0.0,0.0
None,543,119,0.0,0.0,0.0,0.0,0.0,0.0
None,510,277,0.0,0.0,0.0,0.0,0.0,0.0
None,215,592,0.0,0.0,0.0,0.0,0.0,0.0
None,27,874,0.0,0.0,0.0,0.0,0.0,0.0
None,90,618,0.0,0.0,0.0,0.0,0.0,0.0
None,"112,450,279","348,401,853",0.0,0.0,0.0,0.0,0.0,0.0
None,569,970,0.0,0.0,0.0,0.0,0.0,0.0
Cc1ccc2c(F)c(N3C(=O)C4C5CCC(C6C(=O)N(C)C(=O)C56)C4C3=O)c(F)cc2c1,496,232,78.32,34.12,105.56,390.93,4.86,0.3718
Cc1ccc2ccc3c(-c4ccc(N5C(=O)CC(C6CC7C(=O)N(C)C(=O)C7c7ccccc76)C5=O)cc4)ccc4ccc1c2c43,"60,564","447,306",79.73,35.76,113.7,372.77,4.01,0.4176
C=C(c1ccc(C)cc1)c1ccc(N2C(=O)c3ccc(S(C)(C)c4ccc5c(c4)C(=O)N(C)C5=O)cc3C2=O)cc1,380,967,50.23,48.49,109.68,291.65,2.85,0.2687
None,307,606,0.0,0.0,0.0,0.0,0.0,0.0
None,225,464,0.0,0.0,0.0,0.0,0.0,0.0
None,"58,258","862,978",0.0,0.0,0.0,0.0,0.0,0.0
Cc1cccc2c(N3C(=O)CC(C)(c4ccc5c(c4)C(=O)N(C)C5=O)C3=O)ccc(C#N)c12,528,132,60.53,47.4,138.23,317.8,3.33,0.3203
None,95,600,0.0,0.0,0.0,0.0,0.0,0.0
None,176,388,0.0,0.0,0.0,0.0,0.0,0.0
None,126,475,0.0,0.0,0.0,0.0,0.0,0.0
None,199,62,0.0,0.0,0.0,0.0,0.0,0.0
Cc1cccc2cc3ccccc3c(N3C(=O)C4(C)C5(C)C(=O)N(C)C(=O)C5(C)C4(C)C3=O)c12,377,220,71.83,46.6,148.64,366.47,4.17,0.3587
None,147,494,0.0,0.0,0.0,0.0,0.0,0.0
None,387,685,0.0,0.0,0.0,0.0,0.0,0.0
None,216,58,0.0,0.0,0.0,0.0,0.0,0.0
None,509,624,0.0,0.0,0.0,0.0,0.0,0.0
None,501,813,0.0,0.0,0.0,0.0,0.0,0.0
None,310,87,0.0,0.0,0.0,0.0,0.0,0.0
None,291,243,0.0,0.0,0.0,0.0,0.0,0.0
None,"535,420","115,155",0.0,0.0,0.0,0.0,0.0,0.0
None,444,921,0.0,0.0,0.0,0.0,0.0,0.0
Cc1cc(C)c2c(N3C(=O)c4ccc(C5(c6ccc7c(c6)C(=O)N(C)C7=O)CCc6ccccc65)cc4C3=O)cccc2c1,202,99,59.88,41.87,142.26,340.86,3.48,0.3258
None,558,234,0.0,0.0,0.0,0.0,0.0,0.0
None,217,119,0.0,0.0,0.0,0.0,0.0,0.0
None,209,13,0.0,0.0,0.0,0.0,0.0,0.0
None,291,497,0.0,0.0,0.0,0.0,0.0,0.0
None,310,97,0.0,0.0,0.0,0.0,0.0,0.0
None,460,4,0.0,0.0,0.0,0.0,0.0,0.0
None,"62,168","695,725",0.0,0.0,0.0,0.0,0.0,0.0
None,185,969,0.0,0.0,0.0,0.0,0.0,0.0
None,561,315,0.0,0.0,0.0,0.0,0.0,0.0
None,239,285,0.0,0.0,0.0,0.0,0.0,0.0
None,42,940,0.0,0.0,0.0,0.0,0.0,0.0
None,177,869,0.0,0.0,0.0,0.0,0.0,0.0
CCC(C)c1ccc(N2C(=O)c3ccc(S(C)(C)c4ccc5c(c4)C(=O)N(C)C5=O)cc3C2=O)cc1,380,29,75.0,53.35,94.47,268.0,3.16,0.3643
None,209,504,0.0,0.0,0.0,0.0,0.0,0.0
None,"301,338","741,674",0.0,0.0,0.0,0.0,0.0,0.0
None,215,880,0.0,0.0,0.0,0.0,0.0,0.0
None,39,625,0.0,0.0,0.0,0.0,0.0,0.0
None,195,12,0.0,0.0,0.0,0.0,0.0,0.0
None,"290,326","19,383",0.0,0.0,0.0,0.0,0.0,0.0
None,"169,323","594,66",0.0,0.0,0.0,0.0,0.0,0.0
None,"286,455","956,271",0.0,0.0,0.0,0.0,0.0,0.0
None,367,893,0.0,0.0,0.0,0.0,0.0,0.0
CSc1cccc(C(Cl)(C2CCC(C#CN3C(=O)c4ccc(C5(C6=CC7C(=O)N(C)C(=O)C7C=C6)c6ccccc6-c6ccccc65)cc4C3=O)CC2)C(F)(F)C(F)(F)Cl)c1-c1ccc(C)cc1,"304,47,2,121","46,748,855,493",84.75,50.59,80.82,250.14,5.31,0.3023
None,"233,391","950,1000",0.0,0.0,0.0,0.0,0.0,0.0
None,239,461,0.0,0.0,0.0,0.0,0.0,0.0
None,"211,125","683,399",0.0,0.0,0.0,0.0,0.0,0.0
None,254,546,0.0,0.0,0.0,0.0,0.0,0.0
None,394,262,0.0,0.0,0.0,0.0,0.0,0.0
None,503,292,0.0,0.0,0.0,0.0,0.0,0.0
None,"341,389","452,250",0.0,0.0,0.0,0.0,0.0,0.0
None,"251,38","841,544",0.0,0.0,0.0,0.0,0.0,0.0
None,"17,395","275,437",0.0,0.0,0.0,0.0,0.0,0.0
None,322,1000,0.0,0.0,0.0,0.0,0.0,0.0
None,"193,57","815,820",0.0,0.0,0.0,0.0,0.0,0.0
None,60,332,0.0,0.0,0.0,0.0,0.0,0.0
None,87,703,0.0,0.0,0.0,0.0,0.0,0.0
None,568,297,0.0,0.0,0.0,0.0,0.0,0.0
None,408,106,0.0,0.0,0.0,0.0,0.0,0.0
None,"426,161","918,375",0.0,0.0,0.0,0.0,0.0,0.0
Cc1ccc2c(N3C(=O)C4C5C(=O)N(C)C(=O)C5(C)C4(C)C3=O)c(C)ccc2c1C,370,973,74.48,13.49,120.32,465.89,4.16,0.4541
None,183,345,0.0,0.0,0.0,0.0,0.0,0.0
None,"54,106","600,755",0.0,0.0,0.0,0.0,0.0,0.0
None,548,41,0.0,0.0,0.0,0.0,0.0,0.0
None,512,381,0.0,0.0,0.0,0.0,0.0,0.0
None,487,832,0.0,0.0,0.0,0.0,0.0,0.0
None,"41,478","466,402",0.0,0.0,0.0,0.0,0.0,0.0
None,387,427,0.0,0.0,0.0,0.0,0.0,0.0
None,245,595,0.0,0.0,0.0,0.0,0.0,0.0
Cc1ccc2c(C)c3ccc(N4C(=O)C5CC6CC7C(=O)N(C)C(=O)C7C6CC5C4=O)cc3nc2c1,351,661,79.85,47.51,104.93,446.35,4.19,0.4055
None,"60,400","765,867",0.0,0.0,0.0,0.0,0.0,0.0
None,461,692,0.0,0.0,0.0,0.0,0.0,0.0
None,145,23,0.0,0.0,0.0,0.0,0.0,0.0
None,242,207,0.0,0.0,0.0,0.0,0.0,0.0
None,10,452,0.0,0.0,0.0,0.0,0.0,0.0
None,428,242,0.0,0.0,0.0,0.0,0.0,0.0
None,292,255,0.0,0.0,0.0,0.0,0.0,0.0
Cc1ccc(C)c2c(N3C(=O)C4(C)C5(C)C(=O)N(C)C(=O)C5(C)C4(C)C3=O)ccc(C)c12,"377,77","708,105",74.2,15.86,135.62,420.46,4.21,0.4372
None,266,387,0.0,0.0,0.0,0.0,0.0,0.0
CC1CCCc2c1cccc2N1C(=O)C2C3CC(C4C(=O)N(C)C(=O)C34)C2C1=O,572,249,79.94,42.14,88.39,376.63,4.85,0.3532
None,521,78,0.0,0.0,0.0,0.0,0.0,0.0
Cc1ccc2c(c1)Cc1cc(N3C(=O)C4C5C(=O)N(C)C(=O)C5C4C3=O)c(Br)cc1-2,"544,31","325,521",76.6,23.64,101.45,406.29,3.93,0.4345
None,"12,510","428,10",0.0,0.0,0.0,0.0,0.0,0.0
None,90,388,0.0,0.0,0.0,0.0,0.0,0.0
None,242,926,0.0,0.0,0.0,0.0,0.0,0.0
None,489,56,0.0,0.0,0.0,0.0,0.0,0.0
CCCC(C)(CCC)c1ccc(N2C(=O)c3ccc(C4(c5ccc6c(c5)C(=O)N(C)C6=O)c5cc(C)ccc5-c5ccc(C)cc54)cc3C2=O)cc1,190,16,61.22,37.59,107.84,352.71,3.26,0.3419
None,167,358,0.0,0.0,0.0,0.0,0.0,0.0
Cc1cc(C)cc(-c2ccc(-n3c(=O)c4cc5c(=O)oc(=O)c5c(-c5c(C)cccc5-c5ccc6c(c5)C(=O)N(C)C6=O)c4c3=O)cc2)c1,"135,173","407,303",2.78,20.95,168.68,375.3,3.14,0.0179
None,"72,476","167,522",0.0,0.0,0.0,0.0,0.0,0.0
None,"207,299","413,376",0.0,0.0,0.0,0.0,0.0,0.0
Cc1ccccc1N=Nc1ccccc1N1C(=O)C2C3C(=O)N(C)C(=O)C3C2C1=O,"544,229","627,6",78.91,33.31,133.45,401.99,3.87,0.4418
None,360,392,0.0,0.0,0.0,0.0,0.0,0.0
None,526,476,0.0,0.0,0.0,0.0,0.0,0.0
CC1=C(c2c(N3C(=O)c4ccc(C5=C6C(=O)N(C)C(=O)C6=CCC5)cc4C3=O)ccc3ccccc23)C2C=CC=CC2=CC1,"343,97,517","204,600,581",12.53,35.62,89.9,352.5,4.04,0.063
None,"18,12,175","629,477,865",0.0,0.0,0.0,0.0,0.0,0.0
CC1=CC(c2ccc(N3C(=O)c4ccc(C5CC6CC5C5C(=O)N(C)C(=O)C65)cc4C3=O)cc2)CC=C1,64,333,76.19,53.35,89.71,368.23,4.99,0.3061
None,32,65,0.0,0.0,0.0,0.0,0.0,0.0
Cc1ccc(C2(c3ccc(-n4c(=O)c5cc6ccc7cc8c(=O)n(C)c(=O)c8cc7ccc6cc5c4=O)c(Cl)c3)c3ccccc3-c3ccccc32)cc1Cl,"238,122,223","900,104,839",3.65,27.44,142.31,425.37,3.17,0.0232
None,252,200,0.0,0.0,0.0,0.0,0.0,0.0
None,213,770,0.0,0.0,0.0,0.0,0.0,0.0
None,155,507,0.0,0.0,0.0,0.0,0.0,0.0
None,66,776,0.0,0.0,0.0,0.0,0.0,0.0
Cc1cnc2cc3ncc(N4C(=O)C5CCC6CC7C(=O)N(C)C(=O)C7CC6C5C4=O)cc3cc2c1,"86,45","609,670",79.7,50.0,107.32,433.17,4.38,0.3863
None,"212,564,468","739,504,353",0.0,0.0,0.0,0.0,0.0,0.0
None,"227,120,368","117,189,684",0.0,0.0,0.0,0.0,0.0,0.0
None,456,71,0.0,0.0,0.0,0.0,0.0,0.0
None,257,600,0.0,0.0,0.0,0.0,0.0,0.0
Cc1ccc2c(c1)Oc1cc(N3C(=O)C4=CC=C(Oc5ccc6c(c5)C(=O)N(C)C6=O)CC4(C)C3=O)ccc1N2,9,667,40.65,54.95,108.52,315.51,3.82,0.1883
None,"297,135,92,395","727,663,480,310",0.0,0.0,0.0,0.0,0.0,0.0
Cc1c(F)c(F)c(N2C(=O)C3C4C(=O)N(C)C(=O)C4C3C2=O)c2ccccc12,544,178,78.84,18.49,116.13,443.97,3.87,0.4776
None,"565,163","679,102",0.0,0.0,0.0,0.0,0.0,0.0
None,575,432,0.0,0.0,0.0,0.0,0.0,0.0
None,511,844,0.0,0.0,0.0,0.0,0.0,0.0
None,246,69,0.0,0.0,0.0,0.0,0.0,0.0
CC1=C2C(=O)N(c3ccc4c5c(cccc35)-c3ccc(C)cc3-4)C(=O)C2=CC(Oc2ccc3c(c2)C(=O)N(C)C3=O)=CC1,126,645,12.67,47.45,107.55,329.99,3.28,0.0663
None,6,252,0.0,0.0,0.0,0.0,0.0,0.0
None,167,897,0.0,0.0,0.0,0.0,0.0,0.0
None,11,218,0.0,0.0,0.0,0.0,0.0,0.0
None,"227,544,276","42,37,942",0.0,0.0,0.0,0.0,0.0,0.0
None,338,309,0.0,0.0,0.0,0.0,0.0,0.0
None,415,438,0.0,0.0,0.0,0.0,0.0,0.0
None,"119,10","573,159",0.0,0.0,0.0,0.0,0.0,0.0
None,431,647,0.0,0.0,0.0,0.0,0.0,0.0
None,535,369,0.0,0.0,0.0,0.0,0.0,0.0
None,"315,56","400,450",0.0,0.0,0.0,0.0,0.0,0.0
None,405,806,0.0,0.0,0.0,0.0,0.0,0.0
None,"117,462","655,394",0.0,0.0,0.0,0.0,0.0,0.0
Cc1ccc(-c2c(C)c(C)c(N3C(=O)C45CCCCC46C(=O)N(C)C(=O)C64CCCCC45C3=O)c(C)c2C)cc1,371,816,83.16,35.32,88.73,453.37,5.5,0.399
None,46,783,0.0,0.0,0.0,0.0,0.0,0.0
None,395,670,0.0,0.0,0.0,0.0,0.0,0.0
None,499,330,0.0,0.0,0.0,0.0,0.0,0.0
None,"21,146","779,627",0.0,0.0,0.0,0.0,0.0,0.0
None,"278,236,279","181,130,859",0.0,0.0,0.0,0.0,0.0,0.0
None,455,36,0.0,0.0,0.0,0.0,0.0,0.0
Cc1ccc2c(c1)NC(=O)C2(C)c1ccc(N2C(=O)C3=CC=C(C(=O)c4ccc5c(c4)C(=O)N(C)C5=O)CC3C2=O)cc1,336,802,73.38,17.63,95.07,343.95,4.08,0.3995
None,"100,308","19,375",0.0,0.0,0.0,0.0,0.0,0.0
None,"25,412","445,834",0.0,0.0,0.0,0.0,0.0,0.0
None,34,475,0.0,0.0,0.0,0.0,0.0,0.0
None,"107,196","133,569",0.0,0.0,0.0,0.0,0.0,0.0
None,150,587,0.0,0.0,0.0,0.0,0.0,0.0
None,229,922,0.0,0.0,0.0,0.0,0.0,0.0
None,266,731,0.0,0.0,0.0,0.0,0.0,0.0
C=Cc1ccc(C)c2c(N3C(=O)c4ccc(-c5ccc6c(c5)C(=O)N(C)C6=O)cc4C3=O)ccc(C=C)c12,1,156,0.83,29.28,193.4,326.65,2.94,0.0052
None,"197,422","984,219",0.0,0.0,0.0,0.0,0.0,0.0
None,"370,503","944,329",0.0,0.0,0.0,0.0,0.0,0.0
None,405,129,0.0,0.0,0.0,0.0,0.0,0.0
None,"325,210","802,806",0.0,0.0,0.0,0.0,0.0,0.0
None,177,280,0.0,0.0,0.0,0.0,0.0,0.0
CC(C)C(C)c1ccc(N2C(=O)c3ccc(C4=C5C(=O)N(C)C(=O)C5=CCC4)cc3C2=O)cc1,517,15,68.28,53.46,96.76,305.94,3.36,0.3335
Cc1ccc(S(=O)(=O)c2ccc(N3C(=O)c4ccc(-c5c6c(cc7ccccc57)C(=O)N(C)C6=O)cc4C3=O)cc2)cn1,"161,575","875,844",55.49,41.72,106.46,359.44,2.81,0.322
None,203,983,0.0,0.0,0.0,0.0,0.0,0.0
None,328,13,0.0,0.0,0.0,0.0,0.0,0.0
None,81,273,0.0,0.0,0.0,0.0,0.0,0.0
CC1=CC2Nc3cc(N4C(=O)c5ccc(S(=O)c6ccc7c(c6)C(=O)N(C)C7=O)cc5C4=O)ccc3C(=O)C2C=C1,403,660,75.29,46.45,93.46,385.36,4.33,0.355
Cc1cc(F)c2cc(N3C(=O)c4ccc(OC5=CCC6C(=O)N(C)C(=O)C6=C5)cc4C3=O)ccc2c1,22,453,38.97,50.86,95.42,307.96,3.55,0.188
None,"58,431,567","826,498,922",0.0,0.0,0.0,0.0,0.0,0.0
None,430,775,0.0,0.0,0.0,0.0,0.0,0.0
Cc1ccc(SC2(N3C(=O)C4(C)C(C)(C3=O)C3(F)C(=O)N(C)C(=O)C43F)C=CC=CC2)cc1,"363,288","803,347",78.53,56.94,93.3,260.57,5.07,0.2754
None,110,939,0.0,0.0,0.0,0.0,0.0,0.0
None,"25,326","532,832",0.0,0.0,0.0,0.0,0.0,0.0
None,157,300,0.0,0.0,0.0,0.0,0.0,0.0
None,436,497,0.0,0.0,0.0,0.0,0.0,0.0
None,494,207,0.0,0.0,0.0,0.0,0.0,0.0
None,142,578,0.0,0.0,0.0,0.0,0.0,0.0
None,"165,433","45,125",0.0,0.0,0.0,0.0,0.0,0.0
None,55,324,0.0,0.0,0.0,0.0,0.0,0.0
None,"109,344","755,567",0.0,0.0,0.0,0.0,0.0,0.0
None,244,375,0.0,0.0,0.0,0.0,0.0,0.0
None,228,629,0.0,0.0,0.0,0.0,0.0,0.0
None,"165,24","629,183",0.0,0.0,0.0,0.0,0.0,0.0
None,193,439,0.0,0.0,0.0,0.0,0.0,0.0
Cc1cc(C)c2c(C)cccc2c1N1C(=O)c2ccc(-c3c(C)c(C)c4c(c3C)C(=O)N(C)C4=O)cc2C1=O,330,164,70.7,25.22,128.14,464.5,3.0,0.4671
None,567,1,0.0,0.0,0.0,0.0,0.0,0.0
None,362,892,0.0,0.0,0.0,0.0,0.0,0.0
None,257,576,0.0,0.0,0.0,0.0,0.0,0.0
None,454,269,0.0,0.0,0.0,0.0,0.0,0.0
None,288,1003,0.0,0.0,0.0,0.0,0.0,0.0
None,446,886,0.0,0.0,0.0,0.0,0.0,0.0
None,"315,243","386,630",0.0,0.0,0.0,0.0,0.0,0.0
Cc1c(F)c(F)c(F)c2c(N3C(=O)c4ccc(-c5cc(F)c6c(c5F)C(=O)N(C)C6=O)cc4C3=O)cccc12,"327,229","498,248",10.56,22.49,121.28,379.09,3.09,0.0659
None,569,975,0.0,0.0,0.0,0.0,0.0,0.0
None,539,824,0.0,0.0,0.0,0.0,0.0,0.0
Cc1cc(C)c2c(C)cccc2c1N1C(=O)c2ccc(S(=O)(=O)c3ccc4c(c3)C(=O)N(C)C4=O)cc2C1=O,562,164,75.88,49.89,102.5,339.57,2.8,0.4179
None,247,16,0.0,0.0,0.0,0.0,0.0,0.0
None,452,534,0.0,0.0,0.0,0.0,0.0,0.0
Cc1ccc(-c2cc(Cl)c(N3C(=O)c4cc5c(cc4C3=O)C3C=CC5C4C(=O)N(C)C(=O)C34)c(Cl)c2)cc1,"112,217","519,326",78.63,18.54,117.53,377.31,4.73,0.4107
Cc1ccc(C2(c3ccc(N4C(=O)C5C(=O)N(C)C(=O)C5C4=O)c(C)c3)c3ccccc3-c3ccccc32)cc1C,"355,63","865,895",85.28,41.04,102.53,358.5,3.61,0.4489
None,268,684,0.0,0.0,0.0,0.0,0.0,0.0
None,311,461,0.0,0.0,0.0,0.0,0.0,0.0
None,"107,310","153,890",0.0,0.0,0.0,0.0,0.0,0.0
None,"474,340","729,250",0.0,0.0,0.0,0.0,0.0,0.0
None,267,757,0.0,0.0,0.0,0.0,0.0,0.0
None,463,431,0.0,0.0,0.0,0.0,0.0,0.0
None,465,269,0.0,0.0,0.0,0.0,0.0,0.0
None,569,316,0.0,0.0,0.0,0.0,0.0,0.0
None,15,275,0.0,0.0,0.0,0.0,0.0,0.0
None,482,439,0.0,0.0,0.0,0.0,0.0,0.0
None,163,838,0.0,0.0,0.0,0.0,0.0,0.0
None,475,573,0.0,0.0,0.0,0.0,0.0,0.0
None,24,323,0.0,0.0,0.0,0.0,0.0,0.0
None,165,328,0.0,0.0,0.0,0.0,0.0,0.0
None,"326,264","235,40",0.0,0.0,0.0,0.0,0.0,0.0
None,448,891,0.0,0.0,0.0,0.0,0.0,0.0
None,523,63,0.0,0.0,0.0,0.0,0.0,0.0
Cc1ccc(-c2ccc(N3C(=O)C4C5CC(C4C3=O)C3C4CC(C6C(=O)N(C)C(=O)C46)C53)nc2)cc1,"320,353","536,478",79.02,36.2,105.39,442.33,5.41,0.3798
Cc1ccc(S(=O)(=O)c2ccc(N3C(=O)c4ccc(C5(c6cc(F)c7c(c6F)C(=O)N(C)C7=O)CC(C)CC(C)(C)C5)cc4C3=O)c(O)c2)cc1,"119,327","837,977",75.63,51.94,87.39,315.21,4.2,0.3295
None,76,705,0.0,0.0,0.0,0.0,0.0,0.0
None,428,200,0.0,0.0,0.0,0.0,0.0,0.0
None,166,586,0.0,0.0,0.0,0.0,0.0,0.0
None,"165,401","289,392",0.0,0.0,0.0,0.0,0.0,0.0
None,"304,497","105,14",0.0,0.0,0.0,0.0,0.0,0.0
None,174,847,0.0,0.0,0.0,0.0,0.0,0.0
None,316,375,0.0,0.0,0.0,0.0,0.0,0.0
None,11,151,0.0,0.0,0.0,0.0,0.0,0.0
None,478,897,0.0,0.0,0.0,0.0,0.0,0.0
None,565,48,0.0,0.0,0.0,0.0,0.0,0.0
None,323,349,0.0,0.0,0.0,0.0,0.0,0.0
None,36,161,0.0,0.0,0.0,0.0,0.0,0.0
None,165,140,0.0,0.0,0.0,0.0,0.0,0.0
None,"63,93","827,738",0.0,0.0,0.0,0.0,0.0,0.0
None,244,510,0.0,0.0,0.0,0.0,0.0,0.0
None,"32,532","275,511",0.0,0.0,0.0,0.0,0.0,0.0
Cc1ccc(-c2ccc(C(C)(C(F)(F)F)C(F)(F)F)c(N3C(=O)C4=CC=C(C(c5ccc6c(c5)C(=O)N(C)C6=O)(C(F)(F)F)C(F)(F)F)CC4(C)C3=O)c2)cc1,"316,66","462,768",85.56,53.47,99.19,280.68,4.45,0.348
Cc1ccc(N2C(=O)CC3(CC4CC3C3C(=O)N(C)C(=O)C43)C2=O)c2ccc3ccccc3c12,"131,358","196,639",77.78,43.8,105.16,365.81,5.26,0.3352
Cc1ccc(-c2cccc(-c3c(C)cc(C)cc3C)c2N2C(=O)C3C4(C)C(=O)N(C)C(=O)C4C3(F)C2=O)cc1,"365,273","479,552",77.39,46.99,93.32,404.96,4.26,0.3735
None,285,319,0.0,0.0,0.0,0.0,0.0,0.0
Cc1c(N2C(=O)C3C(=O)N(C)C(=O)C3C2=O)c2ccccc2c2ccccc12,355,636,80.58,38.51,138.73,421.34,3.34,0.4773
Cc1ccc(OC2=CC=C(N3C(=O)C4=CCCC(c5ccc6c(c5)C(=O)N(C)C6=O)=C4C3=O)CC=C2)cc1,517,353,5.38,45.02,104.53,316.24,3.44,0.0275
C=CC(C)c1ccc(N2C(=O)c3ccc(C4CC(=O)N(C)C4=O)cc3C2=O)cc1,69,55,71.92,59.61,95.04,333.97,3.35,0.3482
None,388,697,0.0,0.0,0.0,0.0,0.0,0.0
None,125,12,0.0,0.0,0.0,0.0,0.0,0.0
None,271,308,0.0,0.0,0.0,0.0,0.0,0.0
None,177,373,0.0,0.0,0.0,0.0,0.0,0.0
None,"339,65","519,801",0.0,0.0,0.0,0.0,0.0,0.0
None,"57,222","42,482",0.0,0.0,0.0,0.0,0.0,0.0
CC1=CC=C(Oc2ccc(N3C(=O)C4CC5C(=O)N(C)C(=O)C5C4C3=O)cc2)C(C)C1,566,413,79.68,47.9,89.98,311.03,4.18,0.3558
None,56,488,0.0,0.0,0.0,0.0,0.0,0.0
None,61,453,0.0,0.0,0.0,0.0,0.0,0.0
None,470,762,0.0,0.0,0.0,0.0,0.0,0.0
None,399,869,0.0,0.0,0.0,0.0,0.0,0.0
None,20,63,0.0,0.0,0.0,0.0,0.0,0.0
None,"208,222","507,271",0.0,0.0,0.0,0.0,0.0,0.0
None,360,1003,0.0,0.0,0.0,0.0,0.0,0.0
Cc1cc(C)c2c(N3C(=O)C4(F)C5C(=O)N(C)C(=O)C5C4(F)C3=O)c(C)ccc2c1,373,125,77.53,21.14,118.67,427.69,4.3,0.4382
None,472,581,0.0,0.0,0.0,0.0,0.0,0.0
None,358,58,0.0,0.0,0.0,0.0,0.0,0.0
None,373,639,0.0,0.0,0.0,0.0,0.0,0.0
Cc1ccc2cc3c(cc2c1)C(c1ccccc1)(c1ccccc1)c1cc2cc(N4C(=O)c5c(F)c(F)c(-c6ccc7c(c6)C(=O)N(C)C7=O)c(F)c5C4=O)ccc2cc1O3,100,435,7.62,38.35,100.95,366.45,3.62,0.0408
None,"233,54,161,522","384,110,546,613",0.0,0.0,0.0,0.0,0.0,0.0
None,114,999,0.0,0.0,0.0,0.0,0.0,0.0
None,261,161,0.0,0.0,0.0,0.0,0.0,0.0
None,495,245,0.0,0.0,0.0,0.0,0.0,0.0
None,263,262,0.0,0.0,0.0,0.0,0.0,0.0
None,423,182,0.0,0.0,0.0,0.0,0.0,0.0
Cc1ccc2c(c1)OCCOCCOc1cc(N3C(=O)C4C5C(=O)N(C)C(=O)C5C4(F)C3=O)ccc1OCCO2,372,391,83.1,60.69,87.0,273.5,4.57,0.3093
None,148,322,0.0,0.0,0.0,0.0,0.0,0.0
Cc1cc2ccc3cc(N4C(=O)C56CCCCC57C(=O)N(C)C(=O)C75CCCCC56C4=O)cc4ccc(c1)c2c34,"371,263","408,611",81.72,38.61,111.84,343.33,5.48,0.3579
None,545,30,0.0,0.0,0.0,0.0,0.0,0.0
None,"35,491","764,574",0.0,0.0,0.0,0.0,0.0,0.0
None,389,625,0.0,0.0,0.0,0.0,0.0,0.0
None,"256,569","772,458",0.0,0.0,0.0,0.0,0.0,0.0
None,179,944,0.0,0.0,0.0,0.0,0.0,0.0
None,223,290,0.0,0.0,0.0,0.0,0.0,0.0
Cc1cccc(-c2c(C)ccc(C)c2-c2ccc(N3C(=O)c4ccc(OC5=CC=C6C(=O)N(C)C(=O)C6C5)cc4C3=O)cc2)c1F,"96,359","584,348",66.57,43.18,91.72,353.19,3.73,0.3369
Cc1ccc(C#CC#Cc2ccc(N3C(=O)C4C(C3=O)C3C5C=CC(C6C(=O)N(C)C(=O)C56)C43)c(F)c2)cc1F,"458,327","913,481",77.87,42.44,93.28,385.5,5.49,0.3402
None,437,48,0.0,0.0,0.0,0.0,0.0,0.0
None,433,963,0.0,0.0,0.0,0.0,0.0,0.0
None,435,452,0.0,0.0,0.0,0.0,0.0,0.0
Cc1ccc2cccc(N3C(=O)c4ccc(C5(c6ccc7c(c6)C(=O)N(C)C7=O)c6ccccc6-c6ccccc65)cc4C3=O)c2c1C,570,254,34.99,40.81,124.22,363.52,3.01,0.2025
None,513,175,0.0,0.0,0.0,0.0,0.0,0.0
None,353,775,0.0,0.0,0.0,0.0,0.0,0.0
None,389,532,0.0,0.0,0.0,0.0,0.0,0.0
None,"113,227,548","146,304,644",0.0,0.0,0.0,0.0,0.0,0.0
None,137,489,0.0,0.0,0.0,0.0,0.0,0.0
None,251,746,0.0,0.0,0.0,0.0,0.0,0.0
Cc1ccc2c(F)c(N3C(=O)c4ccc(C5(c6ccc7c(c6)C(=O)N(C)C7=O)c6ccccc6C6CCCCC65)cc4C3=O)c(F)cc2c1,"349,169,152","232,332,465",76.01,43.1,112.08,388.62,4.25,0.3763
None,448,806,0.0,0.0,0.0,0.0,0.0,0.0
None,433,562,0.0,0.0,0.0,0.0,0.0,0.0
None,488,127,0.0,0.0,0.0,0.0,0.0,0.0
None,496,305,0.0,0.0,0.0,0.0,0.0,0.0
None,7,43,0.0,0.0,0.0,0.0,0.0,0.0
None,203,513,0.0,0.0,0.0,0.0,0.0,0.0
None,"145,487","1,627",0.0,0.0,0.0,0.0,0.0,0.0
None,360,503,0.0,0.0,0.0,0.0,0.0,0.0
None,74,853,0.0,0.0,0.0,0.0,0.0,0.0
None,219,487,0.0,0.0,0.0,0.0,0.0,0.0
None,250,40,0.0,0.0,0.0,0.0,0.0,0.0
None,567,214,0.0,0.0,0.0,0.0,0.0,0.0
None,328,663,0.0,0.0,0.0,0.0,0.0,0.0
None,185,804,0.0,0.0,0.0,0.0,0.0,0.0
Cc1ccc2cc3c(cc2c1)C(c1ccccc1)(c1ccccc1)c1cc2cc(N4C(=O)C5=CC=C(Oc6ccc7c(c6)C(=O)N(C)C7=O)C(C)C5C4=O)ccc2cc1O3,2,435,70.94,50.66,96.87,325.09,4.4,0.3077
Cc1cccc2cc(N3C(=O)C4CC(C5CC(=O)N(C)C5=O)c5ccccc5C4C3=O)ccc12,"368,564","634,496",79.65,48.19,114.76,304.81,3.73,0.386
None,360,864,0.0,0.0,0.0,0.0,0.0,0.0
Cc1ccc(OC2=CC(N3C(=O)c4ccc(C#CCCCCC#Cc5ccc6c(c5)C(=O)N(C)C6=O)cc4C3=O)=CCC2)cc1,218,416,2.36,61.43,101.76,208.85,3.36,0.0102
None,404,379,0.0,0.0,0.0,0.0,0.0,0.0
None,30,890,0.0,0.0,0.0,0.0,0.0,0.0
None,288,189,0.0,0.0,0.0,0.0,0.0,0.0
Cc1ccc2c(c1)ncc1cc(N3C(=O)C4=CC=C(C(c5ccc6c(c5)C(=O)N(C)C6=O)(C(F)(F)F)C(F)(F)F)CC4(C)C3=O)ccc12,316,512,77.35,49.98,113.58,328.08,4.08,0.3601
C=CC(C)c1ccc(N2C(=O)c3ccc(C4C=CC(OC5=CC6C(=O)N(C)C(=O)C6C=C5)=CC4)cc3C2=O)cc1,116,55,78.65,52.1,84.47,313.43,4.55,0.3224
None,429,451,0.0,0.0,0.0,0.0,0.0,0.0
None,"295,13","721,901",0.0,0.0,0.0,0.0,0.0,0.0
None,139,40,0.0,0.0,0.0,0.0,0.0,0.0
None,433,324,0.0,0.0,0.0,0.0,0.0,0.0
None,"219,481","449,496",0.0,0.0,0.0,0.0,0.0,0.0
None,"324,309","492,430",0.0,0.0,0.0,0.0,0.0,0.0
C=CC(C)c1ccc(N2C(=O)C3CCC(C)(c4ccc5c(c4)C(=O)N(C)C5=O)CC3C2=O)cc1,303,55,74.02,55.03,90.61,297.48,4.03,0.321
None,231,484,0.0,0.0,0.0,0.0,0.0,0.0
None,393,845,0.0,0.0,0.0,0.0,0.0,0.0
None,39,450,0.0,0.0,0.0,0.0,0.0,0.0
None,"18,422","886,586",0.0,0.0,0.0,0.0,0.0,0.0
Cc1cccc2c1C(N1C(=O)C3(F)C4(F)C(=O)N(C)C(=O)C4(F)C3(F)C1=O)=CCC2,362,174,75.46,53.47,116.82,312.05,4.83,0.3033
None,152,339,0.0,0.0,0.0,0.0,0.0,0.0
None,278,728,0.0,0.0,0.0,0.0,0.0,0.0
None,27,540,0.0,0.0,0.0,0.0,0.0,0.0
None,104,568,0.0,0.0,0.0,0.0,0.0,0.0
None,"18,321,231","214,186,840",0.0,0.0,0.0,0.0,0.0,0.0
None,"279,22","17,466",0.0,0.0,0.0,0.0,0.0,0.0
None,"233,487","456,717",0.0,0.0,0.0,0.0,0.0,0.0
None,"238,103","849,672",0.0,0.0,0.0,0.0,0.0,0.0
None,15,76,0.0,0.0,0.0,0.0,0.0,0.0
None,"153,413","61,118",0.0,0.0,0.0,0.0,0.0,0.0
None,527,135,0.0,0.0,0.0,0.0,0.0,0.0
None,235,688,0.0,0.0,0.0,0.0,0.0,0.0
None,514,302,0.0,0.0,0.0,0.0,0.0,0.0
None,"330,140","998,797",0.0,0.0,0.0,0.0,0.0,0.0
None,98,131,0.0,0.0,0.0,0.0,0.0,0.0
None,247,473,0.0,0.0,0.0,0.0,0.0,0.0
None,"55,68,552","967,149,41",0.0,0.0,0.0,0.0,0.0,0.0
None,67,21,0.0,0.0,0.0,0.0,0.0,0.0
None,311,872,0.0,0.0,0.0,0.0,0.0,0.0
None,"173,275,218,391","543,693,431,568",0.0,0.0,0.0,0.0,0.0,0.0
Cc1cc2c(C)cccc2cc1-c1ccc(N2C(=O)C3(F)C4(C)C(=O)N(C)C(=O)C4(C)C3(F)C2=O)cc1,"112,363","167,299",72.71,33.47,132.74,343.19,4.23,0.372
None,"169,205","222,59",0.0,0.0,0.0,0.0,0.0,0.0
None,431,197,0.0,0.0,0.0,0.0,0.0,0.0
None,408,695,0.0,0.0,0.0,0.0,0.0,0.0
None,178,951,0.0,0.0,0.0,0.0,0.0,0.0
None,297,141,0.0,0.0,0.0,0.0,0.0,0.0
None,402,182,0.0,0.0,0.0,0.0,0.0,0.0
None,"129,354","22,122",0.0,0.0,0.0,0.0,0.0,0.0
None,439,796,0.0,0.0,0.0,0.0,0.0,0.0
None,498,721,0.0,0.0,0.0,0.0,0.0,0.0
None,56,157,0.0,0.0,0.0,0.0,0.0,0.0
None,90,79,0.0,0.0,0.0,0.0,0.0,0.0
Cc1ccc(-c2ccc(N3C(=O)CC4(CCC(c5c(C)cc(-c6ccc7c(c6)C(=O)N(C)C7=O)c(C)c5C)CC4)C3=O)cc2)cc1F,"82,332","263,400",57.05,42.86,99.1,434.85,3.55,0.3166
None,269,492,0.0,0.0,0.0,0.0,0.0,0.0
CC1=C(c2ccc(C)cc2)CC(C)(C)C(N2C(=O)c3ccc(-c4ccc5c(c4)C(=O)N(C)C5=O)c(C)c3C2=O)=C1C,314,911,69.35,20.54,114.15,406.03,3.17,0.4378
None,168,9,0.0,0.0,0.0,0.0,0.0,0.0
None,423,315,0.0,0.0,0.0,0.0,0.0,0.0
None,511,296,0.0,0.0,0.0,0.0,0.0,0.0
Cc1ccc2c3ccc(C)c4c(N5C(=O)C6=CC=C(Oc7ccc8c(c7)C(=O)N(C)C8=O)C(C)C6C5=O)ccc(c5ccc(C)c1c25)c43,"2,223","998,600",76.36,45.38,102.34,375.91,4.13,0.3725
None,150,309,0.0,0.0,0.0,0.0,0.0,0.0
None,310,77,0.0,0.0,0.0,0.0,0.0,0.0
None,307,751,0.0,0.0,0.0,0.0,0.0,0.0
None,"248,115","536,945",0.0,0.0,0.0,0.0,0.0,0.0
Cc1ccc(-c2ccc(N3C(=O)C4C(C)(C3=O)C3C(=O)N(C)C(=O)C34F)cc2)nc1,365,534,72.56,25.74,96.23,413.15,4.02,0.4037
None,"130,529","748,487",0.0,0.0,0.0,0.0,0.0,0.0
None,413,223,0.0,0.0,0.0,0.0,0.0,0.0
None,228,978,0.0,0.0,0.0,0.0,0.0,0.0
None,415,788,0.0,0.0,0.0,0.0,0.0,0.0
None,"19,112","306,914",0.0,0.0,0.0,0.0,0.0,0.0
None,436,190,0.0,0.0,0.0,0.0,0.0,0.0
None,246,114,0.0,0.0,0.0,0.0,0.0,0.0
CN1C(=O)c2cc(-c3ccc4c(c3)C(=O)N(c3ccc(C(C(Cl)(Cl)Cl)C5(C)CC5)cc3)C4=O)cc(C#Cc3ccccc3)c2C1=O,"108,177","970,101",59.51,44.02,99.49,239.79,3.76,0.2738
None,114,857,0.0,0.0,0.0,0.0,0.0,0.0
None,"352,375,4","873,697,792",0.0,0.0,0.0,0.0,0.0,0.0
None,447,579,0.0,0.0,0.0,0.0,0.0,0.0
None,397,960,0.0,0.0,0.0,0.0,0.0,0.0
None,457,374,0.0,0.0,0.0,0.0,0.0,0.0
Cc1cccc2cc3cccc(N4C(=O)c5ccc(C(=O)C6=CCC7(C)C(=O)N(C)C(=O)C7=C6)cc5C4=O)c3cc12,"295,436","777,256",40.62,41.6,151.63,327.3,3.68,0.2154
None,"207,417","966,144",0.0,0.0,0.0,0.0,0.0,0.0
None,258,629,0.0,0.0,0.0,0.0,0.0,0.0
Cc1c(C)c(C)c(-c2ccc(N3C(=O)C4C5CC(C6C(=O)N(C)C(=O)C56)C4C3=O)cc2)c(C)c1C,572,816,79.24,14.46,100.75,464.03,4.69,0.4456
None,"342,539","281,445",0.0,0.0,0.0,0.0,0.0,0.0
None,569,575,0.0,0.0,0.0,0.0,0.0,0.0
None,477,448,0.0,0.0,0.0,0.0,0.0,0.0
None,"510,66","235,27",0.0,0.0,0.0,0.0,0.0,0.0
None,"277,63","45,857",0.0,0.0,0.0,0.0,0.0,0.0
None,501,468,0.0,0.0,0.0,0.0,0.0,0.0
Cc1ccc(-c2c(F)cc(F)c(-c3c(F)c(F)c(N4C(=O)c5ccc(S(=O)(=O)c6ccc7c(c6)C(=O)N(C)C7=O)cc5C4=O)c(F)c3F)c2F)cc1,"197,562","18,723",68.43,39.53,91.06,363.67,3.29,0.3753
None,560,154,0.0,0.0,0.0,0.0,0.0,0.0
None,307,642,0.0,0.0,0.0,0.0,0.0,0.0
None,524,685,0.0,0.0,0.0,0.0,0.0,0.0
Cc1ccc2c(c1)c(=O)oc1cc(N3C(=O)C4CCC(C5CCCC6C(=O)N(C)C(=O)C65)CC4C3=O)ccc12,352,502,80.37,48.85,95.24,307.5,4.21,0.3562
None,"153,147","837,449",0.0,0.0,0.0,0.0,0.0,0.0
None,491,801,0.0,0.0,0.0,0.0,0.0,0.0
None,496,342,0.0,0.0,0.0,0.0,0.0,0.0
Cc1ccc(-n2cc(N3C(=O)c4ccc(C#Cc5ccc6c(c5)C(=O)N(C)C6=O)cc4C3=O)cn2)cc1,"21,493","518,168",1.18,37.22,164.64,292.46,2.77,0.007
None,"91,8","825,701",0.0,0.0,0.0,0.0,0.0,0.0
Cc1cc(F)c2cc(N3C(=O)c4ccc(C#CCCCCC#Cc5ccc6c(c5)C(=O)N(C)C6=O)cc4C3=O)ccc2c1F,"218,119,572","625,642,231",1.57,59.36,115.47,242.44,3.21,0.0073
None,"230,379","956,785",0.0,0.0,0.0,0.0,0.0,0.0
None,155,663,0.0,0.0,0.0,0.0,0.0,0.0
None,559,101,0.0,0.0,0.0,0.0,0.0,0.0
None,180,569,0.0,0.0,0.0,0.0,0.0,0.0
None,31,633,0.0,0.0,0.0,0.0,0.0,0.0
None,47,901,0.0,0.0,0.0,0.0,0.0,0.0
None,261,740,0.0,0.0,0.0,0.0,0.0,0.0
None,503,967,0.0,0.0,0.0,0.0,0.0,0.0
None,476,200,0.0,0.0,0.0,0.0,0.0,0.0
Cc1ccc(-c2cc(C)ccc2N2C(=O)c3ccc(C(F)c4cc(C)c5c(c4)C(=O)N(C)C5=O)cc3C2=O)cc1,"107,536","724,535",64.91,55.12,101.87,342.58,3.3,0.3279
None,"302,361","201,195",0.0,0.0,0.0,0.0,0.0,0.0
Cc1ccc2ccc(N3C(=O)c4ccc(C#Cc5ccc(C#Cc6ccc7c(c6)C(=O)N(C)C7=O)cc5)cc4C3=O)cc2c1C,249,150,3.88,44.65,136.47,276.93,2.94,0.0211
None,285,964,0.0,0.0,0.0,0.0,0.0,0.0
None,491,73,0.0,0.0,0.0,0.0,0.0,0.0
None,353,36,0.0,0.0,0.0,0.0,0.0,0.0
None,235,915,0.0,0.0,0.0,0.0,0.0,0.0
None,"197,83,388","502,99,479",0.0,0.0,0.0,0.0,0.0,0.0
Cc1ccc(C(C)CN2C(=O)c3ccc(C#Cc4ccc5c(c4)C(=O)N(C)C5=O)cc3C2=O)cc1,493,29,64.42,55.1,99.69,251.86,3.05,0.3122
None,537,970,0.0,0.0,0.0,0.0,0.0,0.0
None,"111,88,24,114","523,560,576,264",0.0,0.0,0.0,0.0,0.0,0.0
None,97,901,0.0,0.0,0.0,0.0,0.0,0.0
None,187,895,0.0,0.0,0.0,0.0,0.0,0.0
None,37,354,0.0,0.0,0.0,0.0,0.0,0.0
Cc1cccc2cc(N3C(=O)CC(c4ccc5c(c4)C(=O)N(C)C5=O)C3=O)c3ccccc3c12,69,192,28.66,45.23,101.05,333.66,3.06,0.1553
None,"290,281","751,380",0.0,0.0,0.0,0.0,0.0,0.0
None,184,655,0.0,0.0,0.0,0.0,0.0,0.0
None,489,771,0.0,0.0,0.0,0.0,0.0,0.0
None,537,487,0.0,0.0,0.0,0.0,0.0,0.0
None,70,373,0.0,0.0,0.0,0.0,0.0,0.0
Cc1c(F)ccc2c(N3C(=O)c4ccc(OC5=CC=C6C(=O)N(C)C(=O)C6(C)C5)cc4C3=O)c(F)ccc12,"9,466","405,242",73.12,51.23,112.15,317.53,3.81,0.3478
None,300,334,0.0,0.0,0.0,0.0,0.0,0.0
Cc1ccc(C2C=C(N3C(=O)c4ccc(C(F)(c5ccc6c(c5)C(=O)N(C)C6=O)C(F)(F)F)cc4C3=O)C=CC2)cc1,"99,1","333,387",79.62,52.72,93.66,313.29,4.0,0.3576
None,387,194,0.0,0.0,0.0,0.0,0.0,0.0
None,179,938,0.0,0.0,0.0,0.0,0.0,0.0
Cc1cc(C)c2c(N3C(=O)C4C=CC(OC5=CCC(c6ccc7c(c6)C(=O)N(C)C7=O)C=C5)=CC4C3=O)cc(C)cc2c1,116,182,85.53,43.53,86.83,338.06,4.45,0.3839
None,171,325,0.0,0.0,0.0,0.0,0.0,0.0
None,347,311,0.0,0.0,0.0,0.0,0.0,0.0
None,230,768,0.0,0.0,0.0,0.0,0.0,0.0
None,"62,213","689,775",0.0,0.0,0.0,0.0,0.0,0.0
None,442,370,0.0,0.0,0.0,0.0,0.0,0.0
None,"88,341","473,115",0.0,0.0,0.0,0.0,0.0,0.0
None,517,910,0.0,0.0,0.0,0.0,0.0,0.0
None,571,872,0.0,0.0,0.0,0.0,0.0,0.0
Cc1cccc2c(N3C(=O)C4C5C=CC(C4C3=O)C3C4C(=O)N(C)C(=O)C4C53)c(F)c(F)cc12,"17,458","244,741",79.63,27.79,97.51,445.26,5.3,0.3976
None,300,380,0.0,0.0,0.0,0.0,0.0,0.0
None,167,748,0.0,0.0,0.0,0.0,0.0,0.0
None,304,189,0.0,0.0,0.0,0.0,0.0,0.0
None,400,234,0.0,0.0,0.0,0.0,0.0,0.0
None,42,476,0.0,0.0,0.0,0.0,0.0,0.0
None,440,878,0.0,0.0,0.0,0.0,0.0,0.0
None,"130,524","3,92",0.0,0.0,0.0,0.0,0.0,0.0
None,275,796,0.0,0.0,0.0,0.0,0.0,0.0
None,388,200,0.0,0.0,0.0,0.0,0.0,0.0
None,280,220,0.0,0.0,0.0,0.0,0.0,0.0
None,"337,331","149,270",0.0,0.0,0.0,0.0,0.0,0.0
None,"474,398","222,609",0.0,0.0,0.0,0.0,0.0,0.0
None,155,285,0.0,0.0,0.0,0.0,0.0,0.0
None,"110,349,22","125,739,280",0.0,0.0,0.0,0.0,0.0,0.0
None,519,155,0.0,0.0,0.0,0.0,0.0,0.0
Cc1ccc2c(c1)c(N1C(=O)C3CC=C(C(C4CCC(c5ccc6c(c5)C(=O)N(C)C6=O)CC4)(C(F)(F)F)C(F)(F)F)CC3C1=O)cc1ccccc12,"72,348","213,280",82.65,58.18,99.29,341.12,4.31,0.3541
CCCCCCCN1C(=O)C2C3CCC(C4C(=O)N(C)C(=O)C34)C2C1=O,"28,111,123,58,535,496","993,887,378,242,999,645",73.52,54.97,93.16,275.84,4.51,0.2899
None,317,365,0.0,0.0,0.0,0.0,0.0,0.0
None,106,72,0.0,0.0,0.0,0.0,0.0,0.0
None,220,310,0.0,0.0,0.0,0.0,0.0,0.0
None,27,521,0.0,0.0,0.0,0.0,0.0,0.0
None,"164,417","545,76",0.0,0.0,0.0,0.0,0.0,0.0
None,266,248,0.0,0.0,0.0,0.0,0.0,0.0
None,300,49,0.0,0.0,0.0,0.0,0.0,0.0
None,"142,107","121,169",0.0,0.0,0.0,0.0,0.0,0.0
CC1CCC(N2C(=O)C3C4CCC(c5cc6c(cc54)C(=O)N(C)C6=O)C3C2=O)=N1,216,538,76.6,51.91,90.34,393.66,5.1,0.318
None,75,271,0.0,0.0,0.0,0.0,0.0,0.0
None,34,511,0.0,0.0,0.0,0.0,0.0,0.0
Cc1ccc(CCN2C(=O)C3CCC4C(=O)N(C)C(=O)C4C3C2=O)cc1,356,33,78.24,55.43,115.41,356.44,3.44,0.3965
None,166,451,0.0,0.0,0.0,0.0,0.0,0.0
None,383,833,0.0,0.0,0.0,0.0,0.0,0.0
None,86,372,0.0,0.0,0.0,0.0,0.0,0.0
None,"92,495","114,926",0.0,0.0,0.0,0.0,0.0,0.0
None,93,110,0.0,0.0,0.0,0.0,0.0,0.0
None,266,850,0.0,0.0,0.0,0.0,0.0,0.0
None,185,855,0.0,0.0,0.0,0.0,0.0,0.0
None,121,439,0.0,0.0,0.0,0.0,0.0,0.0
Cc1ccc(-c2c(N3C(=O)c4ccc(C5CC(=O)N(C)C5=O)cc4C3=O)ccc3ccccc23)cc1,69,100,16.23,37.0,101.91,364.88,2.98,0.0943
Cc1ccc2c(C)cc(N3C(=O)C4(F)C5(F)C(=O)N(C)C(=O)C5(F)C4(F)C3=O)c(C)c2c1,362,82,77.4,19.08,114.55,369.9,4.6,0.4066
None,531,911,0.0,0.0,0.0,0.0,0.0,0.0
Cc1cc2nc3cc(-n4c(=O)c5c(C)c6c(=O)n(C)c(=O)c6c(-c6ccc7c(c6)C(=O)OC7=O)c5c4=O)c(C)cc3c(C)c2cc1C,"502,296","944,903",9.14,4.4,110.01,477.31,3.41,0.0624
Cc1ccc(-c2ccc(N3C(=O)c4ccc(C5CC(=O)OC(=O)C5)c(-c5ccc6c(c5)C(=O)N(C)C6=O)c4C3=O)cc2C#N)cc1,"145,383","551,415",2.81,45.17,98.61,339.57,3.18,0.015
None,166,527,0.0,0.0,0.0,0.0,0.0,0.0
None,"286,208,504","520,90,981",0.0,0.0,0.0,0.0,0.0,0.0
COc1ccc(N2C(=O)c3ccc(C4=CCC=C5C(=O)N(C)C(=O)C5=C4)cc3C2=O)cc1,514,303,15.05,41.04,113.64,307.09,2.91,0.0839
None,550,354,0.0,0.0,0.0,0.0,0.0,0.0
None,402,208,0.0,0.0,0.0,0.0,0.0,0.0
None,"223,288","716,821",0.0,0.0,0.0,0.0,0.0,0.0
None,"424,106","622,993",0.0,0.0,0.0,0.0,0.0,0.0
None,100,476,0.0,0.0,0.0,0.0,0.0,0.0
None,407,341,0.0,0.0,0.0,0.0,0.0,0.0
None,261,871,0.0,0.0,0.0,0.0,0.0,0.0
None,"563,75","579,549",0.0,0.0,0.0,0.0,0.0,0.0
None,292,783,0.0,0.0,0.0,0.0,0.0,0.0
None,319,743,0.0,0.0,0.0,0.0,0.0,0.0
None,"81,381","767,816",0.0,0.0,0.0,0.0,0.0,0.0
Cc1ccc2c(c1)OCCOCCOCCOc1ccc(N3C(=O)c4ccc(S(C)(C)c5ccc6c(c5)C(=O)N(C)C6=O)cc4C3=O)cc1OCCO2,380,385,76.73,66.69,80.37,247.0,3.7,0.3082
Cc1ccc(C(=Nc2ccccc2)c2ccc(N3C(=O)c4ccc(-c5cc(F)c6c(c5)C(=O)N(C)C6=O)cc4C3=O)cc2)cc1,345,869,1.02,27.98,179.25,319.03,2.83,0.0064
None,405,638,0.0,0.0,0.0,0.0,0.0,0.0
None,475,706,0.0,0.0,0.0,0.0,0.0,0.0
None,"80,419","125,113",0.0,0.0,0.0,0.0,0.0,0.0
None,453,307,0.0,0.0,0.0,0.0,0.0,0.0
Cc1c(F)c(F)c(-c2ccc(N3C(=O)c4ccc(C5=CC=C6C(=O)N(C)C(=O)C6C5C)cc4C3=O)cc2)c(F)c1F,318,723,75.1,20.02,106.86,367.41,3.98,0.4204
None,379,133,0.0,0.0,0.0,0.0,0.0,0.0
None,446,17,0.0,0.0,0.0,0.0,0.0,0.0
None,253,994,0.0,0.0,0.0,0.0,0.0,0.0
None,495,744,0.0,0.0,0.0,0.0,0.0,0.0
None,455,379,0.0,0.0,0.0,0.0,0.0,0.0
None,259,478,0.0,0.0,0.0,0.0,0.0,0.0
None,489,378,0.0,0.0,0.0,0.0,0.0,0.0
None,195,277,0.0,0.0,0.0,0.0,0.0,0.0
None,295,782,0.0,0.0,0.0,0.0,0.0,0.0
None,"131,233","851,334",0.0,0.0,0.0,0.0,0.0,0.0
Cc1c2c(=O)oc(=O)c2c(-c2ccc3c(c2)C(=O)N(C)C3=O)c2c(=O)n(-c3ccc(C4=CCC(C)(Br)C=C4)c(F)c3)c(=O)c12,502,494,29.25,10.7,135.5,363.88,4.07,0.1722
None,390,602,0.0,0.0,0.0,0.0,0.0,0.0
None,248,135,0.0,0.0,0.0,0.0,0.0,0.0
None,363,305,0.0,0.0,0.0,0.0,0.0,0.0
None,"115,101,511","539,254,971",0.0,0.0,0.0,0.0,0.0,0.0
None,100,320,0.0,0.0,0.0,0.0,0.0,0.0
None,234,157,0.0,0.0,0.0,0.0,0.0,0.0
None,175,146,0.0,0.0,0.0,0.0,0.0,0.0
None,235,177,0.0,0.0,0.0,0.0,0.0,0.0
Cc1ccc2c(c1)Nc1cc(-n3c(=O)c4cc5ccc6c7cc8c(=O)n(C)c(=O)c8cc7ccc6c5cc4c3=O)ccc1C2,262,669,0.07,17.33,130.0,454.52,3.08,0.0005
None,444,929,0.0,0.0,0.0,0.0,0.0,0.0
None,495,376,0.0,0.0,0.0,0.0,0.0,0.0
None,39,753,0.0,0.0,0.0,0.0,0.0,0.0
None,"321,488","688,631",0.0,0.0,0.0,0.0,0.0,0.0
None,"14,574","184,342",0.0,0.0,0.0,0.0,0.0,0.0
Cc1ccc2c3c(ccc(N4C(=O)CC(C5CC6C(=O)N(C)C(=O)C6c6ccccc65)C4=O)c13)C=C2,564,188,79.29,43.45,114.8,350.69,4.14,0.3866
None,497,326,0.0,0.0,0.0,0.0,0.0,0.0
None,187,249,0.0,0.0,0.0,0.0,0.0,0.0
None,492,392,0.0,0.0,0.0,0.0,0.0,0.0
None,147,350,0.0,0.0,0.0,0.0,0.0,0.0
None,438,950,0.0,0.0,0.0,0.0,0.0,0.0
None,101,490,0.0,0.0,0.0,0.0,0.0,0.0
Cc1cc2nc3ccc(-n4c(=O)c5cc(C)c6c(c(C(F)(C(F)(F)F)C(F)(F)c7ccc8c(c7)C(=O)OC8=O)cc7c(=O)n(C)c(=O)c76)c5c4=O)cc3nc2cc1C,"342,182","664,676",38.66,19.37,102.35,452.9,4.32,0.2207
None,291,629,0.0,0.0,0.0,0.0,0.0,0.0
None,298,785,0.0,0.0,0.0,0.0,0.0,0.0
None,359,903,0.0,0.0,0.0,0.0,0.0,0.0
None,463,936,0.0,0.0,0.0,0.0,0.0,0.0
None,482,751,0.0,0.0,0.0,0.0,0.0,0.0
None,389,615,0.0,0.0,0.0,0.0,0.0,0.0
None,420,310,0.0,0.0,0.0,0.0,0.0,0.0
None,512,623,0.0,0.0,0.0,0.0,0.0,0.0
None,534,181,0.0,0.0,0.0,0.0,0.0,0.0
None,3,50,0.0,0.0,0.0,0.0,0.0,0.0
Cc1cc2ccc(N3C(=O)c4c(C)c(C)c(-c5ccc6c(c5)C(=O)N(C)C6=O)c(C)c4C3=O)c(F)c2c(F)c1F,330,229,39.64,10.01,118.72,442.39,3.15,0.2678
None,429,940,0.0,0.0,0.0,0.0,0.0,0.0
None,"563,348","402,532",0.0,0.0,0.0,0.0,0.0,0.0
None,228,842,0.0,0.0,0.0,0.0,0.0,0.0
None,298,923,0.0,0.0,0.0,0.0,0.0,0.0
None,"233,229,553,503","976,924,426,606",0.0,0.0,0.0,0.0,0.0,0.0
Cc1ccc(-c2ccc(N=Nc3ccccc3)c(Cc3c(C)cccc3N3C(=O)C4C5(C)C(=O)N(C)C(=O)C5C4(C)C3=O)c2)cc1,"278,555,262","418,19,94",79.55,55.82,91.12,314.51,4.41,0.3288
None,540,114,0.0,0.0,0.0,0.0,0.0,0.0
None,358,490,0.0,0.0,0.0,0.0,0.0,0.0
None,2,463,0.0,0.0,0.0,0.0,0.0,0.0
None,109,901,0.0,0.0,0.0,0.0,0.0,0.0
None,561,599,0.0,0.0,0.0,0.0,0.0,0.0
None,52,360,0.0,0.0,0.0,0.0,0.0,0.0
None,"2,425,258","1000,316,10",0.0,0.0,0.0,0.0,0.0,0.0
None,225,932,0.0,0.0,0.0,0.0,0.0,0.0
None,248,48,0.0,0.0,0.0,0.0,0.0,0.0
None,447,141,0.0,0.0,0.0,0.0,0.0,0.0
None,"158,141","652,909",0.0,0.0,0.0,0.0,0.0,0.0
None,"297,277","116,581",0.0,0.0,0.0,0.0,0.0,0.0
None,448,943,0.0,0.0,0.0,0.0,0.0,0.0
None,"14,141","226,709",0.0,0.0,0.0,0.0,0.0,0.0
None,381,974,0.0,0.0,0.0,0.0,0.0,0.0
None,"134,307","839,761",0.0,0.0,0.0,0.0,0.0,0.0
None,555,871,0.0,0.0,0.0,0.0,0.0,0.0
None,260,828,0.0,0.0,0.0,0.0,0.0,0.0
None,439,531,0.0,0.0,0.0,0.0,0.0,0.0
None,231,3,0.0,0.0,0.0,0.0,0.0,0.0
None,"158,267","791,628",0.0,0.0,0.0,0.0,0.0,0.0
None,"256,167","462,450",0.0,0.0,0.0,0.0,0.0,0.0
None,78,604,0.0,0.0,0.0,0.0,0.0,0.0
None,379,314,0.0,0.0,0.0,0.0,0.0,0.0
None,557,58,0.0,0.0,0.0,0.0,0.0,0.0
None,451,642,0.0,0.0,0.0,0.0,0.0,0.0
Cc1c(F)c(F)c2c(F)c3c(F)c(N4C(=O)c5ccc(C(c6ccc7c(c6)C(=O)N(C)C7=O)C(F)(F)F)c(F)c5C4=O)c(F)cc3cc2c1F,"297,344","619,712",67.2,42.33,88.28,351.96,4.23,0.3177
None,199,235,0.0,0.0,0.0,0.0,0.0,0.0
None,144,21,0.0,0.0,0.0,0.0,0.0,0.0
Cc1ccc(-n2c(=O)c3cc4ccc5c6cc7c(=O)n(C)c(=O)c7cc6ccc5c4cc3c2=O)c2c1CC=CC2,"302,262","133,207",0.32,40.27,107.62,424.82,3.17,0.0019
Cc1ccc2c(c1)Oc1cc(N3C(=O)c4ccc(C5(c6ccc7c(c6)C(=O)N(C)C7=O)c6cc(C)ccc6-c6ccc(C)cc65)cc4C3=O)ccc1C21OC(=O)c2ccccc21,"63,81,190","891,3,653",62.06,35.15,99.6,364.71,4.43,0.3026
Cc1ccc(C2CC=CC=C2N2C(=O)C3(F)C4(C)C(=O)N(C)C(=O)C4(C)C3(F)C2=O)cc1,363,917,76.16,52.73,93.73,304.31,4.77,0.3002
None,545,168,0.0,0.0,0.0,0.0,0.0,0.0
None,"221,89","457,98",0.0,0.0,0.0,0.0,0.0,0.0
None,177,628,0.0,0.0,0.0,0.0,0.0,0.0
None,254,862,0.0,0.0,0.0,0.0,0.0,0.0
None,"339,144","84,957",0.0,0.0,0.0,0.0,0.0,0.0
None,"256,17,111","120,257,659",0.0,0.0,0.0,0.0,0.0,0.0
None,436,707,0.0,0.0,0.0,0.0,0.0,0.0
None,15,183,0.0,0.0,0.0,0.0,0.0,0.0
None,"214,389","93,408",0.0,0.0,0.0,0.0,0.0,0.0
None,264,330,0.0,0.0,0.0,0.0,0.0,0.0
None,274,534,0.0,0.0,0.0,0.0,0.0,0.0
None,337,734,0.0,0.0,0.0,0.0,0.0,0.0
None,251,868,0.0,0.0,0.0,0.0,0.0,0.0
None,"40,20,100","241,671,912",0.0,0.0,0.0,0.0,0.0,0.0
None,147,83,0.0,0.0,0.0,0.0,0.0,0.0
None,361,720,0.0,0.0,0.0,0.0,0.0,0.0
None,432,618,0.0,0.0,0.0,0.0,0.0,0.0
None,440,948,0.0,0.0,0.0,0.0,0.0,0.0
None,"35,475","13,724",0.0,0.0,0.0,0.0,0.0,0.0
Cc1ccc(-c2c(C)c(C)c(N3C(=O)c4ccc(C5C=CC(OC6=CC7C(=O)N(C)C(=O)C7C=C6)=CC5)cc4C3=O)c(C)c2C)cc1,116,816,85.29,27.89,84.8,341.67,4.48,0.415
Cc1ccc2c(c1)Oc1cc(N3C(=O)C4=CC=C(c5ccc6c(c5)C(=O)N(C)C6=O)CC4C3=O)ccc1N2,508,667,7.03,34.86,96.17,343.02,3.61,0.0375
Cc1ccc(F)c2c(N3C(=O)c4ccc(C#CCCCCC#Cc5ccc6c(c5)C(=O)N(C)C6=O)cc4C3=O)ccc(F)c12,"510,218","586,235",2.28,60.23,115.46,243.04,3.18,0.0106
None,53,309,0.0,0.0,0.0,0.0,0.0,0.0
None,299,391,0.0,0.0,0.0,0.0,0.0,0.0
None,"350,559","391,649",0.0,0.0,0.0,0.0,0.0,0.0
None,64,906,0.0,0.0,0.0,0.0,0.0,0.0
None,78,206,0.0,0.0,0.0,0.0,0.0,0.0
None,"450,558","932,926",0.0,0.0,0.0,0.0,0.0,0.0
None,491,807,0.0,0.0,0.0,0.0,0.0,0.0
None,423,407,0.0,0.0,0.0,0.0,0.0,0.0
Cc1ccc(-c2cc(F)c(N3C(=O)C4C5CC(C4C3=O)C3C4CC(C6C(=O)N(C)C(=O)C46)C53)c(F)c2F)cc1,353,477,80.97,39.44,94.78,420.96,5.64,0.3718
CC1=CC2(C)C3C(=O)N(C)C(=O)C3C1C1C(=O)N(c3c(F)c(F)cc4c(C)cccc34)C(=O)C12,"376,373,484","948,460,244",79.63,24.42,99.68,411.92,5.17,0.3945
None,307,256,0.0,0.0,0.0,0.0,0.0,0.0
None,36,882,0.0,0.0,0.0,0.0,0.0,0.0
None,497,844,0.0,0.0,0.0,0.0,0.0,0.0
CC1=CC(C)(C)C(c2ccc(N3C(=O)C4=CCCC(c5ccc6c(c5)C(=O)N(C)C6=O)=C4C3=O)cc2)=CC1(C)C,"51,517","932,340",55.53,17.12,106.83,340.82,3.53,0.3257
None,"450,63,149","504,876,151",0.0,0.0,0.0,0.0,0.0,0.0
None,71,859,0.0,0.0,0.0,0.0,0.0,0.0
None,472,261,0.0,0.0,0.0,0.0,0.0,0.0
C=C(c1ccc(C)cc1F)N1C(=O)C2C3CC4C(=O)N(C)C(=O)C4CC3C2C1=O,426,952,75.52,46.21,108.47,400.81,4.33,0.3664
None,523,736,0.0,0.0,0.0,0.0,0.0,0.0
None,"297,296","499,822",0.0,0.0,0.0,0.0,0.0,0.0
None,145,318,0.0,0.0,0.0,0.0,0.0,0.0
None,106,748,0.0,0.0,0.0,0.0,0.0,0.0
None,567,797,0.0,0.0,0.0,0.0,0.0,0.0
None,"440,469","680,86",0.0,0.0,0.0,0.0,0.0,0.0
None,192,627,0.0,0.0,0.0,0.0,0.0,0.0
None,222,383,0.0,0.0,0.0,0.0,0.0,0.0
None,414,953,0.0,0.0,0.0,0.0,0.0,0.0
None,509,475,0.0,0.0,0.0,0.0,0.0,0.0
None,390,606,0.0,0.0,0.0,0.0,0.0,0.0
None,140,523,0.0,0.0,0.0,0.0,0.0,0.0
None,259,84,0.0,0.0,0.0,0.0,0.0,0.0
None,434,534,0.0,0.0,0.0,0.0,0.0,0.0
None,540,388,0.0,0.0,0.0,0.0,0.0,0.0
None,286,137,0.0,0.0,0.0,0.0,0.0,0.0
None,224,626,0.0,0.0,0.0,0.0,0.0,0.0
Cc1cc(-c2ccc(N3C(=O)c4ccc(-c5ccc6c(c5)C(=O)N(C)C6=O)c(F)c4C3=O)cc2)c(C)c(C)c1C,344,804,19.27,9.21,133.93,433.75,2.78,0.136
None,385,810,0.0,0.0,0.0,0.0,0.0,0.0
None,"75,112","6,80",0.0,0.0,0.0,0.0,0.0,0.0
None,"19,444","738,677",0.0,0.0,0.0,0.0,0.0,0.0
None,"348,411","842,363",0.0,0.0,0.0,0.0,0.0,0.0
None,526,363,0.0,0.0,0.0,0.0,0.0,0.0
None,"506,92,453","130,796,114",0.0,0.0,0.0,0.0,0.0,0.0
None,524,480,0.0,0.0,0.0,0.0,0.0,0.0
None,165,595,0.0,0.0,0.0,0.0,0.0,0.0
None,207,571,0.0,0.0,0.0,0.0,0.0,0.0
None,"506,279","130,943",0.0,0.0,0.0,0.0,0.0,0.0
None,189,714,0.0,0.0,0.0,0.0,0.0,0.0
None,66,922,0.0,0.0,0.0,0.0,0.0,0.0
None,395,803,0.0,0.0,0.0,0.0,0.0,0.0
None,177,848,0.0,0.0,0.0,0.0,0.0,0.0
None,495,135,0.0,0.0,0.0,0.0,0.0,0.0
None,322,491,0.0,0.0,0.0,0.0,0.0,0.0
None,"320,238","798,148",0.0,0.0,0.0,0.0,0.0,0.0
None,244,307,0.0,0.0,0.0,0.0,0.0,0.0
None,234,139,0.0,0.0,0.0,0.0,0.0,0.0
None,322,313,0.0,0.0,0.0,0.0,0.0,0.0
None,292,93,0.0,0.0,0.0,0.0,0.0,0.0
None,422,877,0.0,0.0,0.0,0.0,0.0,0.0
None,31,854,0.0,0.0,0.0,0.0,0.0,0.0
None,90,937,0.0,0.0,0.0,0.0,0.0,0.0
None,37,894,0.0,0.0,0.0,0.0,0.0,0.0
None,"339,229","243,163",0.0,0.0,0.0,0.0,0.0,0.0
None,501,418,0.0,0.0,0.0,0.0,0.0,0.0
None,489,863,0.0,0.0,0.0,0.0,0.0,0.0
None,463,498,0.0,0.0,0.0,0.0,0.0,0.0
None,323,920,0.0,0.0,0.0,0.0,0.0,0.0
Cc1ccc(N2C(=O)C3C4C(=O)N(C)C(=O)C4(C)C3(C)C2=O)cc1,370,996,71.6,15.31,136.24,439.35,3.85,0.4457
None,132,790,0.0,0.0,0.0,0.0,0.0,0.0
None,421,752,0.0,0.0,0.0,0.0,0.0,0.0
None,"121,554","282,400",0.0,0.0,0.0,0.0,0.0,0.0
None,53,760,0.0,0.0,0.0,0.0,0.0,0.0
None,250,601,0.0,0.0,0.0,0.0,0.0,0.0
None,470,988,0.0,0.0,0.0,0.0,0.0,0.0
CN1C(=O)c2ccc(C3(c4ccc5c(c4)C(=O)N(c4ccc(C(C)(C)C)cc4)C5=O)c4ccccc4-c4ccccc43)cc2C1=O,"304,102,570","49,759,948",63.43,39.99,113.05,313.33,2.83,0.3601
None,242,477,0.0,0.0,0.0,0.0,0.0,0.0
None,"535,337","262,159",0.0,0.0,0.0,0.0,0.0,0.0
None,435,169,0.0,0.0,0.0,0.0,0.0,0.0
None,453,753,0.0,0.0,0.0,0.0,0.0,0.0
None,513,590,0.0,0.0,0.0,0.0,0.0,0.0
None,"544,283","51,877",0.0,0.0,0.0,0.0,0.0,0.0
None,37,227,0.0,0.0,0.0,0.0,0.0,0.0
None,486,701,0.0,0.0,0.0,0.0,0.0,0.0
None,"30,279","680,84",0.0,0.0,0.0,0.0,0.0,0.0
None,494,168,0.0,0.0,0.0,0.0,0.0,0.0
Cc1ccc2c(c1)c(=O)[nH]c1cc(N3C(=O)c4cc5cc6ccccc6c(-c6ccc7c(c6)C(=O)N(C)C7=O)c5cc4C3=O)ccc12,74,499,0.16,23.15,181.02,409.78,2.94,0.0011
None,255,456,0.0,0.0,0.0,0.0,0.0,0.0
None,"41,278,19","875,419,956",0.0,0.0,0.0,0.0,0.0,0.0
None,234,473,0.0,0.0,0.0,0.0,0.0,0.0
None,438,166,0.0,0.0,0.0,0.0,0.0,0.0
None,247,468,0.0,0.0,0.0,0.0,0.0,0.0
None,382,861,0.0,0.0,0.0,0.0,0.0,0.0
None,398,80,0.0,0.0,0.0,0.0,0.0,0.0
None,408,771,0.0,0.0,0.0,0.0,0.0,0.0
None,503,488,0.0,0.0,0.0,0.0,0.0,0.0
None,448,628,0.0,0.0,0.0,0.0,0.0,0.0
Cc1cccc2c1cc(N1C(=O)c3ccc(C#CCCCCC#Cc4ccc5c(c4)C(=O)N(C)C5=O)cc3C1=O)c1ccccc12,218,197,0.76,57.06,131.07,234.81,3.09,0.0037
None,"506,85,3,154,77","452,677,682,515,1000",0.0,0.0,0.0,0.0,0.0,0.0
None,222,336,0.0,0.0,0.0,0.0,0.0,0.0
None,33,824,0.0,0.0,0.0,0.0,0.0,0.0
None,"450,266","132,972",0.0,0.0,0.0,0.0,0.0,0.0
None,308,161,0.0,0.0,0.0,0.0,0.0,0.0
None,312,499,0.0,0.0,0.0,0.0,0.0,0.0
Cc1ccc2cc3c(F)c(N4C(=O)c5ccc([Si](c6ccccc6)(c6ccccc6)c6ccc7c(c6)C(=O)N(C)C7=O)cc5C4=O)cc(F)c3cc2c1,382,617,15.21,37.8,114.37,302.66,3.39,0.081
None,"120,465","496,622",0.0,0.0,0.0,0.0,0.0,0.0
None,"326,281","394,440",0.0,0.0,0.0,0.0,0.0,0.0
None,328,265,0.0,0.0,0.0,0.0,0.0,0.0
None,"110,423","739,698",0.0,0.0,0.0,0.0,0.0,0.0
None,427,792,0.0,0.0,0.0,0.0,0.0,0.0
None,"454,279,296","34,149,878",0.0,0.0,0.0,0.0,0.0,0.0
None,"44,565","102,770",0.0,0.0,0.0,0.0,0.0,0.0
None,541,702,0.0,0.0,0.0,0.0,0.0,0.0
Cc1cccc2cc3ccccc3c(N3C(=O)c4ccc([Si](C)(C)c5ccc6c(c5)C(=O)N(C)C6=O)cc4C3=O)c12,"25,571","220,526",68.44,37.84,134.91,313.6,3.04,0.3896
Cc1ccc(-c2ccc3ccc(N4C(=O)C5(C)C6(C)C(=O)N(C)C(=O)C6(C)C5(C)C4=O)cc3c2)cc1,377,597,74.82,10.52,148.19,335.44,3.98,0.4411
None,253,632,0.0,0.0,0.0,0.0,0.0,0.0
None,361,164,0.0,0.0,0.0,0.0,0.0,0.0
None,257,700,0.0,0.0,0.0,0.0,0.0,0.0
None,420,334,0.0,0.0,0.0,0.0,0.0,0.0
Cc1cc2c(cc1C)Nc1cc(N3C(=O)C4CCC(C)(c5ccc6c(c5)C(=O)N(C)C6=O)CC4C3=O)c(C)cc1C2,303,862,72.16,47.29,98.03,420.9,4.11,0.3611
None,"256,189","927,358",0.0,0.0,0.0,0.0,0.0,0.0
None,267,477,0.0,0.0,0.0,0.0,0.0,0.0
None,156,135,0.0,0.0,0.0,0.0,0.0,0.0
None,292,487,0.0,0.0,0.0,0.0,0.0,0.0
None,246,234,0.0,0.0,0.0,0.0,0.0,0.0
None,477,668,0.0,0.0,0.0,0.0,0.0,0.0
Cc1ccc(-c2ccc(N3C(=O)c4ccc(C(C(F)(F)F)(C(F)(F)F)C5(C)CCC6C(=O)N(C)C(=O)C6C5)cc4C3=O)cc2)cc1C,"88,303","374,572",82.86,51.27,105.41,302.49,4.24,0.3627
Cc1ccc2cc1CCCCc1cc-2ccc1N1C(=O)c2ccc(-c3c(C)c(C)c4c(c3C)C(=O)N(C)C4=O)cc2C1=O,330,937,7.1,31.57,123.25,435.25,4.4,0.0382
None,"197,14","704,585",0.0,0.0,0.0,0.0,0.0,0.0
None,"35,197","554,470",0.0,0.0,0.0,0.0,0.0,0.0
None,354,653,0.0,0.0,0.0,0.0,0.0,0.0
None,523,296,0.0,0.0,0.0,0.0,0.0,0.0
None,"290,334","207,316",0.0,0.0,0.0,0.0,0.0,0.0
None,"72,61","694,889",0.0,0.0,0.0,0.0,0.0,0.0
None,"68,430","183,716",0.0,0.0,0.0,0.0,0.0,0.0
None,518,457,0.0,0.0,0.0,0.0,0.0,0.0
None,540,770,0.0,0.0,0.0,0.0,0.0,0.0
None,174,197,0.0,0.0,0.0,0.0,0.0,0.0
None,434,606,0.0,0.0,0.0,0.0,0.0,0.0
None,144,318,0.0,0.0,0.0,0.0,0.0,0.0
None,15,953,0.0,0.0,0.0,0.0,0.0,0.0
None,329,334,0.0,0.0,0.0,0.0,0.0,0.0
None,296,628,0.0,0.0,0.0,0.0,0.0,0.0
None,497,354,0.0,0.0,0.0,0.0,0.0,0.0
None,"222,433","72,23",0.0,0.0,0.0,0.0,0.0,0.0
None,"136,254","317,815",0.0,0.0,0.0,0.0,0.0,0.0
Cc1c(N2C(=O)c3ccc(S(=O)(=O)c4ccc5c(c4)C(=O)N(C)C5=O)cc3C2=O)cc2ccccc2c1C,"109,562","930,605",73.08,45.99,105.03,338.72,2.7,0.4151
None,"158,52","544,41",0.0,0.0,0.0,0.0,0.0,0.0
None,386,221,0.0,0.0,0.0,0.0,0.0,0.0
None,95,447,0.0,0.0,0.0,0.0,0.0,0.0
None,"556,174","727,741",0.0,0.0,0.0,0.0,0.0,0.0
None,569,694,0.0,0.0,0.0,0.0,0.0,0.0
None,385,259,0.0,0.0,0.0,0.0,0.0,0.0
None,258,256,0.0,0.0,0.0,0.0,0.0,0.0
None,234,829,0.0,0.0,0.0,0.0,0.0,0.0
CCCCc1ccc(N2C(=O)C3C4(C)C(=O)N(C)C(=O)C4C3(F)C2=O)cc1,365,40,75.19,52.68,94.43,305.89,4.04,0.3338
CC(=O)c1ccc(N2C(=O)C3C=CC(Cc4ccc5c(c4)C(=O)N(C)C5=O)=CC3C2=O)cc1,520,516,76.45,39.19,105.59,321.16,3.54,0.3992
None,"336,79,459","873,929,960",0.0,0.0,0.0,0.0,0.0,0.0
None,"44,17,175","811,752,352",0.0,0.0,0.0,0.0,0.0,0.0
None,446,409,0.0,0.0,0.0,0.0,0.0,0.0
Cc1ccc2c(c1)CCc1cc3c(cc1-2)CCc1cc(-n2c(=O)c4c5c(=O)oc(=O)c5c5c6c(=O)n(C)c(=O)c6c6c(=O)oc(=O)c6c5c4c2=O)ccc1-3,"347,384","169,540",0.03,27.83,139.37,458.92,3.6,0.0002
Cc1ccc2c(c1)OCCOCCOc1cc(N3C(=O)c4cc5c(cc4C3=O)=CC3C(=O)N(C)C(=O)C3C=5)ccc1OCCOCCOCCO2,551,393,81.89,62.64,78.23,265.91,4.61,0.2929
None,215,835,0.0,0.0,0.0,0.0,0.0,0.0
None,"557,186,55","917,792,453",0.0,0.0,0.0,0.0,0.0,0.0
None,8,563,0.0,0.0,0.0,0.0,0.0,0.0
None,200,481,0.0,0.0,0.0,0.0,0.0,0.0
None,"121,362","778,329",0.0,0.0,0.0,0.0,0.0,0.0
None,469,565,0.0,0.0,0.0,0.0,0.0,0.0
None,243,262,0.0,0.0,0.0,0.0,0.0,0.0
None,57,857,0.0,0.0,0.0,0.0,0.0,0.0
None,33,301,0.0,0.0,0.0,0.0,0.0,0.0
None,"301,135,25","420,701,367",0.0,0.0,0.0,0.0,0.0,0.0
Cc1ccc(-c2ccc(-n3c(=O)c4cc(C)c5c(c(-c6ccc7c(c6)C(=O)OC7=O)cc6c(=O)n(C)c(=O)c65)c4c3=O)c3c2CCCC3)cc1,182,607,0.38,16.71,109.57,412.67,3.36,0.0024
None,56,115,0.0,0.0,0.0,0.0,0.0,0.0
C=Cc1cc2cccc(N3C(=O)C4=CC=C(Oc5ccc6c(c5)C(=O)N(C)C6=O)CC4C3=O)c2cc1C(=C)C,96,160,14.12,54.97,96.16,290.32,3.87,0.0627
Cc1c(F)c(F)cc2c(N3C(=O)c4cc(-c5ccc6c(c5)C(=O)N(C)C6=O)cc(C#Cc5ccccc5)c4C3=O)cccc12,108,244,2.3,37.08,136.49,308.62,3.05,0.0131
None,"504,129","694,187",0.0,0.0,0.0,0.0,0.0,0.0
Cc1cc(N=Nc2cccc3ccccc23)cc(N2C(=O)c3ccc(S(C)(C)c4ccc5c(c4)C(=O)N(C)C5=O)cc3C2=O)c1,"127,380","87,817",72.32,51.94,108.99,284.0,3.14,0.3642
None,200,128,0.0,0.0,0.0,0.0,0.0,0.0
None,64,475,0.0,0.0,0.0,0.0,0.0,0.0
CC1C=CC=C(Oc2ccc(N3C(=O)C4CC5CC6C(=O)N(C)C(=O)C6CC5C4C3=O)cc2)C1,351,338,81.27,54.08,86.87,315.72,4.55,0.3307
None,"63,70","967,271",0.0,0.0,0.0,0.0,0.0,0.0
Cc1cc(-c2ccc(N3C(=O)CC4(CC5CC4C4C6C(=O)N(C)C(=O)C6C54)C3=O)cc2)ccc1F,410,367,75.44,40.36,98.7,361.73,5.53,0.3282
Cc1ccc(C#N)c2cccc(N3C(=O)c4cc5ccccc5c(-c5ccc6c(c5)C(=O)N(C)C6=O)c4C3=O)c12,161,120,0.89,38.76,151.67,339.19,2.83,0.0053
None,"176,438","203,143",0.0,0.0,0.0,0.0,0.0,0.0
None,198,176,0.0,0.0,0.0,0.0,0.0,0.0
None,"358,452,239","460,724,756",0.0,0.0,0.0,0.0,0.0,0.0
None,413,449,0.0,0.0,0.0,0.0,0.0,0.0
None,"156,427","881,800",0.0,0.0,0.0,0.0,0.0,0.0
None,229,287,0.0,0.0,0.0,0.0,0.0,0.0
None,"91,119,286,273","769,160,781,347",0.0,0.0,0.0,0.0,0.0,0.0
None,"127,465","803,315",0.0,0.0,0.0,0.0,0.0,0.0
None,"97,136","244,713",0.0,0.0,0.0,0.0,0.0,0.0
None,53,324,0.0,0.0,0.0,0.0,0.0,0.0
None,266,622,0.0,0.0,0.0,0.0,0.0,0.0
None,"333,295","827,991",0.0,0.0,0.0,0.0,0.0,0.0
None,421,444,0.0,0.0,0.0,0.0,0.0,0.0
None,225,530,0.0,0.0,0.0,0.0,0.0,0.0
None,539,501,0.0,0.0,0.0,0.0,0.0,0.0
None,"110,238,253","81,40,579",0.0,0.0,0.0,0.0,0.0,0.0
None,37,981,0.0,0.0,0.0,0.0,0.0,0.0
None,472,463,0.0,0.0,0.0,0.0,0.0,0.0
None,"449,534","809,504",0.0,0.0,0.0,0.0,0.0,0.0
Cc1ccc2c(c1)Cc1cc(N3C(=O)C4=CCC=C(c5ccc6c(c5)C(=O)N(C)C6=O)C=C4C3=O)c(Cl)cc1-2,"110,514","527,363",4.55,33.01,105.7,332.25,3.3,0.0254
None,416,362,0.0,0.0,0.0,0.0,0.0,0.0
Cc1c(F)c(C)c(-c2ccc(N3C(=O)c4cc5c(cc4C3=O)C3C=CC5C4C(=O)N(C)C(=O)C34)cc2)c(F)c1F,"474,326,217","484,871,236",78.92,13.14,97.07,419.62,4.93,0.4184
Cc1ccc2c(c1)sc1cc(N3C(=O)C4C5(F)C(=O)N(C)C(=O)C5C4(F)C3=O)ccc12,374,529,75.49,54.4,99.74,341.77,4.32,0.3305
Cc1ccc(-c2c(F)cc(N3C(=O)c4ccc(-c5ccc6c(c5)C(=O)N(C)C6=O)cc4C3=O)c(F)c2F)cc1,1,763,2.86,11.36,138.63,383.71,2.69,0.0197
None,70,364,0.0,0.0,0.0,0.0,0.0,0.0
Cc1cnc2cc3ncc(N4C(=O)C5C6CC(C5C4=O)C4C5CC(C7C(=O)N(C)C(=O)C57)C64)cc3cc2c1,353,670,78.58,41.01,105.27,468.95,5.72,0.3766
None,"290,10","764,767",0.0,0.0,0.0,0.0,0.0,0.0
None,500,962,0.0,0.0,0.0,0.0,0.0,0.0
None,418,145,0.0,0.0,0.0,0.0,0.0,0.0
Cc1cc2ccccc2cc1N1C(=O)C2CCC(C3CCCC4C(=O)N(C)C(=O)C43)CC2C1=O,"120,352","259,429",81.24,52.13,95.92,293.02,4.03,0.3587
Cc1ccc2c(N3C(=O)C4(F)C5(C)C(=O)N(C)C(=O)C5(C)C4(F)C3=O)cccc2c1C,363,569,74.75,38.32,132.74,390.01,4.32,0.3829
Cc1ccc2c3ccc(C)c4c(N5C(=O)c6ccc(C7(c8ccc9c(c8)C(=O)N(C)C9=O)c8ccccc8-c8ccccc87)cc6C5=O)ccc(c5ccc(C)c1c25)c43,570,600,12.93,32.74,114.45,406.29,3.29,0.0767
None,"114,81,367","25,344,874",0.0,0.0,0.0,0.0,0.0,0.0
None,325,432,0.0,0.0,0.0,0.0,0.0,0.0
None,500,558,0.0,0.0,0.0,0.0,0.0,0.0
None,535,59,0.0,0.0,0.0,0.0,0.0,0.0
None,"553,487","772,648",0.0,0.0,0.0,0.0,0.0,0.0
None,"136,19","366,109",0.0,0.0,0.0,0.0,0.0,0.0
None,67,289,0.0,0.0,0.0,0.0,0.0,0.0
None,369,260,0.0,0.0,0.0,0.0,0.0,0.0
None,313,292,0.0,0.0,0.0,0.0,0.0,0.0
Cc1ccc(-c2ccc(N3C(=O)c4cc(-c5ccc6c(c5)C(=O)N(C)C6=O)cc(C)c4C3=O)s2)cc1,536,526,4.37,10.13,106.04,311.79,2.74,0.0282
None,26,487,0.0,0.0,0.0,0.0,0.0,0.0
None,183,860,0.0,0.0,0.0,0.0,0.0,0.0
None,"289,69","622,360",0.0,0.0,0.0,0.0,0.0,0.0
None,42,949,0.0,0.0,0.0,0.0,0.0,0.0
None,7,77,0.0,0.0,0.0,0.0,0.0,0.0
None,112,58,0.0,0.0,0.0,0.0,0.0,0.0
None,"193,40","561,397",0.0,0.0,0.0,0.0,0.0,0.0
None,558,950,0.0,0.0,0.0,0.0,0.0,0.0
None,296,140,0.0,0.0,0.0,0.0,0.0,0.0
None,498,849,0.0,0.0,0.0,0.0,0.0,0.0
None,"125,455","934,880",0.0,0.0,0.0,0.0,0.0,0.0
None,459,5,0.0,0.0,0.0,0.0,0.0,0.0
None,447,895,0.0,0.0,0.0,0.0,0.0,0.0
None,500,463,0.0,0.0,0.0,0.0,0.0,0.0
None,537,961,0.0,0.0,0.0,0.0,0.0,0.0
None,"222,421","93,198",0.0,0.0,0.0,0.0,0.0,0.0
None,297,316,0.0,0.0,0.0,0.0,0.0,0.0
None,"18,518","867,38",0.0,0.0,0.0,0.0,0.0,0.0
None,474,834,0.0,0.0,0.0,0.0,0.0,0.0
None,144,804,0.0,0.0,0.0,0.0,0.0,0.0
None,"565,309,527","84,994,24",0.0,0.0,0.0,0.0,0.0,0.0
None,242,758,0.0,0.0,0.0,0.0,0.0,0.0
None,129,892,0.0,0.0,0.0,0.0,0.0,0.0
None,"169,247","681,24",0.0,0.0,0.0,0.0,0.0,0.0
None,213,655,0.0,0.0,0.0,0.0,0.0,0.0
None,"58,304,23,161","111,299,546,426",0.0,0.0,0.0,0.0,0.0,0.0
None,285,213,0.0,0.0,0.0,0.0,0.0,0.0
None,519,176,0.0,0.0,0.0,0.0,0.0,0.0
None,188,445,0.0,0.0,0.0,0.0,0.0,0.0
None,"20,361","683,537",0.0,0.0,0.0,0.0,0.0,0.0
None,388,529,0.0,0.0,0.0,0.0,0.0,0.0
None,6,601,0.0,0.0,0.0,0.0,0.0,0.0
None,50,414,0.0,0.0,0.0,0.0,0.0,0.0
None,"332,326","758,141",0.0,0.0,0.0,0.0,0.0,0.0
None,"114,91,336","69,536,234",0.0,0.0,0.0,0.0,0.0,0.0
None,196,950,0.0,0.0,0.0,0.0,0.0,0.0
None,"538,145","642,326",0.0,0.0,0.0,0.0,0.0,0.0
None,175,9,0.0,0.0,0.0,0.0,0.0,0.0
None,393,917,0.0,0.0,0.0,0.0,0.0,0.0
Cc1ccc(P(=O)(c2ccccc2)c2ccccc2)c(-c2c3ccccc3c(C(F)(c3ccc(N4C(=O)c5ccc(S(=O)(=O)c6ccc7c(c6)C(=O)N(C)C7=O)cc5C4=O)cc3)C(F)(F)C(F)(F)C(F)(F)F)c3ccccc23)c1,"145,562,370","964,450,406",92.21,44.63,90.69,367.17,4.61,0.4139
None,167,492,0.0,0.0,0.0,0.0,0.0,0.0
None,546,871,0.0,0.0,0.0,0.0,0.0,0.0
None,423,953,0.0,0.0,0.0,0.0,0.0,0.0
None,"238,13,505","654,282,787",0.0,0.0,0.0,0.0,0.0,0.0
None,"204,561","507,713",0.0,0.0,0.0,0.0,0.0,0.0
None,185,872,0.0,0.0,0.0,0.0,0.0,0.0
None,111,782,0.0,0.0,0.0,0.0,0.0,0.0
None,304,735,0.0,0.0,0.0,0.0,0.0,0.0
None,266,652,0.0,0.0,0.0,0.0,0.0,0.0
None,100,909,0.0,0.0,0.0,0.0,0.0,0.0
None,541,34,0.0,0.0,0.0,0.0,0.0,0.0
Cc1ccc2c(c1)OCCOCCOCCOc1ccc(N3C(=O)c4ccc(C5(c6ccc7c(c6)C(=O)N(C)C7=O)c6cc(C)ccc6-c6ccc(C)cc65)cc4C3=O)cc1OCCOCCO2,190,392,59.52,64.79,86.22,268.9,4.03,0.2356
Cc1cccc2c1C(N1C(=O)c3ccc(OC4=CC=CC5C(=O)N(C)C(=O)C45)cc3C1=O)CCC2,7,199,81.81,56.11,87.19,336.6,4.02,0.3646
None,"304,393","905,50",0.0,0.0,0.0,0.0,0.0,0.0
None,500,499,0.0,0.0,0.0,0.0,0.0,0.0
None,"62,141","502,546",0.0,0.0,0.0,0.0,0.0,0.0
Cc1ccc2c(c1)Cc1c-2cc(Cl)c(N2C(=O)C3C(=O)N(C)C(=O)C3C2=O)c1Cl,"355,353","46,500",82.87,23.64,107.83,411.76,3.75,0.4842
None,319,295,0.0,0.0,0.0,0.0,0.0,0.0
None,362,872,0.0,0.0,0.0,0.0,0.0,0.0
None,482,45,0.0,0.0,0.0,0.0,0.0,0.0
None,387,630,0.0,0.0,0.0,0.0,0.0,0.0
None,"286,203","991,409",0.0,0.0,0.0,0.0,0.0,0.0
None,67,879,0.0,0.0,0.0,0.0,0.0,0.0
None,397,45,0.0,0.0,0.0,0.0,0.0,0.0
Cc1ccc(-c2c(C(C(F)(F)F)C(F)(F)F)cc(N3C(=O)c4ccc(C5(c6cc(C)c(C7(C)CCC8C(=O)N(C)C(=O)C8C7)c(C)c6C)C6CC7CC(C6)CC5C7)cc4C3=O)c3ccccc23)cc1,"83,82,303","592,782,548",86.35,50.48,89.43,436.73,6.2,0.3761
None,399,736,0.0,0.0,0.0,0.0,0.0,0.0
None,395,4,0.0,0.0,0.0,0.0,0.0,0.0
C=Cc1cc(N2C(=O)C3CC4C(=O)N(C)C(=O)C4CC3C2=O)cc2c(C=C)cc(C)cc12,542,126,59.9,61.02,121.17,342.12,4.18,0.2638
None,393,711,0.0,0.0,0.0,0.0,0.0,0.0
None,519,697,0.0,0.0,0.0,0.0,0.0,0.0
None,"12,263","179,371",0.0,0.0,0.0,0.0,0.0,0.0
None,243,116,0.0,0.0,0.0,0.0,0.0,0.0
None,438,37,0.0,0.0,0.0,0.0,0.0,0.0
None,490,290,0.0,0.0,0.0,0.0,0.0,0.0
None,503,118,0.0,0.0,0.0,0.0,0.0,0.0
None,288,679,0.0,0.0,0.0,0.0,0.0,0.0
None,443,789,0.0,0.0,0.0,0.0,0.0,0.0
Cc1ccc(C2(c3ccc(N4C(=O)c5ccc(S(=O)(=O)c6ccc7c(c6)C(=O)N(C)C7=O)cc5C4=O)cc3)OC(=O)c3ccccc32)cc1,"562,321","542,902",77.34,41.17,97.96,359.14,3.44,0.4142
None,415,918,0.0,0.0,0.0,0.0,0.0,0.0
None,435,32,0.0,0.0,0.0,0.0,0.0,0.0
None,447,18,0.0,0.0,0.0,0.0,0.0,0.0
None,532,737,0.0,0.0,0.0,0.0,0.0,0.0
None,515,104,0.0,0.0,0.0,0.0,0.0,0.0
CCC(C)c1ccc(N2C(=O)c3ccc(C4(c5ccc6c(c5)C(=O)N(C)C6=O)CCc5ccccc54)cc3C2=O)cc1,202,29,73.69,40.34,98.46,281.75,3.6,0.3657
None,299,202,0.0,0.0,0.0,0.0,0.0,0.0
None,"380,358","940,553",0.0,0.0,0.0,0.0,0.0,0.0
None,"262,349","427,66",0.0,0.0,0.0,0.0,0.0,0.0
None,"526,156","396,449",0.0,0.0,0.0,0.0,0.0,0.0
None,"86,220","930,292",0.0,0.0,0.0,0.0,0.0,0.0
None,387,163,0.0,0.0,0.0,0.0,0.0,0.0
None,524,205,0.0,0.0,0.0,0.0,0.0,0.0
Cc1ccc(OC2=CC=CC(N3C(=O)c4cc5c(cc4C3=O)CC3C(=O)N(C)C(=O)C3C5)C2)cc1,245,338,81.73,59.59,90.94,297.73,4.06,0.3437
None,372,340,0.0,0.0,0.0,0.0,0.0,0.0
None,496,745,0.0,0.0,0.0,0.0,0.0,0.0
None,465,862,0.0,0.0,0.0,0.0,0.0,0.0
None,413,961,0.0,0.0,0.0,0.0,0.0,0.0
None,"207,567","995,345",0.0,0.0,0.0,0.0,0.0,0.0
None,"94,423","62,967",0.0,0.0,0.0,0.0,0.0,0.0
None,180,51,0.0,0.0,0.0,0.0,0.0,0.0
None,513,866,0.0,0.0,0.0,0.0,0.0,0.0
None,402,14,0.0,0.0,0.0,0.0,0.0,0.0
None,37,930,0.0,0.0,0.0,0.0,0.0,0.0
Cc1cccc2c1c(N1C(=O)C3CCCC(C4CCC5C(=O)N(C)C(=O)C5C4)C3C1=O)cc1ccccc12,352,88,81.27,52.1,95.91,299.67,4.17,0.3535
None,298,743,0.0,0.0,0.0,0.0,0.0,0.0
None,34,309,0.0,0.0,0.0,0.0,0.0,0.0
None,317,128,0.0,0.0,0.0,0.0,0.0,0.0
None,511,664,0.0,0.0,0.0,0.0,0.0,0.0
None,"256,424","416,927",0.0,0.0,0.0,0.0,0.0,0.0
None,66,289,0.0,0.0,0.0,0.0,0.0,0.0
None,545,299,0.0,0.0,0.0,0.0,0.0,0.0
None,"105,176","165,638",0.0,0.0,0.0,0.0,0.0,0.0
None,95,524,0.0,0.0,0.0,0.0,0.0,0.0
Cc1ccc(-c2ccc3ccc4c(-c5cccc6cccc(N7C(=O)c8ccc(-c9ccccc9-c9ccc%10cc%11c(cc%10c9)C(=O)N(C)C%11=O)cc8C7=O)c56)ccc5ccc2c3c54)cc1,"20,205","586,90",0.01,31.86,148.21,408.95,3.3,0.0001
None,416,104,0.0,0.0,0.0,0.0,0.0,0.0
None,397,85,0.0,0.0,0.0,0.0,0.0,0.0
None,142,300,0.0,0.0,0.0,0.0,0.0,0.0
None,"473,451","923,765",0.0,0.0,0.0,0.0,0.0,0.0
None,139,930,0.0,0.0,0.0,0.0,0.0,0.0
None,282,378,0.0,0.0,0.0,0.0,0.0,0.0
None,242,9,0.0,0.0,0.0,0.0,0.0,0.0
Cc1ccc(OC2=CC=CC(N3C(=O)C4C5(C)C(=O)N(C)C(=O)C5C4(C)C3=O)C2)cc1,555,338,76.0,65.56,98.21,298.84,4.71,0.2781
None,524,874,0.0,0.0,0.0,0.0,0.0,0.0
Cc1ccc(-c2ccc(N3C(=O)C4C=CC(Oc5ccc6c(c5)C(=O)N(C)C6=O)=CC4C3=O)nc2)cc1,8,536,75.86,29.52,109.52,331.03,3.63,0.4143
None,137,416,0.0,0.0,0.0,0.0,0.0,0.0
None,"339,124","772,890",0.0,0.0,0.0,0.0,0.0,0.0
None,396,864,0.0,0.0,0.0,0.0,0.0,0.0
Cc1ccc2c(c1)NC(=O)C2(C)c1ccc(N2C(=O)C3(C)C4C(=O)N(C)C(=O)C4(C)C3(C)C2=O)cc1,375,802,75.13,17.96,93.49,375.24,4.58,0.3922
None,"343,533","524,273",0.0,0.0,0.0,0.0,0.0,0.0
None,276,583,0.0,0.0,0.0,0.0,0.0,0.0
None,235,861,0.0,0.0,0.0,0.0,0.0,0.0
None,106,687,0.0,0.0,0.0,0.0,0.0,0.0
None,"45,104","663,480",0.0,0.0,0.0,0.0,0.0,0.0
Cc1ccc2c(c1)OCCOCCOCCOc1cc(N3C(=O)C4CCCC(C5CCC6C(=O)N(C)C(=O)C6C5)C4C3=O)ccc1OCCO2,"352,447,269","556,387,390",86.19,65.5,76.68,261.27,4.93,0.2815
None,525,178,0.0,0.0,0.0,0.0,0.0,0.0
None,"565,413","605,724",0.0,0.0,0.0,0.0,0.0,0.0
CC1CCC(N2C(=O)C3C4C(=O)N(C)C(=O)C4C3C2=O)C1,"226,544","673,539",80.04,31.98,93.16,418.09,4.07,0.4306
None,338,298,0.0,0.0,0.0,0.0,0.0,0.0
None,499,857,0.0,0.0,0.0,0.0,0.0,0.0
None,541,936,0.0,0.0,0.0,0.0,0.0,0.0
Cc1ccc(S(=O)(=O)c2ccc(N3C(=O)c4ccc(C5CC6CC5C5C(=O)N(C)C(=O)C65)cc4C3=O)cc2O)c(O)c1,"64,352,472,494","446,642,875,811",75.08,50.05,89.66,364.06,4.91,0.3105
None,420,937,0.0,0.0,0.0,0.0,0.0,0.0
None,126,848,0.0,0.0,0.0,0.0,0.0,0.0
None,45,43,0.0,0.0,0.0,0.0,0.0,0.0
None,49,646,0.0,0.0,0.0,0.0,0.0,0.0
None,310,992,0.0,0.0,0.0,0.0,0.0,0.0
None,"103,354","174,355",0.0,0.0,0.0,0.0,0.0,0.0
None,537,211,0.0,0.0,0.0,0.0,0.0,0.0
None,253,438,0.0,0.0,0.0,0.0,0.0,0.0
None,56,325,0.0,0.0,0.0,0.0,0.0,0.0
Cc1ccc(-c2cc(F)c(N3C(=O)C4C5(C)C(=O)N(C)C(=O)C5C4(C)C3=O)c(F)c2)cc1,"211,555","319,173",73.18,28.35,94.9,381.76,4.07,0.3903
Cc1ccc2cc(N3C(=O)C4C=CC(Oc5ccc6c(c5)C(=O)N(C)C6=O)=CC4C3=O)c(F)c(F)c2c1,8,228,79.59,30.87,102.37,318.97,3.85,0.4138
Cc1ccc2cc(N3C(=O)C4=CCC=C(c5ccc6c(c5)C(=O)N(C)C6=O)C=C4C3=O)c3cc4ccccc4cc3c2c1,514,567,0.93,31.22,120.67,348.37,3.26,0.0054
None,"331,15","7,361",0.0,0.0,0.0,0.0,0.0,0.0
None,33,1,0.0,0.0,0.0,0.0,0.0,0.0
None,478,555,0.0,0.0,0.0,0.0,0.0,0.0
Cc1ccc2c(c1)-c1cc(-n3c(=O)c4cc5c(=O)n(C)c(=O)c5c(-c5ccc6c(c5)C(=O)OC6=O)c4c3=O)ccc1C21c2ccccc2Oc2ccccc21,173,0,2.68,32.52,102.88,376.06,3.96,0.0142
None,"201,519","830,546",0.0,0.0,0.0,0.0,0.0,0.0
None,264,210,0.0,0.0,0.0,0.0,0.0,0.0
None,361,856,0.0,0.0,0.0,0.0,0.0,0.0
None,397,970,0.0,0.0,0.0,0.0,0.0,0.0
CCc1ccc(N2C(=O)C3C4C=CC(C3C2=O)C2C3C(=O)N(C)C(=O)C3C42)cc1,458,10,79.38,37.99,92.67,426.3,4.96,0.3705
None,"165,110","474,112",0.0,0.0,0.0,0.0,0.0,0.0
None,543,134,0.0,0.0,0.0,0.0,0.0,0.0
None,10,566,0.0,0.0,0.0,0.0,0.0,0.0
None,"502,366,534,135","397,411,934,37",0.0,0.0,0.0,0.0,0.0,0.0
None,174,713,0.0,0.0,0.0,0.0,0.0,0.0
CC1=CCC(Oc2ccc(N3C(=O)C4CC5C(=O)N(C)C(=O)C5CC4C3=O)cc2)=CCC=C1,542,346,83.76,50.94,87.14,310.97,4.19,0.366
None,480,232,0.0,0.0,0.0,0.0,0.0,0.0
None,545,930,0.0,0.0,0.0,0.0,0.0,0.0
None,149,126,0.0,0.0,0.0,0.0,0.0,0.0
None,"286,286,90","545,79,850",0.0,0.0,0.0,0.0,0.0,0.0
None,462,283,0.0,0.0,0.0,0.0,0.0,0.0
None,411,283,0.0,0.0,0.0,0.0,0.0,0.0
None,"551,150","929,711",0.0,0.0,0.0,0.0,0.0,0.0
None,163,461,0.0,0.0,0.0,0.0,0.0,0.0
CC1=C2C(=O)N(C)C(=O)C2=CC(Oc2ccc3c(c2)C(=O)N(c2ccc4c(c2)OCCOc2ccc(C)cc2OCCOCCOCCO4)C3=O)=CC1,126,385,67.64,66.75,82.13,244.92,3.97,0.2594
None,415,284,0.0,0.0,0.0,0.0,0.0,0.0
None,462,67,0.0,0.0,0.0,0.0,0.0,0.0
None,177,974,0.0,0.0,0.0,0.0,0.0,0.0
None,541,491,0.0,0.0,0.0,0.0,0.0,0.0
None,224,940,0.0,0.0,0.0,0.0,0.0,0.0
None,66,107,0.0,0.0,0.0,0.0,0.0,0.0
None,459,533,0.0,0.0,0.0,0.0,0.0,0.0
None,227,137,0.0,0.0,0.0,0.0,0.0,0.0
None,77,669,0.0,0.0,0.0,0.0,0.0,0.0
None,267,473,0.0,0.0,0.0,0.0,0.0,0.0
None,180,14,0.0,0.0,0.0,0.0,0.0,0.0
None,219,334,0.0,0.0,0.0,0.0,0.0,0.0
None,567,31,0.0,0.0,0.0,0.0,0.0,0.0
None,56,760,0.0,0.0,0.0,0.0,0.0,0.0
Cc1cc2nc3cc(C)c(N4C(=O)c5ccc(-c6cc(F)c7c(c6F)C(=O)N(C)C7=O)cc5C4=O)cc3nc2cc1C,327,657,18.09,10.88,132.14,409.88,3.07,0.1215
None,490,229,0.0,0.0,0.0,0.0,0.0,0.0
None,259,385,0.0,0.0,0.0,0.0,0.0,0.0
None,206,364,0.0,0.0,0.0,0.0,0.0,0.0
None,241,0,0.0,0.0,0.0,0.0,0.0,0.0
None,"116,141,530","31,752,918",0.0,0.0,0.0,0.0,0.0,0.0
None,298,747,0.0,0.0,0.0,0.0,0.0,0.0
None,261,612,0.0,0.0,0.0,0.0,0.0,0.0
None,291,800,0.0,0.0,0.0,0.0,0.0,0.0
Cc1ccc(C(CC(C)C)(CC(C)C)C2(N3C(=O)C4(C)C5(C)C(=O)N(C)C(=O)C5(C)C4(C)C3=O)CC2)cc1,"377,153","683,101",80.76,45.21,109.71,302.52,4.78,0.3383
None,"317,5","452,71",0.0,0.0,0.0,0.0,0.0,0.0
None,378,869,0.0,0.0,0.0,0.0,0.0,0.0
None,196,19,0.0,0.0,0.0,0.0,0.0,0.0
Cc1cc(N2C(=O)C3C4CC5C(=O)N(C)C(=O)C5CC4C3C2=O)cc2c(C)cccc12,"454,426","201,356",78.18,47.57,109.73,422.81,4.03,0.3996
None,196,93,0.0,0.0,0.0,0.0,0.0,0.0
None,43,384,0.0,0.0,0.0,0.0,0.0,0.0
None,486,493,0.0,0.0,0.0,0.0,0.0,0.0
None,"82,445","948,954",0.0,0.0,0.0,0.0,0.0,0.0
None,540,428,0.0,0.0,0.0,0.0,0.0,0.0
None,98,906,0.0,0.0,0.0,0.0,0.0,0.0
None,206,679,0.0,0.0,0.0,0.0,0.0,0.0
None,"197,176,226","670,475,298",0.0,0.0,0.0,0.0,0.0,0.0
Cc1ccc(-c2ccc(N3C(=O)CC(C4CC(=O)N(C)C4=O)C3=O)c(C)c2)cc1,543,424,77.42,31.98,132.2,329.28,3.06,0.4549
None,365,378,0.0,0.0,0.0,0.0,0.0,0.0
None,33,387,0.0,0.0,0.0,0.0,0.0,0.0
None,"35,194,268","198,400,631",0.0,0.0,0.0,0.0,0.0,0.0
Cc1cc2ccc(N3C(=O)C4CCCC(C5CCC6C(=O)N(C)C(=O)C6C5)C4C3=O)cc2c2cc3ccccc3cc12,352,567,80.64,49.03,95.84,327.15,4.22,0.3631
None,312,215,0.0,0.0,0.0,0.0,0.0,0.0
Cc1ccc2ccc3c4c(ccc1c24)CCC=3N1C(=O)c2ccc(C(=O)C3=CCC4(C)C(=O)N(C)C(=O)C4=C3)cc2C1=O,295,187,18.83,22.54,140.9,340.13,4.04,0.1043
None,87,302,0.0,0.0,0.0,0.0,0.0,0.0
None,"220,271","813,108",0.0,0.0,0.0,0.0,0.0,0.0
None,430,883,0.0,0.0,0.0,0.0,0.0,0.0
Cc1ccc2nc3ccc(N4C(=O)C5(F)C6(F)C(=O)N(C)C(=O)C6(F)C5(F)C4=O)cc3c(C)c2c1,"214,219,362","935,625,662",76.56,13.94,119.73,373.79,4.46,0.4222
None,413,884,0.0,0.0,0.0,0.0,0.0,0.0
None,322,647,0.0,0.0,0.0,0.0,0.0,0.0
Cc1ccc(N2C(=O)c3c(F)cc(-c4ccc5c(c4)C(=O)N(C)C5=O)c(F)c3C2=O)c2cc3ccccc3cc12,327,606,2.28,28.32,151.38,342.05,2.89,0.0142
None,185,105,0.0,0.0,0.0,0.0,0.0,0.0
None,"366,140","600,956",0.0,0.0,0.0,0.0,0.0,0.0
None,195,562,0.0,0.0,0.0,0.0,0.0,0.0
None,"47,6","42,433",0.0,0.0,0.0,0.0,0.0,0.0
None,328,478,0.0,0.0,0.0,0.0,0.0,0.0
None,269,688,0.0,0.0,0.0,0.0,0.0,0.0
None,409,39,0.0,0.0,0.0,0.0,0.0,0.0
Cc1ccc(C(c2ccc(N3C(=O)C4=CC(C(=O)c5cccc(ONOc6ccc7c(c6)C(=O)N(C)C7=O)c5)=CCC4C3=O)cc2)C(Cl)Cl)c(C)c1,"306,21,172","850,421,310",81.75,58.51,86.58,247.45,4.42,0.3083
None,264,17,0.0,0.0,0.0,0.0,0.0,0.0
None,"313,354","961,266",0.0,0.0,0.0,0.0,0.0,0.0
None,379,453,0.0,0.0,0.0,0.0,0.0,0.0
None,25,305,0.0,0.0,0.0,0.0,0.0,0.0
None,"207,168","671,268",0.0,0.0,0.0,0.0,0.0,0.0
None,"83,41","531,836",0.0,0.0,0.0,0.0,0.0,0.0
None,"350,490","604,645",0.0,0.0,0.0,0.0,0.0,0.0
None,360,239,0.0,0.0,0.0,0.0,0.0,0.0
None,456,221,0.0,0.0,0.0,0.0,0.0,0.0
None,"454,476","991,165",0.0,0.0,0.0,0.0,0.0,0.0
None,101,753,0.0,0.0,0.0,0.0,0.0,0.0
None,456,518,0.0,0.0,0.0,0.0,0.0,0.0
None,478,761,0.0,0.0,0.0,0.0,0.0,0.0
C=Cc1c(C)cccc1C(=C)N1C(=O)C2CCC(C3CC(=O)N(C)C3=O)=C(C)C2C1=O,484,166,67.23,53.27,91.56,344.38,4.4,0.2908
Cc1ccc2c(C)c3ccc(N4C(=O)c5ccc(S(=O)(=O)c6ccc7c(c6)C(=O)N(C)C7=O)cc5C4=O)cc3nc2c1,562,661,67.64,41.07,104.22,356.53,2.79,0.393
None,432,50,0.0,0.0,0.0,0.0,0.0,0.0
None,153,316,0.0,0.0,0.0,0.0,0.0,0.0
None,29,752,0.0,0.0,0.0,0.0,0.0,0.0
None,569,78,0.0,0.0,0.0,0.0,0.0,0.0
None,"256,173","887,246",0.0,0.0,0.0,0.0,0.0,0.0
None,"329,158","546,353",0.0,0.0,0.0,0.0,0.0,0.0
Cc1ccc(C2(c3ccc(N4C(=O)C5C(C4=O)C4C6CC(C7C8C(=O)N(C)C(=O)C8C67)C54)cc3)CCCc3ccccc32)cc1,"411,265","8,795",76.91,32.1,95.62,418.77,5.58,0.3669
None,"270,506,41,391","88,991,269,379",0.0,0.0,0.0,0.0,0.0,0.0
Cc1ccc(C2=C(c3ccc(N4C(=O)c5cc(-c6ccc7c(c6)C(=O)N(C)C7=O)cc(C#Cc6ccccc6)c5C4=O)cc3)C(F)(F)C(F)(F)C2(F)F)cc1,108,938,12.28,34.28,136.22,295.34,3.57,0.0658
None,"222,141","452,964",0.0,0.0,0.0,0.0,0.0,0.0
Cc1ccc2c(c1)C(C)(C)CC2(C)c1ccc(N2C(=O)c3ccc(C4(c5ccc6c(c5F)C(=O)N(C)C6=O)C5CC6CC(C5)CC4C6)cc3C2=O)cc1,"83,344","899,744",80.36,48.22,92.98,445.55,5.12,0.3586
Cc1cccc2ccc3c(N4C(=O)c5ccc(C6C=CC(OC7=CC8C(=O)N(C)C(=O)C8C=C7)=CC6)cc5C4=O)cccc3c12,116,209,80.5,41.42,87.74,380.61,4.33,0.3861
None,404,746,0.0,0.0,0.0,0.0,0.0,0.0
None,144,887,0.0,0.0,0.0,0.0,0.0,0.0
None,486,865,0.0,0.0,0.0,0.0,0.0,0.0
None,418,560,0.0,0.0,0.0,0.0,0.0,0.0
Cc1ccc2cc(N3C(=O)C4C5C(=O)N(C)C(=O)C5C4C3=O)c(C)cc2c1,"544,248","698,147",76.85,14.07,125.72,434.38,3.66,0.4852
None,427,233,0.0,0.0,0.0,0.0,0.0,0.0
None,247,986,0.0,0.0,0.0,0.0,0.0,0.0
None,166,369,0.0,0.0,0.0,0.0,0.0,0.0
None,"516,544","686,321",0.0,0.0,0.0,0.0,0.0,0.0
None,408,687,0.0,0.0,0.0,0.0,0.0,0.0
None,241,259,0.0,0.0,0.0,0.0,0.0,0.0
None,309,805,0.0,0.0,0.0,0.0,0.0,0.0
None,273,937,0.0,0.0,0.0,0.0,0.0,0.0
Cc1cc(N(C)c2ccc(N3C(=O)c4c(F)c(F)c(-c5ccc6c(c5)C(=O)N(C)C6=O)c(F)c4C3=O)cc2)c(C(F)(F)C(F)(F)C(F)(F)C(F)(F)C(F)(F)C(F)(F)C(F)(F)C(F)(F)F)cc1F,"100,176,275","847,788,750",78.32,42.87,100.62,297.51,4.13,0.3618
None,369,244,0.0,0.0,0.0,0.0,0.0,0.0
None,392,210,0.0,0.0,0.0,0.0,0.0,0.0
None,229,231,0.0,0.0,0.0,0.0,0.0,0.0
Cc1ccc(S(=O)(=O)c2ccc(N3C(=O)C4C5C(=O)N(C)C(=O)C5(F)C4(C)C3=O)cc2)nc1,"79,364,393","788,772,836",75.11,48.1,94.26,333.33,4.15,0.3447
None,529,853,0.0,0.0,0.0,0.0,0.0,0.0
None,"406,529","832,256",0.0,0.0,0.0,0.0,0.0,0.0
None,"68,45","881,424",0.0,0.0,0.0,0.0,0.0,0.0
None,"290,84","543,215",0.0,0.0,0.0,0.0,0.0,0.0
None,228,723,0.0,0.0,0.0,0.0,0.0,0.0
CN1C(=O)C2=C(c3ccc4c(c3)C(=O)N(c3ccc(CC(C)(F)F)cc3)C4=O)C=CCC2C1=O,"483,516","963,363",47.93,56.75,96.31,311.3,3.56,0.2247
None,272,930,0.0,0.0,0.0,0.0,0.0,0.0
None,110,318,0.0,0.0,0.0,0.0,0.0,0.0
Cc1ccc(-c2ccc(C)c(N3C(=O)C4CC5C(=O)N(C)C(=O)C5C4C3=O)c2)cc1,566,374,79.08,25.01,118.68,426.74,3.46,0.4833
None,"44,104","398,234",0.0,0.0,0.0,0.0,0.0,0.0
None,"233,139","207,566",0.0,0.0,0.0,0.0,0.0,0.0
None,"566,108","73,282",0.0,0.0,0.0,0.0,0.0,0.0
Cc1cc2cccc(C)c2cc1N1C(=O)c2ccc(-c3cc4c5c(ccc6c7c(C8CCC9C(=O)N(C)C(=O)C9C8)cc8c9c(ccc(c3c56)c97)C(=O)OC8=O)C(=O)OC4=O)cc2C1=O,"424,24","149,365",44.02,30.77,86.3,347.78,4.85,0.2015
Cc1ccc2cccc3c2c1C(N1C(=O)c2ccc(S(=O)(=O)c4ccc5c(c4)C(=O)N(C)C5=O)cc2C1=O)=C3,"92,172,562","111,194,181",67.53,46.79,106.97,348.64,2.96,0.3738
None,559,883,0.0,0.0,0.0,0.0,0.0,0.0
None,"91,119,435","632,878,835",0.0,0.0,0.0,0.0,0.0,0.0
None,"485,414","132,62",0.0,0.0,0.0,0.0,0.0,0.0
None,453,13,0.0,0.0,0.0,0.0,0.0,0.0
None,524,888,0.0,0.0,0.0,0.0,0.0,0.0
None,110,318,0.0,0.0,0.0,0.0,0.0,0.0
None,472,348,0.0,0.0,0.0,0.0,0.0,0.0
None,280,474,0.0,0.0,0.0,0.0,0.0,0.0
None,"407,144","1003,977",0.0,0.0,0.0,0.0,0.0,0.0
None,"32,400","170,793",0.0,0.0,0.0,0.0,0.0,0.0
None,"295,533","60,431",0.0,0.0,0.0,0.0,0.0,0.0
None,"227,458,347","863,52,472",0.0,0.0,0.0,0.0,0.0,0.0
None,"41,470","239,807",0.0,0.0,0.0,0.0,0.0,0.0
None,206,129,0.0,0.0,0.0,0.0,0.0,0.0
None,468,319,0.0,0.0,0.0,0.0,0.0,0.0
None,128,794,0.0,0.0,0.0,0.0,0.0,0.0
None,141,501,0.0,0.0,0.0,0.0,0.0,0.0
Cc1cc(N2C(=O)c3ccc(-c4cc5c(=O)n(C)c(=O)c5c5c(C)cc6c(=O)oc(=O)c6c45)cc3C2=O)c2ccccc2c1C,"182,32,324","13,954,202",1.84,21.23,158.81,416.93,3.19,0.012
Cc1c(-c2ccc(N3C(=O)c4ccc(C(C5=CC=C6C(=O)N(C)C(=O)C6(C)C5)(C(F)(F)F)C(F)(F)F)cc4C3=O)cc2)ccc2ccccc12,316,580,75.78,52.83,112.95,333.51,3.97,0.3544
None,"194,408","171,317",0.0,0.0,0.0,0.0,0.0,0.0
None,234,900,0.0,0.0,0.0,0.0,0.0,0.0
None,"35,99","115,657",0.0,0.0,0.0,0.0,0.0,0.0
None,52,657,0.0,0.0,0.0,0.0,0.0,0.0
None,428,871,0.0,0.0,0.0,0.0,0.0,0.0
None,"115,201","961,713",0.0,0.0,0.0,0.0,0.0,0.0
None,"115,537","548,805",0.0,0.0,0.0,0.0,0.0,0.0
None,498,883,0.0,0.0,0.0,0.0,0.0,0.0
None,432,172,0.0,0.0,0.0,0.0,0.0,0.0
None,307,388,0.0,0.0,0.0,0.0,0.0,0.0
None,447,198,0.0,0.0,0.0,0.0,0.0,0.0
Cc1cc(C)c2ccc(-c3ccc(N4C(=O)C5=CC(C(=O)c6ccc7c(c6)C(=O)N(C)C7=O)=CCC5(C)C4=O)cc3)cc2c1,295,579,41.74,15.38,142.95,326.66,3.67,0.2472
None,354,543,0.0,0.0,0.0,0.0,0.0,0.0
None,441,414,0.0,0.0,0.0,0.0,0.0,0.0
None,"68,487","624,18",0.0,0.0,0.0,0.0,0.0,0.0
None,"176,445","807,479",0.0,0.0,0.0,0.0,0.0,0.0
None,"325,208","218,768",0.0,0.0,0.0,0.0,0.0,0.0
None,375,66,0.0,0.0,0.0,0.0,0.0,0.0
None,358,757,0.0,0.0,0.0,0.0,0.0,0.0
None,388,687,0.0,0.0,0.0,0.0,0.0,0.0
Cc1ccc2cc3c(cc2c1)C(C)(C)c1cc2cc(N4C(=O)c5cc6c(cc5C4=O)C4C=CC6C5C(=O)N(C)C(=O)C45)ccc2cc1O3,"282,21,217","428,508,511",81.49,27.13,94.72,397.07,5.15,0.3915
None,398,643,0.0,0.0,0.0,0.0,0.0,0.0
None,273,589,0.0,0.0,0.0,0.0,0.0,0.0
None,498,362,0.0,0.0,0.0,0.0,0.0,0.0
None,457,20,0.0,0.0,0.0,0.0,0.0,0.0
None,"207,289,137","905,336,143",0.0,0.0,0.0,0.0,0.0,0.0
Cc1ccc(N2C(=O)c3ccc(C4C=CC=C5C(=O)N(C)C(=O)C54)cc3C2=O)c2c1C=CCC2,522,161,68.92,49.72,124.35,352.13,4.03,0.3336
None,427,721,0.0,0.0,0.0,0.0,0.0,0.0
None,179,31,0.0,0.0,0.0,0.0,0.0,0.0
None,167,326,0.0,0.0,0.0,0.0,0.0,0.0
None,240,71,0.0,0.0,0.0,0.0,0.0,0.0
None,383,993,0.0,0.0,0.0,0.0,0.0,0.0
None,480,100,0.0,0.0,0.0,0.0,0.0,0.0
None,182,354,0.0,0.0,0.0,0.0,0.0,0.0
None,338,502,0.0,0.0,0.0,0.0,0.0,0.0
None,181,869,0.0,0.0,0.0,0.0,0.0,0.0
None,6,285,0.0,0.0,0.0,0.0,0.0,0.0
None,265,375,0.0,0.0,0.0,0.0,0.0,0.0
None,48,908,0.0,0.0,0.0,0.0,0.0,0.0
None,214,750,0.0,0.0,0.0,0.0,0.0,0.0
None,490,305,0.0,0.0,0.0,0.0,0.0,0.0
None,357,101,0.0,0.0,0.0,0.0,0.0,0.0
None,199,729,0.0,0.0,0.0,0.0,0.0,0.0
None,144,839,0.0,0.0,0.0,0.0,0.0,0.0
None,"364,424","803,16",0.0,0.0,0.0,0.0,0.0,0.0
None,"289,359","111,58",0.0,0.0,0.0,0.0,0.0,0.0
